ID,Age,Experience,Income,ZIP Code,Family,CCAvg,Education,Mortgage,Personal Loan,Securities Account,CD Account,Online,CreditCard,Customer Segment,Relationship Years,Branch,City,Customer Lifetime Value (CLV),Financial Health Score,Relationship Priority Score,Next Best Product
1,25,1,49,380066,4,1.6,1,0,0,1,0,0,0,Mass Affluent,2,Maninagar Branch,Ahmedabad,124800,64,33.5,Home Loan
2,45,19,34,560081,3,1.5,1,0,0,1,0,0,0,Mass,16,Indiranagar Branch,Bengaluru,146400,57,41.0,Life Insurance
3,39,15,11,226070,1,1.0,1,0,0,0,0,0,0,Mass,7,Gomti Nagar Branch,Lucknow,18600,40,15.0,Credit Card
4,35,9,100,411072,1,2.7,2,0,0,0,0,0,0,Mass Affluent,3,Kothrud Branch,Pune,242600,71,55.9,Credit Card
5,35,8,45,400037,4,1.0,2,0,0,0,0,0,1,Mass,8,Andheri East Branch,Mumbai,122800,53,33.9,Home Loan
6,37,13,29,440030,4,0.4,2,155,0,0,0,1,0,Mass,13,Wardha Road Branch,Nagpur,126000,40,31.7,Life Insurance
7,53,27,72,380055,2,1.5,2,0,0,0,0,1,0,Mass Affluent,5,Satellite Branch,Ahmedabad,164200,69,45.5,Credit Card
8,50,24,22,380026,1,0.3,3,0,0,0,0,0,1,Mass,25,Navrangpura Branch,Ahmedabad,114200,57,41.1,Fixed Deposit
9,35,10,81,400027,3,0.6,2,104,0,0,0,1,0,Mass Affluent,4,Fort Branch,Mumbai,232300,69,51.4,Credit Card
10,34,9,180,500092,1,8.9,3,0,1,0,0,0,0,HNI,6,Banjara Hills Branch,Hyderabad,924700,65,74.6,Home Loan
11,65,39,105,560016,4,2.4,3,0,0,0,0,0,0,Affluent,10,Indiranagar Branch,Bengaluru,342500,80,69.6,Fixed Deposit
12,29,5,45,452092,3,0.1,2,0,0,0,0,1,0,Mass,5,Vijay Nagar Branch,Indore,75400,65,30.2,Credit Card
13,48,23,114,411069,2,3.8,3,0,0,1,0,0,0,Affluent,18,Kothrud Branch,Pune,638700,82,80.9,Fixed Deposit
14,59,32,40,302022,4,2.5,2,0,0,0,0,1,0,Mass,13,Malviya Nagar Branch,Jaipur,95800,47,32.0,Life Insurance
15,67,41,112,560043,1,2.0,1,0,0,1,0,0,0,Affluent,22,Indiranagar Branch,Bengaluru,603200,90,84.5,Fixed Deposit
16,60,30,22,110032,1,1.5,3,0,0,0,0,1,1,Mass,22,Dwarka Branch,Delhi,126900,48,38.5,Life Insurance
17,38,14,130,600061,4,4.7,3,134,1,0,0,0,0,Affluent,10,T Nagar Branch,Chennai,670400,65,70.4,Fixed Deposit
18,42,18,81,400038,4,2.4,1,0,0,0,0,0,0,Mass Affluent,9,Bandra West Branch,Mumbai,216000,71,55.3,Credit Card
19,46,21,193,302094,2,8.1,3,0,1,0,0,0,0,HNI,13,C Scheme Branch,Jaipur,1264500,74,82.7,Home Loan
20,55,28,21,411042,1,0.5,2,0,0,1,0,0,1,Mass,12,Kothrud Branch,Pune,144900,63,38.1,Life Insurance
21,56,31,25,380084,4,0.9,2,111,0,0,0,1,0,Mass,10,Maninagar Branch,Ahmedabad,113200,43,28.9,Life Insurance
22,57,27,63,560059,3,2.0,3,0,0,0,0,1,0,Mass Affluent,8,Koramangala Branch,Bengaluru,170100,71,47.6,Credit Card
23,29,5,62,440038,1,1.2,1,260,0,0,0,1,0,Mass Affluent,3,Dharampeth Branch,Nagpur,167100,51,37.5,Credit Card
24,44,18,43,160090,2,0.7,1,163,0,1,0,0,0,Mass,7,Sector 17 Branch,Chandigarh,198100,65,44.2,Life Insurance
25,36,11,152,380055,2,3.9,1,159,0,0,0,0,1,Affluent,8,Satellite Branch,Ahmedabad,755500,80,74.5,Fixed Deposit
26,43,19,29,110074,3,0.5,1,97,0,0,0,1,0,Mass,13,Karol Bagh Branch,Delhi,149800,55,38.5,Life Insurance
27,40,16,83,500048,4,0.2,3,0,0,0,0,0,0,Mass Affluent,8,Hitech City Branch,Hyderabad,167200,69,49.2,Credit Card
28,46,20,158,400010,1,2.4,1,0,0,0,0,1,1,Affluent,6,Andheri East Branch,Mumbai,585200,83,74.3,Home Loan
29,56,30,48,400017,1,2.2,3,0,0,0,0,1,1,Mass,13,Fort Branch,Mumbai,202600,58,47.9,Life Insurance
30,38,13,119,411071,1,3.3,2,0,1,0,1,1,1,Affluent,16,Hinjewadi Branch,Pune,744400,69,73.1,Mutual Funds
31,59,35,35,700042,1,1.2,3,122,0,0,0,1,0,Mass,9,Salt Lake Branch,Kolkata,154400,56,37.7,Life Insurance
32,40,16,29,440010,1,2.0,2,0,0,0,0,1,0,Mass,12,Wardha Road Branch,Nagpur,59200,49,25.8,Credit Card
33,53,28,41,560090,2,0.6,3,193,0,0,0,0,0,Mass,14,Koramangala Branch,Bengaluru,172000,61,45.0,Life Insurance
34,30,6,18,560019,3,0.9,3,0,0,0,0,0,0,Mass,6,Indiranagar Branch,Bengaluru,29800,38,15.2,Gold Loan
35,31,5,50,500043,4,1.8,3,0,0,0,0,1,0,Mass,1,Secunderabad Branch,Hyderabad,88000,56,27.7,Credit Card
36,48,24,81,110093,3,0.7,1,0,0,0,0,0,0,Mass Affluent,10,Dwarka Branch,Delhi,186900,74,53.8,Credit Card
37,59,35,121,400088,1,2.9,1,0,0,0,0,0,1,Affluent,18,Bandra West Branch,Mumbai,633700,85,81.8,Fixed Deposit
38,51,25,71,500040,1,1.4,3,198,0,0,0,0,0,Mass Affluent,6,Hitech City Branch,Hyderabad,237300,72,52.8,Credit Card
39,42,18,141,110058,3,5.0,3,0,1,1,1,1,0,HNI,10,Connaught Place Branch,Delhi,921600,83,75.1,Credit Card
40,38,13,80,411054,4,0.7,3,285,0,0,0,1,0,Mass Affluent,3,Viman Nagar Branch,Pune,229500,70,50.7,Credit Card
41,57,32,84,560018,3,1.6,3,0,0,1,0,0,0,Mass Affluent,5,Indiranagar Branch,Bengaluru,252700,81,57.2,Credit Card
42,34,9,60,302074,3,2.3,1,0,0,0,0,0,0,Mass Affluent,7,Malviya Nagar Branch,Jaipur,127100,61,38.6,Home Loan
43,32,7,132,700039,4,1.1,2,412,1,0,0,1,0,Affluent,7,Park Street Branch,Kolkata,471100,68,65.3,Fixed Deposit
44,39,15,45,560054,1,0.7,1,0,0,0,0,1,0,Mass,7,Whitefield Branch,Bengaluru,80400,66,32.3,Credit Card
45,46,20,104,302086,1,5.7,1,0,0,0,0,1,1,Affluent,13,C Scheme Branch,Jaipur,583700,69,73.1,Fixed Deposit
46,57,31,52,380034,4,2.5,1,0,0,0,0,0,1,Mass,22,Navrangpura Branch,Ahmedabad,254600,58,58.5,Life Insurance
47,39,14,43,560063,3,0.7,2,153,0,0,0,1,0,Mass,9,Indiranagar Branch,Bengaluru,165700,55,39.9,Credit Card
48,37,12,194,110085,4,0.2,3,211,1,1,1,1,1,HNI,7,Dwarka Branch,Delhi,857500,92,69.7,Life Insurance
49,56,26,81,411002,2,4.5,3,0,0,0,0,0,1,Mass Affluent,6,Kothrud Branch,Pune,315800,68,58.7,Life Insurance
50,40,16,49,400019,1,1.8,1,0,0,0,0,0,1,Mass,9,Fort Branch,Mumbai,166500,65,43.2,Personal Loan
51,32,8,8,110026,4,0.7,2,0,0,1,0,1,0,Mass,1,Karol Bagh Branch,Delhi,39000,34,11.3,Credit Card
52,61,37,131,400026,1,2.9,1,0,0,0,0,1,0,Affluent,10,Fort Branch,Mumbai,504300,85,77.4,Fixed Deposit
53,30,6,72,380002,1,0.1,1,207,0,0,0,0,0,Mass Affluent,3,Navrangpura Branch,Ahmedabad,174000,62,42.2,Credit Card
54,50,26,190,411019,3,2.1,3,240,1,0,0,1,0,HNI,5,Kothrud Branch,Pune,725500,78,72.5,Fixed Deposit
55,29,5,44,700081,1,0.2,3,0,0,0,0,1,0,Mass,4,Howrah Branch,Kolkata,66900,64,28.1,Credit Card
56,41,17,139,380020,2,8.0,1,0,0,0,0,1,0,Affluent,10,Maninagar Branch,Ahmedabad,805400,85,82.4,Fixed Deposit
57,55,30,29,500089,3,0.1,2,0,0,1,1,1,0,Mass,5,Secunderabad Branch,Hyderabad,144900,77,38.1,Life Insurance
58,56,31,131,600058,2,1.2,3,0,1,0,0,0,0,Affluent,10,T Nagar Branch,Chennai,416000,76,70.3,Fixed Deposit
59,28,2,93,400008,2,0.2,1,0,0,0,0,0,0,Mass Affluent,3,Andheri East Branch,Mumbai,163400,76,48.5,Credit Card
60,31,5,188,400030,2,4.5,1,455,0,0,0,0,0,HNI,3,Fort Branch,Mumbai,737200,77,74.1,Fixed Deposit
61,49,24,39,411036,3,1.7,2,0,0,1,0,1,0,Mass,18,Kothrud Branch,Pune,189500,62,49.4,Life Insurance
62,47,21,125,500087,1,5.7,1,112,0,1,0,0,0,Affluent,19,Secunderabad Branch,Hyderabad,1051000,84,83.8,Fixed Deposit
63,42,18,22,600034,1,1.0,1,0,0,0,0,0,0,Mass,9,T Nagar Branch,Chennai,28000,44,19.0,Credit Card
64,42,17,32,380038,4,0.0,2,0,0,0,0,1,0,Mass,11,Satellite Branch,Ahmedabad,62100,56,27.7,Life Insurance
65,47,23,105,411025,2,3.3,1,0,0,0,0,0,0,Affluent,11,Kothrud Branch,Pune,367500,77,70.5,Fixed Deposit
66,59,35,131,600041,1,3.8,1,0,0,0,0,1,1,Affluent,10,T Nagar Branch,Chennai,646500,89,78.6,Fixed Deposit
67,62,36,105,600064,2,2.8,1,336,0,0,0,0,0,Affluent,5,T Nagar Branch,Chennai,380900,77,65.2,Fixed Deposit
68,53,23,45,560067,4,2.0,3,132,0,1,0,0,0,Mass Affluent,3,Koramangala Branch,Bengaluru,198300,58,40.4,Life Insurance
69,47,21,60,400026,3,2.1,1,0,0,0,0,1,1,Mass,19,Bandra West Branch,Mumbai,286500,63,61.3,Life Insurance
70,53,29,20,560019,4,0.2,1,0,0,0,0,1,0,Mass,12,Koramangala Branch,Bengaluru,30400,52,22.7,Life Insurance
71,42,18,115,110068,1,3.5,1,0,0,0,0,0,1,Affluent,18,Connaught Place Branch,Delhi,599700,77,79.0,Fixed Deposit
72,53,29,69,560056,4,1.0,2,0,0,0,0,1,0,Mass Affluent,10,Whitefield Branch,Bengaluru,174900,66,48.8,Credit Card
73,44,20,130,226015,1,5.0,1,0,0,0,0,0,1,Affluent,5,Hazratganj Branch,Lucknow,531300,78,70.6,Fixed Deposit
74,41,16,85,110074,1,4.0,3,0,0,0,0,1,1,Mass Affluent,10,Karol Bagh Branch,Delhi,379800,68,64.8,Personal Loan
75,28,3,135,400044,2,3.3,1,0,0,0,0,0,1,Affluent,2,Fort Branch,Mumbai,418200,76,65.7,Fixed Deposit
76,31,7,135,110018,4,3.8,2,0,1,0,1,1,1,Affluent,7,Karol Bagh Branch,Delhi,679200,76,69.0,Mutual Funds
77,58,32,12,110031,3,0.3,3,0,0,0,0,0,0,Mass,16,Connaught Place Branch,Delhi,23600,48,22.8,Life Insurance
78,46,20,29,411088,3,0.5,2,0,0,0,0,0,0,Mass,4,Hinjewadi Branch,Pune,35300,53,19.8,Gold Loan
79,54,30,133,600013,2,2.6,3,0,1,0,0,0,0,Affluent,5,OMR Branch,Chennai,411300,75,66.9,Fixed Deposit
80,50,26,19,380096,2,0.4,1,118,0,0,0,1,0,Mass,10,Satellite Branch,Ahmedabad,108500,46,28.3,Credit Card
81,60,36,41,411036,4,1.3,1,174,0,0,0,1,1,Mass,11,Kothrud Branch,Pune,253500,61,50.4,Life Insurance
82,47,22,40,560091,3,2.7,2,0,0,0,0,1,0,Mass,4,Koramangala Branch,Bengaluru,79200,50,25.2,Credit Card
83,41,16,82,302029,1,4.0,3,0,0,0,0,1,0,Mass Affluent,19,Malviya Nagar Branch,Jaipur,358900,64,69.8,Credit Card
84,33,9,50,110024,1,2.4,2,0,0,0,0,0,0,Mass,2,Connaught Place Branch,Delhi,90500,54,28.1,Credit Card
85,46,22,18,400076,1,0.9,3,0,0,0,0,1,0,Mass,11,Andheri East Branch,Mumbai,35800,45,20.5,Credit Card
86,27,2,109,400011,4,1.8,3,0,0,0,0,0,0,Affluent,2,Andheri East Branch,Mumbai,235900,71,55.2,Fixed Deposit
87,40,16,42,700013,4,2.2,2,126,0,0,0,0,0,Mass,3,Park Street Branch,Kolkata,135400,48,30.7,Life Insurance
88,48,22,78,500092,3,1.1,1,0,0,0,0,1,0,Mass Affluent,3,Hitech City Branch,Hyderabad,155300,69,43.7,Credit Card
89,65,41,51,110069,2,1.1,1,0,0,0,0,1,0,Mass,23,Karol Bagh Branch,Delhi,168500,67,53.8,Life Insurance
90,25,-1,113,500050,4,2.3,3,0,0,0,0,0,1,Affluent,1,Banjara Hills Branch,Hyderabad,299700,76,58.6,Fixed Deposit
91,55,30,118,400044,4,5.6,2,0,1,0,0,1,0,Affluent,7,Andheri East Branch,Mumbai,505800,64,67.2,Fixed Deposit
92,35,10,29,411050,4,1.1,3,0,0,0,0,1,0,Mass,5,Kothrud Branch,Pune,41000,47,19.4,Credit Card
93,43,19,34,560050,3,0.6,2,0,0,0,0,0,0,Mass,16,Indiranagar Branch,Bengaluru,69100,50,30.3,Life Insurance
94,60,34,64,560033,2,1.7,3,236,0,1,0,1,0,Mass Affluent,8,Whitefield Branch,Bengaluru,317900,73,58.2,Credit Card
95,65,39,121,560042,1,2.0,1,0,0,0,0,0,0,Affluent,13,Koramangala Branch,Bengaluru,418700,83,76.0,Fixed Deposit
96,38,12,48,411029,4,0.2,3,0,0,0,0,1,0,Mass,11,Viman Nagar Branch,Pune,99800,61,36.2,Life Insurance
97,41,15,80,560030,1,5.2,1,0,0,0,0,0,0,Mass Affluent,10,Koramangala Branch,Bengaluru,277300,61,58.4,Credit Card
98,54,28,161,400058,1,2.9,1,0,0,0,0,1,0,Affluent,12,Fort Branch,Mumbai,718300,93,85.6,Home Loan
99,49,23,94,400009,1,0.3,1,0,0,0,0,1,0,Mass Affluent,21,Bandra West Branch,Mumbai,323700,76,73.7,Credit Card
100,66,41,15,440046,3,0.1,3,0,0,0,0,1,0,Mass,4,Wardha Road Branch,Nagpur,28200,59,19.0,Life Insurance
101,48,23,74,682077,1,1.2,1,0,0,0,0,1,0,Mass Affluent,7,Kakkanad Branch,Kochi,180800,76,50.9,Credit Card
102,61,36,30,700025,3,1.3,2,0,0,0,0,0,0,Mass,26,Park Street Branch,Kolkata,84000,54,37.9,Life Insurance
103,53,23,44,110077,3,1.0,3,198,0,0,0,1,1,Mass,19,Dwarka Branch,Delhi,293800,55,57.2,Life Insurance
104,43,18,22,440044,2,0.3,2,0,0,0,0,1,0,Mass,8,Wardha Road Branch,Nagpur,36500,59,22.9,Credit Card
105,56,32,38,380038,4,1.3,1,166,0,0,0,1,1,Mass,14,Satellite Branch,Ahmedabad,248500,57,50.4,Life Insurance
106,24,0,35,700094,3,0.1,2,0,0,1,0,1,0,Mass,2,Salt Lake Branch,Kolkata,81400,61,25.7,Credit Card
107,43,17,69,500015,4,2.9,1,0,0,0,0,1,1,Mass Affluent,17,Hitech City Branch,Hyderabad,331400,63,63.8,Life Insurance
108,42,18,43,110043,1,0.7,1,136,0,0,0,0,0,Mass,11,Karol Bagh Branch,Delhi,154500,57,40.3,Credit Card
109,33,7,32,400032,1,0.6,3,166,0,0,0,1,0,Mass,5,Fort Branch,Mumbai,109100,46,26.9,Credit Card
110,43,17,49,160075,1,2.8,1,0,0,0,0,1,0,Mass,5,Sector 17 Branch,Chandigarh,106900,58,32.9,Credit Card
111,41,14,9,500067,3,1.0,2,0,0,0,0,0,0,Mass,15,Banjara Hills Branch,Hyderabad,12000,35,18.0,Gold Loan
112,62,38,45,110018,4,1.3,2,0,0,0,0,1,0,Mass,17,Connaught Place Branch,Delhi,125200,57,41.6,Life Insurance
113,40,15,82,560094,3,1.0,1,309,0,0,0,0,0,Mass Affluent,16,Koramangala Branch,Bengaluru,329100,69,66.0,Credit Card
114,58,34,92,600051,2,2.8,1,103,0,0,0,0,0,Mass Affluent,6,OMR Branch,Chennai,356700,77,64.1,Credit Card
115,39,14,39,110005,3,0.5,3,0,0,0,0,1,0,Mass,9,Connaught Place Branch,Delhi,70200,55,28.1,Credit Card
116,65,40,81,226053,3,1.8,2,0,0,0,0,1,0,Mass Affluent,21,Aliganj Branch,Lucknow,316000,74,71.2,Credit Card
117,54,29,35,380029,1,1.5,2,0,0,0,0,1,0,Mass,22,Satellite Branch,Ahmedabad,106900,59,41.1,Life Insurance
118,58,33,61,700077,2,2.3,3,193,0,0,0,1,0,Mass Affluent,19,Howrah Branch,Kolkata,355800,68,66.5,Credit Card
119,41,16,73,560061,3,3.0,1,0,0,0,0,1,0,Mass Affluent,9,Koramangala Branch,Bengaluru,213800,66,52.9,Credit Card
120,32,7,112,411079,1,4.6,1,366,0,0,0,0,0,Affluent,9,Viman Nagar Branch,Pune,529500,71,70.4,Fixed Deposit
121,54,29,12,600072,2,0.2,3,0,0,0,0,1,0,Mass,17,Anna Nagar Branch,Chennai,13900,50,23.3,Life Insurance
122,52,26,38,411011,3,0.9,3,0,0,0,0,1,0,Mass,22,Kothrud Branch,Pune,107000,56,40.6,Life Insurance
123,58,32,73,400052,2,0.7,2,0,0,0,0,1,1,Mass Affluent,23,Andheri East Branch,Mumbai,335000,77,71.5,Life Insurance
124,37,13,84,560073,1,3.6,2,0,0,1,0,0,0,Affluent,9,Koramangala Branch,Bengaluru,342800,73,63.7,Credit Card
125,39,15,78,400006,4,2.4,1,118,0,0,0,1,0,Mass Affluent,13,Fort Branch,Mumbai,366600,65,64.2,Credit Card
126,60,35,80,500087,3,0.5,1,0,0,0,0,1,0,Mass Affluent,16,Banjara Hills Branch,Hyderabad,251900,79,64.4,Credit Card
127,31,5,115,560002,2,1.3,1,101,0,0,0,1,1,Affluent,7,Indiranagar Branch,Bengaluru,469700,76,66.8,Fixed Deposit
128,34,8,82,400059,1,2.7,2,251,0,0,0,1,0,Mass Affluent,2,Bandra West Branch,Mumbai,274500,66,53.1,Credit Card
129,38,14,74,400021,2,0.0,1,0,0,1,0,1,0,Mass Affluent,15,Andheri East Branch,Mumbai,268700,81,63.4,Credit Card
130,41,16,70,600070,3,0.5,3,0,0,0,0,0,1,Mass Affluent,4,T Nagar Branch,Chennai,171500,68,43.8,Life Insurance
131,28,4,81,110040,3,1.5,1,276,0,0,0,1,0,Mass Affluent,3,Karol Bagh Branch,Delhi,232200,61,48.8,Credit Card
132,58,34,149,452039,4,7.2,2,0,1,0,1,1,1,HNI,27,MG Road Branch,Indore,1669600,78,84.8,Mutual Funds
133,31,1,51,600026,2,1.75,3,0,0,0,0,0,0,Mass,3,Anna Nagar Branch,Chennai,97100,60,31.2,Credit Card
134,30,4,39,560091,3,1.1,2,0,0,0,0,1,0,Mass,7,Koramangala Branch,Bengaluru,74900,54,27.2,Gold Loan
135,53,29,98,600089,3,1.8,2,0,0,0,0,0,0,Mass Affluent,12,T Nagar Branch,Chennai,292400,78,66.9,Credit Card
136,58,33,45,400047,4,2.1,1,0,0,0,0,1,1,Mass,10,Fort Branch,Mumbai,162300,56,40.8,Life Insurance
137,59,32,49,641072,4,2.5,2,0,0,0,0,1,0,Mass,16,Peelamedu Branch,Coimbatore,149200,56,44.2,Life Insurance
138,49,25,128,500047,2,0.4,1,0,0,0,0,0,0,Affluent,14,Banjara Hills Branch,Hyderabad,373800,84,75.4,Fixed Deposit
139,59,34,42,380090,3,1.5,1,0,0,1,1,0,1,Mass Affluent,14,Navrangpura Branch,Ahmedabad,310900,76,59.5,Life Insurance
140,59,35,18,400023,1,1.2,3,0,0,0,0,1,0,Mass,13,Fort Branch,Mumbai,42800,52,24.1,Life Insurance
141,51,25,31,500091,2,0.4,3,161,0,0,0,1,1,Mass,20,Secunderabad Branch,Hyderabad,256700,59,54.6,Life Insurance
142,35,11,58,500038,3,2.0,1,149,0,0,0,1,1,Mass Affluent,7,Banjara Hills Branch,Hyderabad,267100,54,48.7,Life Insurance
143,33,9,48,452029,1,2.1,3,0,0,0,0,0,1,Mass,4,MG Road Branch,Indore,135700,59,34.7,Mutual Funds
144,25,1,54,600073,4,1.6,1,0,0,0,0,1,1,Mass,3,T Nagar Branch,Chennai,148200,57,36.0,Auto Loan
145,49,23,70,500068,2,1.5,2,0,0,0,0,0,0,Mass Affluent,24,Secunderabad Branch,Hyderabad,245000,69,65.0,Credit Card
146,59,35,124,110037,1,7.4,1,0,0,0,0,0,1,Affluent,23,Connaught Place Branch,Delhi,980700,74,85.8,Fixed Deposit
147,46,19,84,560076,1,2.67,2,0,0,0,0,1,1,Mass Affluent,9,Whitefield Branch,Bengaluru,321800,74,62.9,Mutual Funds
148,50,25,83,500084,4,3.6,3,188,0,0,0,1,0,Mass Affluent,18,Banjara Hills Branch,Hyderabad,519000,73,74.5,Credit Card
149,52,28,163,560013,2,0.4,1,116,0,0,0,1,0,Affluent,13,Whitefield Branch,Bengaluru,662400,89,81.6,Fixed Deposit
150,48,22,42,400017,3,2.2,2,0,0,0,0,0,0,Mass,4,Andheri East Branch,Mumbai,73000,51,25.2,Gold Loan
151,46,22,118,302004,2,7.5,1,0,0,0,1,1,1,Affluent,6,Malviya Nagar Branch,Jaipur,745900,80,72.3,Home Loan
152,26,0,132,160062,3,6.5,3,0,1,0,0,0,1,Affluent,1,Sector 35 Branch,Chandigarh,497700,56,59.3,Fixed Deposit
153,57,32,24,400032,1,1.3,1,0,0,0,0,1,1,Mass,15,Fort Branch,Mumbai,119700,52,34.8,Life Insurance
154,60,36,22,600009,2,1.0,1,0,0,1,1,1,1,Mass,24,T Nagar Branch,Chennai,318900,70,63.2,Life Insurance
155,54,29,58,400020,4,1.3,3,0,0,0,0,0,0,Mass,9,Bandra West Branch,Mumbai,126100,63,39.8,Life Insurance
156,24,0,60,411059,4,1.6,1,0,0,0,0,1,0,Mass,2,Viman Nagar Branch,Pune,100800,48,29.3,Credit Card
157,26,0,15,110021,4,0.4,1,0,0,0,0,0,1,Mass,1,Connaught Place Branch,Delhi,41800,41,13.8,Gold Loan
158,41,17,83,411072,4,2.67,1,0,0,0,0,1,1,Mass Affluent,15,Viman Nagar Branch,Pune,370300,68,67.1,Life Insurance
159,32,6,79,700017,2,1.5,3,0,0,0,0,1,1,Mass Affluent,5,Salt Lake Branch,Kolkata,233800,66,51.1,Home Loan
160,61,35,41,380018,4,1.7,2,0,0,1,0,1,0,Mass,10,Navrangpura Branch,Ahmedabad,155200,62,40.6,Life Insurance
161,29,0,134,400022,4,6.5,3,0,1,0,0,0,0,Affluent,4,Andheri East Branch,Mumbai,514500,61,65.6,Fixed Deposit
162,61,35,80,682052,2,2.8,1,0,0,0,0,1,0,Mass Affluent,17,MG Road Kochi Branch,Kochi,308900,72,67.6,Credit Card
163,38,12,52,110030,1,2.0,1,0,0,0,0,0,0,Mass,9,Dwarka Branch,Delhi,114200,63,37.8,Credit Card
164,28,4,70,400064,4,2.6,1,0,0,0,0,1,0,Mass Affluent,2,Fort Branch,Mumbai,150700,63,40.3,Credit Card
165,53,27,92,600085,2,1.1,1,0,0,1,0,0,0,Mass Affluent,16,OMR Branch,Chennai,376700,87,73.5,Credit Card
166,27,1,43,560049,1,1.5,1,0,0,0,0,1,0,Mass,2,Koramangala Branch,Bengaluru,67300,53,24.0,Credit Card
167,25,1,21,302040,3,1.0,2,0,0,0,0,0,0,Mass,1,Malviya Nagar Branch,Jaipur,26800,41,13.2,Gold Loan
168,33,9,23,302039,3,0.9,3,0,0,0,0,1,1,Mass,6,Vaishali Nagar Branch,Jaipur,74200,44,21.5,Gold Loan
169,50,26,13,560041,4,1.0,1,0,0,0,0,1,0,Mass,15,Whitefield Branch,Bengaluru,14600,32,17.7,Credit Card
170,27,1,112,641081,4,2.1,3,0,0,0,0,0,1,Affluent,1,Peelamedu Branch,Coimbatore,301200,79,59.4,Fixed Deposit
171,27,1,138,110017,2,2.0,1,0,0,0,0,1,0,Affluent,3,Connaught Place Branch,Delhi,370400,80,68.2,Fixed Deposit
172,52,28,11,500060,3,0.4,1,0,0,1,0,0,0,Mass,4,Banjara Hills Branch,Hyderabad,51500,53,19.2,Life Insurance
173,38,13,171,110091,2,7.8,1,0,0,0,0,1,0,HNI,13,Karol Bagh Branch,Delhi,1025900,72,83.8,Home Loan
174,58,34,42,452069,4,1.5,1,0,0,0,0,1,1,Mass,7,Vijay Nagar Branch,Indore,132500,57,34.9,Life Insurance
175,42,17,168,110023,2,7.9,2,0,1,0,0,1,0,HNI,9,Karol Bagh Branch,Delhi,935900,66,76.4,Home Loan
176,45,20,85,400063,4,1.1,2,0,0,1,0,1,0,Mass Affluent,11,Andheri East Branch,Mumbai,322200,82,66.3,Credit Card
177,52,25,44,560092,3,1.0,2,135,0,0,0,1,0,Mass,25,Indiranagar Branch,Bengaluru,257700,51,58.1,Life Insurance
178,29,3,65,395098,4,1.8,2,244,0,0,0,0,0,Mass Affluent,1,Adajan Branch,Surat,168600,55,38.0,Credit Card
179,53,29,24,160082,4,0.2,1,0,0,0,0,1,1,Mass,27,Sector 35 Branch,Chandigarh,129300,52,41.9,Life Insurance
180,62,37,11,700052,1,0.1,1,0,0,0,0,1,0,Mass,22,Park Street Branch,Kolkata,29100,58,29.3,Life Insurance
181,51,27,38,160087,2,1.0,3,164,0,0,0,1,0,Mass,15,Sector 35 Branch,Chandigarh,181400,53,44.3,Life Insurance
182,36,12,10,160097,4,0.7,2,81,0,0,0,0,0,Mass,8,Sector 17 Branch,Chandigarh,67300,28,16.8,Life Insurance
183,24,0,135,500006,1,1.5,1,0,0,0,0,1,0,Affluent,1,Secunderabad Branch,Hyderabad,318200,83,65.2,Fixed Deposit
184,29,3,148,560046,3,4.1,1,0,1,0,0,1,0,Affluent,2,Koramangala Branch,Bengaluru,471200,64,64.4,Fixed Deposit
185,52,26,63,380099,2,1.5,2,0,0,1,0,1,0,Mass Affluent,17,Maninagar Branch,Ahmedabad,281600,74,62.9,Credit Card
186,39,14,115,411030,1,1.0,3,0,0,0,0,1,0,Affluent,10,Viman Nagar Branch,Pune,327600,75,68.2,Fixed Deposit
187,48,23,45,560021,1,0.3,1,0,0,0,0,1,1,Mass,18,Whitefield Branch,Bengaluru,178500,65,50.0,Home Loan
188,46,21,159,400033,3,1.9,3,315,1,0,0,1,0,Affluent,21,Andheri East Branch,Mumbai,893100,68,80.8,Fixed Deposit
189,64,40,169,700093,2,2.1,1,122,0,0,0,1,0,Affluent,7,Howrah Branch,Kolkata,708600,93,79.8,Fixed Deposit
190,55,29,112,110004,2,1.4,1,0,0,0,0,1,0,Affluent,20,Karol Bagh Branch,Delhi,462000,82,80.6,Fixed Deposit
191,60,36,93,452092,1,4.3,1,0,0,0,0,1,0,Affluent,18,MG Road Branch,Indore,454900,79,77.5,Credit Card
192,51,25,29,110091,1,0.3,3,140,0,0,0,0,0,Mass,5,Dwarka Branch,Delhi,100700,58,28.5,Life Insurance
193,50,23,85,400029,1,2.67,2,0,0,0,0,1,0,Mass Affluent,7,Fort Branch,Mumbai,248200,72,58.1,Credit Card
194,48,24,21,302062,4,0.6,1,0,0,0,0,1,1,Mass,2,C Scheme Branch,Jaipur,64100,46,18.2,Gold Loan
195,53,29,144,400043,2,6.8,1,0,0,0,0,1,0,Affluent,6,Andheri East Branch,Mumbai,669800,84,78.5,Fixed Deposit
196,34,10,13,110049,4,1.0,1,95,0,1,0,1,0,Mass,5,Karol Bagh Branch,Delhi,114900,35,22.8,Credit Card
197,48,24,165,600052,1,5.0,1,0,0,0,0,0,1,HNI,4,T Nagar Branch,Chennai,683000,85,75.6,Home Loan
198,55,31,9,160080,4,0.7,1,89,0,0,0,1,0,Mass,23,Sector 35 Branch,Chandigarh,115400,34,33.2,Life Insurance
199,27,3,59,110033,4,0.0,1,90,0,1,0,1,0,Mass Affluent,0,Dwarka Branch,Delhi,190700,72,42.2,Credit Card
200,36,11,158,560070,1,5.1,3,0,1,0,1,1,1,HNI,6,Indiranagar Branch,Bengaluru,854900,78,71.2,Home Loan
201,32,6,29,380029,1,1.9,3,0,0,0,0,1,1,Mass,2,Maninagar Branch,Ahmedabad,83900,49,22.2,Personal Loan
202,35,9,20,440098,2,1.4,3,0,0,0,0,1,1,Mass,5,Wardha Road Branch,Nagpur,70700,40,19.0,Home Loan
203,30,3,68,500011,4,2.0,2,0,0,0,0,1,0,Mass Affluent,4,Banjara Hills Branch,Hyderabad,147300,62,40.5,Credit Card
204,58,34,65,400015,4,2.2,1,0,0,0,0,1,0,Mass Affluent,15,Bandra West Branch,Mumbai,213700,67,56.0,Credit Card
205,56,31,61,400019,2,1.9,2,105,0,0,0,0,0,Mass Affluent,18,Andheri East Branch,Mumbai,310000,68,63.6,Credit Card
206,38,12,91,110031,4,1.4,2,100,0,0,0,0,1,Mass Affluent,14,Karol Bagh Branch,Delhi,427000,70,67.6,Life Insurance
207,49,25,31,400079,1,1.0,1,0,0,1,0,1,0,Mass,3,Andheri East Branch,Mumbai,88200,60,26.4,Credit Card
208,34,10,71,411003,4,0.1,2,0,0,0,0,0,0,Mass,8,Viman Nagar Branch,Pune,132400,70,43.4,Credit Card
209,40,16,73,400057,4,2.67,1,0,0,0,0,1,1,Mass Affluent,15,Fort Branch,Mumbai,315600,61,61.6,Life Insurance
210,64,39,172,500016,4,3.1,1,282,1,0,1,1,1,HNI,9,Banjara Hills Branch,Hyderabad,1003400,81,72.1,Mutual Funds
211,51,26,20,411083,2,0.0,1,0,0,0,0,0,0,Mass,10,Kothrud Branch,Pune,31800,61,23.8,Life Insurance
212,44,18,55,600090,1,0.2,1,0,0,0,0,0,0,Mass,8,Anna Nagar Branch,Chennai,103700,72,38.7,Credit Card
213,46,22,69,110084,2,1.7,1,209,0,0,0,0,0,Mass Affluent,11,Dwarka Branch,Delhi,263600,64,55.9,Credit Card
214,57,33,155,380089,1,7.4,1,0,0,0,0,1,0,HNI,7,Navrangpura Branch,Ahmedabad,736300,73,77.5,Home Loan
215,54,28,94,700083,1,1.9,2,0,0,0,0,0,0,Mass Affluent,15,Park Street Branch,Kolkata,317500,81,70.9,Credit Card
216,38,14,92,700063,2,0.0,1,249,0,0,0,1,1,Mass Affluent,7,Park Street Branch,Kolkata,330300,77,61.4,Life Insurance
217,27,3,125,400063,2,0.6,1,0,0,0,0,0,0,Affluent,4,Fort Branch,Mumbai,265000,81,62.2,Fixed Deposit
218,39,14,74,400091,3,3.0,1,0,0,0,0,0,0,Mass Affluent,8,Andheri East Branch,Mumbai,202700,66,51.3,Credit Card
219,44,20,72,452009,3,0.3,3,0,0,0,0,1,0,Mass Affluent,19,Vijay Nagar Branch,Indore,221500,71,60.9,Credit Card
220,56,30,61,560001,1,2.2,3,0,0,0,0,1,1,Mass Affluent,9,Koramangala Branch,Bengaluru,221000,66,50.9,Life Insurance
221,32,6,25,110013,2,0.3,1,0,0,0,0,0,1,Mass,9,Dwarka Branch,Delhi,81000,48,25.4,Gold Loan
222,45,19,83,500024,2,1.7,2,0,0,0,0,1,0,Mass Affluent,4,Hitech City Branch,Hyderabad,195100,71,50.6,Credit Card
223,26,2,104,411015,3,2.5,1,0,0,0,0,0,0,Affluent,2,Viman Nagar Branch,Pune,239200,73,55.8,Fixed Deposit
224,55,25,41,641024,3,1.0,3,0,0,0,0,1,0,Mass,16,RS Puram Branch,Coimbatore,110100,60,39.2,Life Insurance
225,52,27,58,110022,4,1.8,3,91,0,0,0,0,0,Mass,8,Karol Bagh Branch,Delhi,213400,63,48.3,Life Insurance
226,39,13,93,452086,1,1.5,3,0,0,0,0,0,1,Mass Affluent,10,Palasia Branch,Indore,306100,72,62.6,Mutual Funds
227,24,-1,39,400089,2,1.7,2,0,0,0,0,0,0,Mass,1,Bandra West Branch,Mumbai,53200,44,18.9,Credit Card
228,47,23,148,600009,2,7.5,1,0,0,0,1,1,1,HNI,5,Anna Nagar Branch,Chennai,906400,85,75.3,Mutual Funds
229,47,22,53,411094,4,1.9,3,98,0,1,1,0,1,Mass Affluent,12,Kothrud Branch,Pune,436700,70,61.5,Life Insurance
230,48,24,71,400049,2,1.7,1,145,0,0,0,0,1,Mass Affluent,4,Fort Branch,Mumbai,268600,68,51.5,Life Insurance
231,47,22,92,400082,1,2.8,2,0,0,0,0,1,0,Mass Affluent,11,Fort Branch,Mumbai,310500,71,65.5,Credit Card
232,35,10,61,560005,4,2.1,3,0,0,0,0,1,0,Mass Affluent,5,Koramangala Branch,Bengaluru,134300,63,38.9,Credit Card
233,46,19,38,440049,3,2.5,2,135,0,0,0,0,0,Mass,20,Wardha Road Branch,Nagpur,205400,41,46.7,Life Insurance
234,62,37,58,600099,4,1.7,1,0,0,0,0,1,0,Mass,14,OMR Branch,Chennai,170100,70,50.1,Life Insurance
235,26,1,80,452076,1,0.8,2,150,0,0,0,0,0,Mass Affluent,4,Vijay Nagar Branch,Indore,216900,69,49.9,Credit Card
236,38,8,71,380010,4,1.8,3,0,0,0,0,1,0,Mass Affluent,4,Maninagar Branch,Ahmedabad,153600,60,41.2,Credit Card
237,43,18,89,500023,3,0.5,3,0,0,0,0,1,1,Mass Affluent,18,Secunderabad Branch,Hyderabad,374000,83,73.3,Life Insurance
238,62,38,83,380085,1,1.8,3,0,0,0,0,1,0,Mass Affluent,16,Maninagar Branch,Ahmedabad,303500,80,69.2,Credit Card
239,57,32,28,400015,3,0.2,1,0,0,0,0,1,1,Mass,9,Fort Branch,Mumbai,96600,58,30.1,Life Insurance
240,28,3,52,400004,4,1.7,2,0,0,0,0,0,0,Mass,3,Andheri East Branch,Mumbai,85400,54,28.3,Gold Loan
241,51,26,70,302013,1,1.2,1,169,0,0,0,0,0,Mass Affluent,15,Malviya Nagar Branch,Jaipur,303100,71,62.9,Credit Card
242,48,22,71,380004,1,1.4,3,0,0,0,0,0,1,Mass Affluent,16,Navrangpura Branch,Ahmedabad,283000,73,62.8,Home Loan
243,41,16,75,110009,1,3.7,3,280,0,0,0,0,0,Mass Affluent,4,Dwarka Branch,Delhi,267800,59,51.3,Credit Card
244,65,39,170,500061,3,7.9,3,99,1,0,1,1,0,HNI,25,Banjara Hills Branch,Hyderabad,2017600,80,85.7,Credit Card
245,41,17,78,600001,4,0.8,1,78,0,0,0,1,0,Mass Affluent,5,T Nagar Branch,Chennai,243900,70,52.8,Credit Card
246,35,11,25,226074,2,1.0,2,0,0,0,0,0,0,Mass,2,Gomti Nagar Branch,Lucknow,25200,50,16.6,Credit Card
247,38,14,60,600002,2,0.6,3,0,0,0,0,1,1,Mass,5,T Nagar Branch,Chennai,160500,68,41.9,Home Loan
248,53,29,120,560097,4,2.7,2,111,1,1,1,1,0,Affluent,27,Indiranagar Branch,Bengaluru,1206300,85,83.1,Credit Card
249,55,29,99,560004,2,1.4,1,264,0,0,0,1,1,Mass Affluent,12,Indiranagar Branch,Bengaluru,480000,76,69.5,Life Insurance
250,26,1,55,560047,3,2.6,3,113,0,0,0,0,1,Mass Affluent,2,Whitefield Branch,Bengaluru,203300,50,39.0,Personal Loan
251,30,6,29,411096,3,1.0,2,117,0,0,0,0,0,Mass,5,Hinjewadi Branch,Pune,93400,38,22.4,Gold Loan
252,54,28,170,226025,2,6.2,2,325,1,0,0,1,0,HNI,14,Hazratganj Branch,Lucknow,1206800,72,79.3,Fixed Deposit
253,65,40,53,500004,3,2.2,1,0,0,0,0,0,1,Mass,21,Banjara Hills Branch,Hyderabad,254000,62,59.0,Life Insurance
254,47,21,138,110037,1,0.0,1,0,0,0,0,0,0,Affluent,6,Dwarka Branch,Delhi,309400,85,68.2,Fixed Deposit
255,65,41,134,110083,3,3.9,3,121,1,0,0,1,0,Affluent,24,Dwarka Branch,Delhi,1027600,73,84.2,Fixed Deposit
256,66,40,42,700032,2,0.7,3,138,0,0,0,0,1,Mass,20,Howrah Branch,Kolkata,275000,62,57.8,Life Insurance
257,26,0,99,302073,4,2.3,3,0,0,0,0,0,1,Mass Affluent,0,C Scheme Branch,Jaipur,234400,70,50.9,Mutual Funds
258,66,41,18,400039,3,0.5,1,0,0,0,0,0,1,Mass,16,Fort Branch,Mumbai,81800,50,29.3,Life Insurance
259,35,9,24,400072,4,0.3,1,0,0,0,0,1,0,Mass,5,Bandra West Branch,Mumbai,35200,49,18.9,Credit Card
260,56,30,55,600056,1,1.4,1,77,0,0,0,1,0,Mass,17,Anna Nagar Branch,Chennai,274400,65,59.2,Life Insurance
261,51,27,58,400073,1,0.0,1,0,0,0,0,0,1,Mass,6,Bandra West Branch,Mumbai,144100,72,41.2,Life Insurance
262,42,16,111,302093,2,1.2,3,251,1,0,0,1,0,Affluent,15,C Scheme Branch,Jaipur,526300,69,71.0,Fixed Deposit
263,49,23,33,560055,1,0.3,3,0,0,0,1,1,1,Mass,21,Whitefield Branch,Bengaluru,233500,71,56.4,Personal Loan
264,27,1,74,400089,4,1.8,2,112,0,0,0,1,1,Mass Affluent,2,Bandra West Branch,Mumbai,259100,60,47.9,Auto Loan
265,45,19,38,682005,2,0.7,1,0,0,0,0,0,0,Mass,12,MG Road Kochi Branch,Kochi,71300,58,30.5,Home Loan
266,49,23,23,110009,4,0.6,3,98,0,1,0,0,0,Mass,16,Karol Bagh Branch,Delhi,186100,56,44.3,Life Insurance
267,63,38,61,110007,2,1.5,1,0,0,0,0,1,0,Mass,9,Karol Bagh Branch,Delhi,152300,69,45.1,Credit Card
268,47,22,81,400046,1,2.9,1,138,0,0,0,0,0,Mass Affluent,11,Bandra West Branch,Mumbai,360000,69,64.1,Credit Card
269,64,39,129,400029,1,2.5,1,0,0,0,0,1,0,Affluent,14,Andheri East Branch,Mumbai,541000,88,81.2,Fixed Deposit
270,43,13,33,400053,1,0.75,3,0,0,0,0,0,0,Mass,7,Andheri East Branch,Mumbai,60000,57,25.6,Credit Card
271,60,36,63,400018,4,2.2,1,0,0,0,0,1,0,Mass Affluent,22,Andheri East Branch,Mumbai,243400,65,61.9,Credit Card
272,40,14,70,110074,4,1.4,2,0,0,0,0,1,0,Mass Affluent,8,Karol Bagh Branch,Delhi,166600,63,45.8,Credit Card
273,29,3,45,400088,4,0.2,1,158,0,0,0,1,1,Mass,5,Bandra West Branch,Mumbai,172700,53,37.3,Auto Loan
274,41,16,65,600022,3,0.5,3,0,0,0,0,1,0,Mass,11,T Nagar Branch,Chennai,155100,70,47.5,Credit Card
275,30,5,74,411029,4,2.2,1,0,0,1,0,0,1,Mass Affluent,2,Kothrud Branch,Pune,255100,75,51.3,Home Loan
276,49,24,50,560070,4,1.8,3,0,0,1,0,0,0,Mass Affluent,18,Indiranagar Branch,Bengaluru,215200,62,53.5,Home Loan
277,30,5,22,560059,4,0.5,3,109,0,0,0,1,0,Mass,4,Indiranagar Branch,Bengaluru,86000,43,21.4,Credit Card
278,29,2,30,500012,4,1.0,3,0,0,0,0,0,0,Mass,6,Banjara Hills Branch,Hyderabad,41500,44,19.5,Gold Loan
279,50,26,21,160068,4,1.0,1,0,0,0,0,1,0,Mass,17,Sector 35 Branch,Chandigarh,45200,47,26.0,Credit Card
280,39,14,155,226051,2,3.9,1,0,0,0,0,1,0,Affluent,16,Hazratganj Branch,Lucknow,768600,79,84.8,Home Loan
281,33,8,64,400009,4,2.1,3,164,0,0,0,1,0,Mass Affluent,10,Andheri East Branch,Mumbai,249000,52,50.7,Credit Card
282,57,31,65,110060,4,2.6,3,0,0,0,0,0,1,Mass Affluent,9,Connaught Place Branch,Delhi,223900,61,50.4,Life Insurance
283,34,9,71,110099,4,0.7,3,0,0,0,0,1,0,Mass Affluent,4,Dwarka Branch,Delhi,134900,66,40.4,Credit Card
284,61,36,40,110058,3,0.5,2,0,0,1,0,1,0,Mass,4,Dwarka Branch,Delhi,113600,72,34.3,Life Insurance
285,44,19,69,600098,3,0.5,3,0,0,0,0,1,0,Mass,7,Anna Nagar Branch,Chennai,148400,70,44.7,Credit Card
286,40,13,69,560049,3,2.33,2,0,0,0,0,0,0,Mass Affluent,9,Koramangala Branch,Bengaluru,171000,63,46.9,Credit Card
287,51,25,45,400052,3,0.6,2,131,0,0,0,1,0,Mass,14,Fort Branch,Mumbai,200100,63,49.4,Life Insurance
288,37,12,62,560014,3,0.7,2,0,0,0,0,0,1,Mass,4,Whitefield Branch,Bengaluru,151700,65,39.8,Life Insurance
289,44,19,172,500098,2,4.3,3,391,1,1,1,1,0,HNI,11,Banjara Hills Branch,Hyderabad,1237500,87,75.7,Credit Card
290,42,15,24,400079,3,1.0,2,0,0,0,0,1,1,Mass,12,Fort Branch,Mumbai,111900,56,33.1,Life Insurance
291,51,25,80,302041,1,4.9,1,0,0,0,0,0,0,Mass Affluent,13,C Scheme Branch,Jaipur,310500,67,64.1,Credit Card
292,43,16,8,400024,3,0.67,2,88,0,0,0,1,0,Mass,6,Bandra West Branch,Mumbai,59900,26,14.3,Credit Card
293,30,5,38,452005,4,0.8,1,129,0,0,0,1,1,Mass,6,MG Road Branch,Indore,178100,48,36.4,Auto Loan
294,45,19,93,400044,4,2.6,3,0,0,0,0,0,0,Mass Affluent,13,Fort Branch,Mumbai,310500,76,68.0,Credit Card
295,35,9,55,302083,1,2.0,1,0,0,0,0,1,0,Mass,6,Malviya Nagar Branch,Jaipur,131400,62,38.2,Credit Card
296,60,34,64,160072,2,1.7,3,0,0,0,0,0,1,Mass Affluent,8,IT Park Branch,Chandigarh,207800,71,50.5,Life Insurance
297,34,9,122,440025,1,0.0,1,0,0,0,0,1,0,Affluent,12,Sitabuldi Branch,Nagpur,356100,86,73.7,Fixed Deposit
298,55,25,70,380022,3,1.4,3,0,0,0,0,1,0,Mass Affluent,18,Maninagar Branch,Ahmedabad,238200,74,62.1,Credit Card
299,43,19,81,380066,2,3.2,1,0,0,0,0,0,0,Mass Affluent,6,Satellite Branch,Ahmedabad,217700,69,53.3,Credit Card
300,41,15,159,411026,1,5.5,3,0,1,0,1,1,0,HNI,10,Viman Nagar Branch,Pune,910600,75,76.1,Home Loan
301,34,9,70,380068,4,1.3,1,0,0,1,0,0,0,Mass Affluent,7,Navrangpura Branch,Ahmedabad,206500,74,51.0,Credit Card
302,65,39,150,400065,2,6.9,1,196,0,0,0,0,0,HNI,13,Bandra West Branch,Mumbai,1008500,80,82.4,Fixed Deposit
303,45,21,152,600033,2,7.5,1,0,0,0,0,1,0,HNI,13,T Nagar Branch,Chennai,929500,81,84.9,Home Loan
304,49,25,195,500084,4,3.0,1,617,1,0,0,0,0,HNI,6,Secunderabad Branch,Hyderabad,767200,75,72.9,Fixed Deposit
305,48,23,22,226097,1,0.1,1,0,0,0,0,0,0,Mass,10,Aliganj Branch,Lucknow,41800,66,26.4,Credit Card
306,60,35,22,500054,1,1.3,1,123,0,0,0,1,0,Mass,17,Banjara Hills Branch,Hyderabad,153900,50,39.4,Life Insurance
307,55,29,79,560053,3,0.8,1,0,0,0,0,1,1,Mass Affluent,22,Koramangala Branch,Bengaluru,355500,72,70.9,Life Insurance
308,42,18,33,411086,1,1.4,3,0,0,0,0,1,0,Mass,6,Kothrud Branch,Pune,56800,52,23.5,Credit Card
309,32,8,128,110055,2,4.33,1,0,0,0,1,1,1,Affluent,7,Connaught Place Branch,Delhi,648600,78,71.4,Mutual Funds
310,62,38,91,400008,1,3.8,1,0,0,1,0,1,0,Affluent,21,Fort Branch,Mumbai,575100,79,79.6,Credit Card
311,57,32,39,500091,4,0.9,1,0,0,0,0,1,1,Mass,21,Banjara Hills Branch,Hyderabad,184100,58,49.6,Life Insurance
312,52,26,121,560005,1,7.3,1,167,0,0,0,1,0,Affluent,12,Koramangala Branch,Bengaluru,799000,69,76.3,Fixed Deposit
313,36,6,21,110093,1,0.67,3,0,0,1,0,1,0,Mass,14,Dwarka Branch,Delhi,105900,62,34.6,Credit Card
314,34,9,41,560077,3,2.3,1,0,0,0,0,0,1,Mass,4,Indiranagar Branch,Bengaluru,118800,52,30.1,Gold Loan
315,63,37,45,560046,2,0.7,3,0,0,0,0,1,0,Mass,14,Whitefield Branch,Bengaluru,110100,66,40.4,Life Insurance
316,24,-2,51,560021,3,0.3,3,0,0,0,0,1,0,Mass,1,Koramangala Branch,Bengaluru,74800,59,26.8,Credit Card
317,57,31,165,560095,1,1.6,2,0,1,0,0,1,0,Affluent,13,Indiranagar Branch,Bengaluru,682100,82,80.2,Home Loan
318,40,16,119,411069,2,4.2,2,0,1,0,0,1,0,Affluent,8,Viman Nagar Branch,Pune,497400,70,69.1,Fixed Deposit
319,27,2,110,110084,4,1.8,3,190,0,0,0,1,0,Affluent,1,Karol Bagh Branch,Delhi,309600,69,57.4,Fixed Deposit
320,65,39,20,641095,3,0.7,2,0,0,0,0,0,1,Mass,5,Gandhipuram Branch,Coimbatore,57600,48,19.8,Life Insurance
321,60,34,64,682024,1,0.8,2,248,0,0,0,0,0,Mass Affluent,11,MG Road Kochi Branch,Kochi,237500,68,54.3,Credit Card
322,44,20,101,500047,3,4.4,2,82,1,0,0,0,0,Affluent,10,Banjara Hills Branch,Hyderabad,526300,62,66.0,Fixed Deposit
323,63,39,101,560099,1,3.9,1,0,1,1,1,1,0,Affluent,20,Koramangala Branch,Bengaluru,844100,83,79.7,Credit Card
324,59,34,99,600035,1,4.4,1,0,1,0,0,0,0,Affluent,10,OMR Branch,Chennai,415100,67,66.6,Credit Card
325,56,30,158,226055,4,6.1,1,0,1,0,0,0,0,HNI,12,Hazratganj Branch,Lucknow,870900,77,80.2,Home Loan
326,54,28,89,411073,1,1.9,2,0,0,0,0,1,1,Mass Affluent,13,Kothrud Branch,Pune,362200,74,67.5,Life Insurance
327,52,27,80,380014,1,1.3,3,0,0,0,1,1,1,Mass Affluent,14,Navrangpura Branch,Ahmedabad,404600,82,68.9,Life Insurance
328,58,32,114,500003,2,2.0,1,402,0,0,0,1,0,Affluent,22,Secunderabad Branch,Hyderabad,640800,74,81.3,Fixed Deposit
329,60,35,49,411006,3,0.5,2,0,0,0,0,1,1,Mass,18,Viman Nagar Branch,Pune,197000,64,52.0,Life Insurance
330,28,4,191,110014,1,6.33,1,0,0,0,0,1,0,HNI,3,Connaught Place Branch,Delhi,787100,79,78.2,Home Loan
331,54,30,78,700031,4,1.0,2,0,0,0,0,1,0,Mass Affluent,22,Park Street Branch,Kolkata,275700,71,67.6,Credit Card
332,32,6,28,110067,3,1.0,1,0,0,0,0,0,0,Mass,2,Karol Bagh Branch,Delhi,34800,48,17.1,Life Insurance
333,59,33,42,411056,1,0.8,2,0,0,0,0,1,0,Mass,11,Hinjewadi Branch,Pune,98300,66,36.4,Life Insurance
334,63,38,140,226083,1,2.5,1,0,0,0,0,0,0,Affluent,18,Hazratganj Branch,Lucknow,617100,88,85.5,Fixed Deposit
335,48,23,45,400084,1,1.3,2,0,0,0,0,1,0,Mass,15,Andheri East Branch,Mumbai,116000,62,40.6,Credit Card
336,56,32,122,600096,2,0.3,1,360,0,0,1,1,1,Affluent,9,T Nagar Branch,Chennai,556600,90,71.2,Mutual Funds
337,36,12,65,400047,3,2.6,2,0,0,0,0,1,0,Mass Affluent,5,Fort Branch,Mumbai,156900,61,41.9,Credit Card
338,57,27,68,700063,1,1.4,3,0,0,0,0,1,0,Mass Affluent,5,Howrah Branch,Kolkata,152300,71,44.0,Credit Card
339,29,3,153,400027,2,2.0,1,392,0,0,0,0,0,Affluent,3,Andheri East Branch,Mumbai,464700,78,68.6,Fixed Deposit
340,39,13,89,452014,4,1.4,2,0,0,0,0,0,0,Mass Affluent,5,Vijay Nagar Branch,Indore,194500,67,50.8,Credit Card
341,59,34,91,400085,1,2.6,1,0,0,0,0,1,1,Mass Affluent,9,Fort Branch,Mumbai,379600,79,67.3,Life Insurance
342,31,6,55,641025,4,2.0,2,185,0,0,0,1,0,Mass Affluent,4,RS Puram Branch,Coimbatore,179800,49,38.7,Credit Card
343,43,19,118,380049,2,3.3,1,0,0,0,0,0,1,Affluent,19,Satellite Branch,Ahmedabad,622500,77,80.0,Fixed Deposit
344,35,5,22,600022,1,0.67,3,103,0,0,0,0,0,Mass,8,OMR Branch,Chennai,85700,39,22.8,Credit Card
345,54,24,63,380079,3,1.4,3,138,0,0,0,1,1,Mass Affluent,16,Maninagar Branch,Ahmedabad,367600,63,62.9,Life Insurance
346,51,27,12,380001,4,0.5,2,78,0,1,0,1,0,Mass,3,Maninagar Branch,Ahmedabad,107800,46,23.5,Life Insurance
347,44,19,50,641054,3,2.7,2,0,0,0,0,1,0,Mass,10,Gandhipuram Branch,Coimbatore,134000,57,39.0,Life Insurance
348,25,0,43,110028,2,1.6,3,0,0,1,1,1,1,Mass Affluent,4,Karol Bagh Branch,Delhi,231100,65,44.6,Auto Loan
349,40,15,173,600017,4,6.6,1,0,1,0,1,1,1,HNI,7,OMR Branch,Chennai,1088600,78,73.5,Home Loan
350,26,2,60,400065,2,3.0,1,132,1,0,0,0,0,Mass Affluent,3,Andheri East Branch,Mumbai,221300,46,40.8,Auto Loan
351,39,14,113,600019,1,1.0,3,0,0,1,0,1,0,Affluent,8,T Nagar Branch,Chennai,393400,86,69.9,Fixed Deposit
352,28,4,155,110083,4,5.3,2,0,1,0,0,1,0,Affluent,4,Dwarka Branch,Delhi,605500,66,69.3,Home Loan
353,52,28,91,600085,4,1.0,2,0,0,0,0,0,1,Mass Affluent,19,OMR Branch,Chennai,363300,72,70.9,Life Insurance
354,53,29,55,600041,4,1.1,2,0,0,0,0,1,0,Mass,22,T Nagar Branch,Chennai,177700,62,53.8,Life Insurance
355,44,20,173,500062,2,1.4,1,419,0,0,0,1,0,HNI,1,Hitech City Branch,Hyderabad,506000,85,70.5,Fixed Deposit
356,43,19,71,500030,3,0.3,3,0,0,0,0,0,1,Mass,2,Banjara Hills Branch,Hyderabad,157200,74,42.3,Home Loan
357,56,30,24,380050,2,0.4,3,88,0,0,0,0,0,Mass,12,Satellite Branch,Ahmedabad,108900,50,31.2,Life Insurance
358,38,14,42,380050,1,2.0,2,81,0,0,0,1,0,Mass,13,Navrangpura Branch,Ahmedabad,218600,61,49.7,Credit Card
359,30,6,141,500026,2,4.33,1,0,0,0,0,1,0,Affluent,6,Banjara Hills Branch,Hyderabad,530400,78,74.2,Fixed Deposit
360,32,6,32,600052,1,1.9,3,0,0,0,0,1,0,Mass,5,OMR Branch,Chennai,56200,44,20.6,Credit Card
361,35,10,55,452075,4,1.3,1,0,0,0,0,0,0,Mass,5,Vijay Nagar Branch,Indore,103300,63,34.6,Home Loan
362,43,19,153,400071,2,7.5,1,0,0,0,0,1,0,HNI,11,Bandra West Branch,Mumbai,841600,74,81.2,Home Loan
363,58,32,113,400022,2,1.4,1,270,0,0,0,0,1,Affluent,7,Andheri East Branch,Mumbai,438500,81,67.3,Fixed Deposit
364,25,0,30,400020,2,1.7,2,0,0,0,0,0,0,Mass,4,Andheri East Branch,Mumbai,34000,41,16.9,Credit Card
365,54,24,29,411025,3,1.0,3,148,0,0,0,0,1,Mass,18,Hinjewadi Branch,Pune,193100,41,42.8,Life Insurance
366,57,32,174,560031,1,6.8,2,466,1,0,0,1,0,HNI,20,Indiranagar Branch,Bengaluru,1499100,73,83.7,Fixed Deposit
367,50,24,35,380081,1,0.3,3,0,0,0,0,1,0,Mass,15,Maninagar Branch,Ahmedabad,73900,61,33.2,Credit Card
368,32,8,98,411009,2,2.0,2,175,0,0,0,1,0,Mass Affluent,3,Hinjewadi Branch,Pune,328200,77,61.3,Credit Card
369,63,37,30,560057,2,1.0,3,159,0,0,0,1,0,Mass,6,Indiranagar Branch,Bengaluru,113500,48,28.2,Life Insurance
370,31,6,58,160072,2,2.5,1,0,0,0,0,0,1,Mass Affluent,3,Sector 17 Branch,Chandigarh,149700,53,35.4,Auto Loan
371,36,12,25,380040,4,1.0,1,147,0,0,0,0,0,Mass,10,Satellite Branch,Ahmedabad,104300,37,26.4,Life Insurance
372,58,34,19,110084,4,0.7,1,0,0,0,0,0,0,Mass,19,Connaught Place Branch,Delhi,42500,56,28.9,Life Insurance
373,56,30,44,560001,4,0.7,2,174,0,0,0,1,0,Mass,4,Indiranagar Branch,Bengaluru,147000,59,35.8,Life Insurance
374,49,25,20,560091,4,1.0,1,111,0,0,0,1,1,Mass,19,Whitefield Branch,Bengaluru,191600,39,42.0,Life Insurance
375,30,5,98,110007,2,3.1,1,220,0,0,0,1,0,Affluent,4,Dwarka Branch,Delhi,365500,70,61.9,Credit Card
376,33,7,90,400053,3,1.6,1,0,0,0,0,1,0,Mass Affluent,3,Fort Branch,Mumbai,195500,71,50.8,Credit Card
377,45,21,61,452017,3,0.7,1,0,0,0,0,0,0,Mass,5,Palasia Branch,Indore,116500,75,39.9,Credit Card
378,30,5,40,560043,4,2.0,2,0,0,0,0,1,0,Mass,7,Indiranagar Branch,Bengaluru,82600,48,27.0,Credit Card
379,47,23,38,560089,2,2.1,3,0,0,0,0,0,0,Mass,11,Koramangala Branch,Bengaluru,82200,53,30.1,Life Insurance
380,25,0,28,700025,2,1.7,2,0,0,0,0,0,0,Mass,0,Park Street Branch,Kolkata,39700,45,15.6,Credit Card
381,63,33,34,600027,1,1.5,3,0,0,0,0,1,1,Mass,20,T Nagar Branch,Chennai,169400,54,45.6,Life Insurance
382,55,29,73,452077,2,2.3,3,0,0,0,0,1,1,Mass Affluent,3,Palasia Branch,Indore,219500,68,48.8,Life Insurance
383,65,41,133,380089,4,2.0,1,0,1,0,0,0,1,Affluent,5,Satellite Branch,Ahmedabad,438600,75,65.2,Fixed Deposit
384,44,18,53,500013,1,0.2,1,0,0,0,0,1,0,Mass,6,Banjara Hills Branch,Hyderabad,99500,71,36.4,Credit Card
385,51,25,21,560038,4,0.6,3,0,0,0,0,1,1,Mass,21,Whitefield Branch,Bengaluru,100700,44,33.7,Life Insurance
386,35,9,40,395032,3,0.9,1,0,0,0,0,1,0,Mass,9,Ring Road Branch,Surat,72700,54,28.4,Credit Card
387,30,5,41,700027,4,1.7,2,0,0,0,0,1,0,Mass,5,Salt Lake Branch,Kolkata,77200,48,25.4,Credit Card
388,31,5,82,641053,4,1.8,2,0,0,0,0,1,0,Mass Affluent,3,Peelamedu Branch,Coimbatore,180300,63,46.2,Credit Card
389,54,30,100,400064,4,3.4,3,0,1,0,0,0,0,Affluent,14,Bandra West Branch,Mumbai,408100,64,68.0,Credit Card
390,45,20,155,226083,1,7.0,1,0,0,0,0,1,1,HNI,11,Aliganj Branch,Lucknow,975700,81,81.4,Home Loan
391,45,19,45,411045,1,0.2,1,0,0,0,0,1,0,Mass,12,Viman Nagar Branch,Pune,89100,62,35.5,Credit Card
392,58,32,9,400064,3,0.3,3,0,0,0,0,0,1,Mass,14,Fort Branch,Mumbai,57500,52,25.4,Life Insurance
393,54,29,48,600051,4,1.8,3,0,0,0,0,1,0,Mass,19,Anna Nagar Branch,Chennai,149100,60,46.8,Life Insurance
394,53,28,18,411086,4,0.1,3,109,0,1,1,1,1,Mass,16,Kothrud Branch,Pune,304300,62,55.0,Life Insurance
395,33,9,80,400029,4,3.4,1,0,0,0,0,1,1,Mass Affluent,4,Fort Branch,Mumbai,259800,64,52.4,Home Loan
396,60,35,64,500079,2,2.8,1,0,0,0,0,0,0,Mass Affluent,18,Secunderabad Branch,Hyderabad,223400,64,57.9,Credit Card
397,50,24,29,302064,4,0.1,1,0,0,0,0,0,0,Mass,22,C Scheme Branch,Jaipur,61400,53,33.0,Life Insurance
398,26,2,48,110025,3,0.7,2,0,0,0,0,1,0,Mass,3,Dwarka Branch,Delhi,74700,59,27.6,Credit Card
399,54,30,23,500067,2,0.4,1,0,0,0,0,0,0,Mass,20,Secunderabad Branch,Hyderabad,47600,54,30.1,Life Insurance
400,28,3,84,560058,4,0.2,1,0,0,0,0,1,1,Mass Affluent,4,Indiranagar Branch,Bengaluru,207300,72,50.3,Mutual Funds
401,36,10,179,560035,3,6.6,1,0,1,0,0,1,0,HNI,4,Indiranagar Branch,Bengaluru,773400,66,72.2,Home Loan
402,29,2,30,682063,4,1.5,2,112,0,0,0,0,1,Mass,7,MG Road Kochi Branch,Kochi,149800,38,30.3,Auto Loan
403,54,28,93,380010,1,4.9,1,133,0,0,1,1,1,Affluent,7,Navrangpura Branch,Ahmedabad,659400,81,69.1,Life Insurance
404,55,30,39,400027,2,1.9,2,0,0,0,0,0,0,Mass,24,Bandra West Branch,Mumbai,117600,51,42.1,Life Insurance
405,61,36,60,395024,3,0.5,2,182,0,0,0,0,0,Mass,15,Adajan Branch,Surat,231600,68,55.7,Life Insurance
406,36,11,133,160001,1,3.8,1,290,0,1,1,1,1,HNI,13,IT Park Branch,Chandigarh,1055200,87,76.0,Personal Loan
407,45,19,125,110079,1,2.4,1,0,0,0,0,0,0,Affluent,9,Karol Bagh Branch,Delhi,386100,75,70.5,Fixed Deposit
408,64,40,58,302087,1,1.8,3,0,0,0,0,1,0,Mass,13,C Scheme Branch,Jaipur,165400,68,48.4,Life Insurance
409,60,36,89,400044,2,2.8,1,0,0,0,0,1,0,Mass Affluent,24,Andheri East Branch,Mumbai,455000,86,82.5,Credit Card
410,49,22,82,395087,1,2.67,2,125,0,0,0,1,0,Mass Affluent,13,Ring Road Branch,Surat,410100,73,68.5,Credit Card
411,47,23,110,411089,2,3.3,1,0,0,0,0,1,1,Affluent,18,Hinjewadi Branch,Pune,620400,82,80.3,Fixed Deposit
412,60,36,54,411031,4,2.3,3,0,0,1,0,0,0,Mass Affluent,26,Viman Nagar Branch,Pune,306900,72,67.9,Life Insurance
413,45,20,89,400025,4,1.9,3,0,0,0,0,1,0,Mass Affluent,22,Andheri East Branch,Mumbai,362300,74,75.0,Credit Card
414,32,7,42,160020,3,2.3,1,0,0,0,0,1,0,Mass,7,Sector 35 Branch,Chandigarh,90800,52,29.6,Credit Card
415,52,28,41,400012,3,1.9,2,0,0,0,0,0,1,Mass,5,Bandra West Branch,Mumbai,121600,53,31.3,Life Insurance
416,35,8,38,110059,4,1.0,2,124,0,0,0,1,0,Mass,5,Connaught Place Branch,Delhi,128500,48,30.2,Credit Card
417,40,15,85,400013,2,0.4,1,0,0,0,0,1,0,Mass Affluent,1,Andheri East Branch,Mumbai,163000,80,47.5,Credit Card
418,53,29,83,380033,4,1.0,2,0,0,0,0,1,0,Mass Affluent,14,Maninagar Branch,Ahmedabad,254800,78,63.9,Credit Card
419,27,0,33,110049,4,1.0,3,0,0,0,0,0,0,Mass,6,Karol Bagh Branch,Delhi,48400,50,22.2,Credit Card
420,58,33,50,682080,4,2.1,1,0,0,0,0,0,1,Mass,23,Kakkanad Branch,Kochi,246200,60,58.6,Life Insurance
421,47,22,58,411041,4,3.6,3,0,0,0,0,1,1,Mass Affluent,20,Hinjewadi Branch,Pune,325300,61,63.7,Life Insurance
422,28,3,115,400013,4,3.1,2,0,1,0,0,0,0,Affluent,2,Bandra West Branch,Mumbai,301300,61,55.8,Fixed Deposit
423,46,20,145,400043,2,6.3,1,0,0,1,1,1,0,HNI,15,Fort Branch,Mumbai,1225000,100,86.5,Credit Card
424,43,19,161,400046,2,7.5,1,0,0,0,0,0,0,HNI,11,Andheri East Branch,Mumbai,887000,81,83.6,Home Loan
425,56,30,38,600013,1,0.2,1,0,0,0,0,0,0,Mass,8,OMR Branch,Chennai,62600,64,28.7,Life Insurance
426,28,3,28,380077,4,0.8,1,0,0,0,0,1,0,Mass,6,Maninagar Branch,Ahmedabad,44900,41,18.8,Credit Card
427,42,18,75,110094,3,2.33,1,0,0,0,0,0,1,Mass Affluent,4,Dwarka Branch,Delhi,216700,65,48.5,Life Insurance
428,32,7,35,226060,3,1.3,1,116,0,0,0,0,1,Mass,2,Aliganj Branch,Lucknow,137400,42,27.2,Gold Loan
429,62,38,24,400085,2,1.0,1,116,0,0,0,0,1,Mass,16,Andheri East Branch,Mumbai,192100,48,42.9,Life Insurance
430,37,13,78,380087,4,0.1,2,0,0,0,0,1,0,Mass Affluent,6,Satellite Branch,Ahmedabad,152400,67,44.7,Credit Card
431,51,26,113,452004,1,1.3,3,161,0,0,0,1,0,Affluent,8,MG Road Branch,Indore,428200,85,71.0,Fixed Deposit
432,39,13,75,380011,3,2.1,1,224,0,0,0,1,0,Mass Affluent,6,Maninagar Branch,Ahmedabad,271100,64,54.0,Credit Card
433,43,17,91,411001,1,5.7,1,0,0,0,0,1,0,Affluent,15,Kothrud Branch,Pune,432500,68,72.2,Credit Card
434,52,28,31,302001,4,0.2,1,141,0,0,0,1,1,Mass,27,Malviya Nagar Branch,Jaipur,259700,47,54.9,Life Insurance
435,30,6,45,400017,1,1.8,2,0,0,0,0,1,0,Mass,5,Fort Branch,Mumbai,84500,54,28.7,Credit Card
436,52,26,80,110010,3,0.8,1,0,0,0,0,0,0,Mass Affluent,17,Karol Bagh Branch,Delhi,219100,68,59.6,Credit Card
437,61,35,50,400054,3,1.4,3,112,0,0,0,1,0,Mass,16,Andheri East Branch,Mumbai,254300,66,56.7,Life Insurance
438,36,9,31,500043,4,1.0,2,0,0,1,0,1,0,Mass,7,Hitech City Branch,Hyderabad,97600,51,27.8,Credit Card
439,58,32,113,700026,2,3.8,2,119,1,0,1,1,1,Affluent,22,Park Street Branch,Kolkata,1045800,71,77.2,Life Insurance
440,47,23,29,411048,4,0.6,1,0,0,0,0,1,0,Mass,3,Hinjewadi Branch,Pune,40000,56,20.4,Credit Card
441,64,39,59,226040,2,1.5,1,139,0,0,0,1,0,Mass Affluent,12,Hazratganj Branch,Lucknow,265400,68,56.6,Life Insurance
442,52,27,43,400017,1,1.3,2,0,0,1,0,1,0,Mass,6,Bandra West Branch,Mumbai,144400,71,39.5,Life Insurance
443,58,28,122,700040,1,3.0,3,115,1,0,0,1,0,Affluent,14,Park Street Branch,Kolkata,675700,71,74.2,Fixed Deposit
444,48,24,29,110021,1,1.0,1,0,0,0,0,0,0,Mass,14,Karol Bagh Branch,Delhi,56600,58,29.0,Credit Card
445,64,40,91,110031,2,0.0,3,0,0,0,0,1,1,Mass Affluent,15,Karol Bagh Branch,Delhi,334400,85,70.5,Life Insurance
446,58,32,65,700037,3,2.2,3,0,0,0,0,1,0,Mass Affluent,25,Salt Lake Branch,Kolkata,256700,63,64.7,Credit Card
447,47,23,22,440007,1,1.0,1,0,0,0,0,0,1,Mass,18,Sitabuldi Branch,Nagpur,108300,53,35.2,Gold Loan
448,49,23,71,600004,1,1.4,3,0,0,0,0,0,0,Mass Affluent,2,OMR Branch,Chennai,133700,73,40.7,Credit Card
449,31,4,60,400011,4,2.0,2,0,0,0,0,1,1,Mass,6,Andheri East Branch,Mumbai,202700,61,45.7,Auto Loan
450,61,37,60,600027,3,2.0,3,0,0,0,0,1,0,Mass,23,OMR Branch,Chennai,219500,63,59.6,Life Insurance
451,51,25,69,400051,1,0.3,1,0,0,0,0,1,1,Mass,19,Fort Branch,Mumbai,278500,72,63.7,Life Insurance
452,28,-2,48,160054,2,1.75,3,89,0,0,0,1,0,Mass,6,IT Park Branch,Chandigarh,173700,53,39.2,Credit Card
453,39,13,21,700042,3,0.2,2,0,0,0,0,0,0,Mass,10,Howrah Branch,Kolkata,28300,47,20.2,Life Insurance
454,54,28,53,110081,4,2.8,2,0,0,1,0,0,0,Mass Affluent,23,Karol Bagh Branch,Delhi,278800,58,61.1,Life Insurance
455,50,24,29,400009,3,0.9,3,0,0,0,0,0,0,Mass,16,Bandra West Branch,Mumbai,63000,52,29.3,Gold Loan
456,30,4,60,110010,4,2.2,2,0,0,0,0,1,0,Mass Affluent,5,Dwarka Branch,Delhi,124800,59,36.6,Credit Card
457,64,39,42,440066,3,0.5,2,116,0,0,0,1,0,Mass,16,Wardha Road Branch,Nagpur,195800,61,49.1,Life Insurance
458,29,3,69,500048,3,0.3,3,0,0,0,0,0,0,Mass,3,Banjara Hills Branch,Hyderabad,111800,68,37.3,Credit Card
459,48,24,20,380032,1,1.0,1,0,0,0,0,1,1,Mass,7,Maninagar Branch,Ahmedabad,76100,51,23.7,Gold Loan
460,35,10,200,411001,2,3.0,1,458,0,0,0,0,0,HNI,8,Viman Nagar Branch,Pune,824900,82,79.5,Fixed Deposit
461,60,36,141,600054,2,2.1,1,0,0,0,0,1,1,Affluent,10,Anna Nagar Branch,Chennai,590200,88,77.6,Fixed Deposit
462,55,30,81,400085,2,3.7,1,0,0,1,0,0,0,Affluent,22,Bandra West Branch,Mumbai,493300,83,78.4,Credit Card
463,29,4,183,641033,3,8.3,3,0,1,0,0,1,0,HNI,7,Gandhipuram Branch,Coimbatore,967800,63,75.0,Home Loan
464,48,22,149,560069,2,5.5,2,0,1,1,1,1,0,HNI,6,Indiranagar Branch,Bengaluru,907600,88,74.0,Credit Card
465,43,19,83,600081,4,3.6,3,0,1,0,0,0,1,Mass Affluent,2,T Nagar Branch,Chennai,267100,53,47.5,Life Insurance
466,66,42,35,700070,1,1.9,2,172,0,0,0,1,0,Mass,6,Park Street Branch,Kolkata,143600,50,33.0,Life Insurance
467,25,0,13,411022,2,0.9,3,0,0,0,0,1,0,Mass,2,Viman Nagar Branch,Pune,20300,40,12.2,Credit Card
468,45,20,39,452046,1,2.4,1,0,0,0,0,0,1,Mass,19,Palasia Branch,Indore,177100,49,45.2,Gold Loan
469,34,10,21,400097,1,0.5,3,0,0,0,0,1,0,Mass,10,Bandra West Branch,Mumbai,38000,50,21.8,Credit Card
470,48,23,10,500011,2,0.7,3,0,0,0,0,1,1,Mass,5,Hitech City Branch,Hyderabad,50000,48,18.3,Life Insurance
471,32,6,84,560067,4,1.8,2,0,0,0,0,0,0,Mass Affluent,6,Indiranagar Branch,Bengaluru,204200,72,53.3,Credit Card
472,50,24,30,500078,4,0.1,1,161,0,0,0,1,1,Mass,11,Secunderabad Branch,Hyderabad,168800,47,37.3,Life Insurance
473,43,19,31,400026,4,0.3,1,156,0,0,0,1,0,Mass,9,Fort Branch,Mumbai,126200,46,31.1,Credit Card
474,64,39,182,400064,1,1.2,2,547,1,0,0,1,0,HNI,11,Bandra West Branch,Mumbai,772000,78,76.5,Fixed Deposit
475,60,34,114,110019,2,6.9,1,0,0,0,0,1,0,Affluent,15,Karol Bagh Branch,Delhi,660700,79,81.1,Fixed Deposit
476,43,19,152,560044,3,6.1,2,0,1,0,0,0,0,Affluent,12,Indiranagar Branch,Bengaluru,770100,65,76.0,Home Loan
477,60,34,53,560012,1,0.8,2,0,0,1,0,0,1,Mass Affluent,14,Indiranagar Branch,Bengaluru,254800,75,56.9,Life Insurance
478,64,39,24,600072,4,0.4,2,78,0,0,0,1,0,Mass,12,Anna Nagar Branch,Chennai,122200,53,33.5,Life Insurance
479,44,20,150,411082,2,3.3,1,0,0,0,0,0,1,Affluent,21,Kothrud Branch,Pune,838800,78,85.4,Fixed Deposit
480,60,36,132,560085,2,6.0,1,470,0,0,0,1,1,Affluent,24,Indiranagar Branch,Bengaluru,1245900,74,85.2,Fixed Deposit
481,54,29,68,560082,3,1.6,3,0,0,0,0,1,1,Mass Affluent,22,Whitefield Branch,Bengaluru,329600,69,68.1,Life Insurance
482,33,9,53,110033,1,1.2,1,0,0,0,0,0,1,Mass,9,Connaught Place Branch,Delhi,160800,62,42.2,Mutual Funds
483,56,32,173,600095,1,4.6,2,88,1,0,1,1,0,HNI,14,T Nagar Branch,Chennai,1226200,79,78.3,Credit Card
484,29,5,30,560097,3,1.0,2,0,0,0,0,0,0,Mass,3,Whitefield Branch,Bengaluru,45700,48,19.2,Gold Loan
485,25,1,113,400080,2,0.2,1,0,0,0,0,1,1,Mass Affluent,3,Bandra West Branch,Mumbai,281300,79,59.4,Fixed Deposit
486,60,34,15,560070,1,0.8,2,0,0,0,0,1,0,Mass,22,Whitefield Branch,Bengaluru,26600,48,26.9,Life Insurance
487,55,30,84,500049,2,3.7,1,304,0,1,0,1,0,Affluent,3,Hitech City Branch,Hyderabad,411300,81,62.8,Credit Card
488,39,13,88,110077,4,1.4,2,0,0,0,0,1,1,Mass Affluent,5,Karol Bagh Branch,Delhi,263200,74,56.7,Home Loan
489,37,13,43,600057,3,2.8,1,0,0,0,0,1,0,Mass,13,Anna Nagar Branch,Chennai,116100,46,35.0,Home Loan
490,53,28,43,600021,2,2.1,3,0,0,0,1,1,1,Mass Affluent,11,OMR Branch,Chennai,253000,71,53.1,Life Insurance
491,34,10,90,700055,2,2.7,1,0,0,0,0,1,0,Mass Affluent,10,Howrah Branch,Kolkata,291000,70,63.0,Credit Card
492,42,18,34,411065,4,0.3,1,104,0,1,0,1,0,Mass,9,Hinjewadi Branch,Pune,186400,60,42.0,Credit Card
493,60,36,38,411040,4,1.3,1,0,0,0,0,1,0,Mass,21,Viman Nagar Branch,Pune,108600,54,39.7,Life Insurance
494,50,24,173,560003,1,1.0,1,0,0,0,0,1,1,Affluent,10,Whitefield Branch,Bengaluru,649300,90,80.1,Home Loan
495,41,17,160,380069,2,8.0,1,0,0,0,0,1,0,HNI,12,Maninagar Branch,Ahmedabad,955000,76,83.5,Home Loan
496,25,0,44,600020,4,0.6,2,0,0,0,0,1,1,Mass,1,OMR Branch,Chennai,93100,53,25.9,Home Loan
497,50,24,83,560073,2,0.4,3,0,0,0,0,1,0,Mass Affluent,19,Indiranagar Branch,Bengaluru,275200,77,68.2,Credit Card
498,48,22,94,411046,4,2.6,3,0,0,0,0,1,0,Mass Affluent,18,Viman Nagar Branch,Pune,378000,73,73.6,Credit Card
499,32,8,43,560091,1,2.1,3,0,0,0,0,0,1,Mass,9,Koramangala Branch,Bengaluru,142000,58,37.8,Fixed Deposit
500,50,25,42,500026,3,1.7,2,0,0,0,0,1,0,Mass,7,Hitech City Branch,Hyderabad,77600,53,28.1,Credit Card
501,59,33,34,700059,2,0.3,1,0,0,0,0,0,0,Mass,19,Park Street Branch,Kolkata,76000,62,35.9,Life Insurance
502,50,26,39,160062,3,1.9,2,0,0,0,0,1,0,Mass,13,IT Park Branch,Chandigarh,93100,53,32.9,Life Insurance
503,44,19,70,682091,1,0.1,2,0,0,0,0,0,0,Mass,7,MG Road Kochi Branch,Kochi,135700,73,43.9,Credit Card
504,31,5,39,500029,4,1.8,3,185,0,0,0,0,1,Mass,6,Hitech City Branch,Hyderabad,175700,44,35.3,Life Insurance
505,40,10,44,500009,3,2.0,3,0,0,0,0,1,0,Mass,6,Banjara Hills Branch,Hyderabad,89900,48,28.3,Credit Card
506,36,12,69,380097,3,3.1,2,0,1,0,0,1,0,Mass Affluent,7,Satellite Branch,Ahmedabad,218400,52,46.6,Credit Card
507,51,25,44,560063,3,0.9,3,0,0,0,0,0,0,Mass,2,Whitefield Branch,Bengaluru,67700,57,25.3,Life Insurance
508,64,40,32,302039,3,0.1,3,0,0,0,0,1,0,Mass,21,C Scheme Branch,Jaipur,75100,61,36.4,Life Insurance
509,47,22,15,500034,2,0.7,3,0,0,0,0,0,0,Mass,11,Hitech City Branch,Hyderabad,15100,42,18.1,Credit Card
510,52,28,118,400074,2,6.8,1,112,0,0,0,1,0,Affluent,12,Andheri East Branch,Mumbai,772700,73,76.9,Fixed Deposit
511,51,26,62,400013,1,1.3,2,221,0,0,0,1,0,Mass Affluent,16,Fort Branch,Mumbai,287200,64,60.0,Credit Card
512,31,5,82,302073,4,2.2,2,0,0,0,0,0,0,Mass Affluent,7,Vaishali Nagar Branch,Jaipur,203800,72,53.4,Credit Card
513,39,14,54,400090,3,3.0,1,108,0,0,0,0,1,Mass Affluent,3,Bandra West Branch,Mumbai,230600,54,43.1,Life Insurance
514,30,6,48,110065,1,2.1,3,0,0,0,0,0,0,Mass,6,Karol Bagh Branch,Delhi,94800,58,31.8,Credit Card
515,27,1,74,560022,3,0.3,3,0,0,0,0,1,0,Mass Affluent,2,Whitefield Branch,Bengaluru,125400,64,37.8,Credit Card
516,41,16,113,110086,1,1.0,3,211,0,0,0,0,1,Affluent,10,Dwarka Branch,Delhi,459100,80,69.3,Fixed Deposit
517,53,27,81,560035,3,1.7,2,0,0,0,0,0,0,Mass Affluent,11,Indiranagar Branch,Bengaluru,223000,78,59.1,Credit Card
518,54,27,43,700029,3,1.0,2,169,0,0,0,0,0,Mass,4,Howrah Branch,Kolkata,135400,58,34.0,Life Insurance
519,28,4,34,400071,1,1.8,2,0,0,0,0,1,0,Mass,2,Andheri East Branch,Mumbai,46700,45,18.6,Credit Card
520,34,9,48,302040,1,2.5,3,105,0,0,0,1,0,Mass,4,Malviya Nagar Branch,Jaipur,171000,51,37.2,Credit Card
521,61,37,54,226021,4,1.2,2,129,0,0,0,1,1,Mass,18,Gomti Nagar Branch,Lucknow,337200,63,62.0,Life Insurance
522,48,24,75,560067,4,1.4,2,0,0,0,0,1,0,Mass Affluent,8,Whitefield Branch,Bengaluru,190100,69,50.9,Credit Card
523,36,11,72,400009,1,2.8,1,224,0,0,0,0,0,Mass Affluent,11,Andheri East Branch,Mumbai,315700,69,61.1,Credit Card
524,56,31,39,600061,4,0.9,1,0,0,0,0,0,0,Mass,14,OMR Branch,Chennai,77100,56,32.3,Life Insurance
525,24,-1,75,400072,4,0.2,1,0,0,0,0,1,0,Mass Affluent,1,Bandra West Branch,Mumbai,118000,67,37.3,Credit Card
526,64,38,79,560081,2,2.8,1,179,0,0,0,0,0,Mass Affluent,24,Koramangala Branch,Bengaluru,482400,69,75.6,Credit Card
527,26,2,205,641073,1,6.33,1,271,0,0,0,0,1,HNI,1,Peelamedu Branch,Coimbatore,933200,79,72.5,Fixed Deposit
528,33,8,65,395011,2,0.1,1,89,0,0,0,1,0,Mass,6,Adajan Branch,Surat,205000,71,49.1,Credit Card
529,64,39,122,380076,4,0.2,1,378,1,0,0,1,0,Affluent,7,Navrangpura Branch,Ahmedabad,403200,73,64.3,Fixed Deposit
530,39,15,82,560057,1,0.8,2,0,0,0,0,1,0,Mass Affluent,9,Indiranagar Branch,Bengaluru,211300,74,55.8,Credit Card
531,54,30,21,411002,2,0.2,1,0,0,0,0,0,1,Mass,20,Kothrud Branch,Pune,98400,53,35.0,Life Insurance
532,32,6,50,700026,4,2.1,3,0,0,1,1,1,1,Mass Affluent,5,Salt Lake Branch,Kolkata,282900,72,51.6,Auto Loan
533,62,37,39,560072,2,2.8,1,113,0,0,1,1,1,Mass Affluent,16,Whitefield Branch,Bengaluru,395200,58,59.6,Life Insurance
534,27,2,101,411017,1,1.9,1,0,0,0,0,0,0,Mass Affluent,1,Kothrud Branch,Pune,212400,73,52.6,Fixed Deposit
535,53,28,41,400012,2,0.6,3,0,0,1,0,0,0,Mass,15,Andheri East Branch,Mumbai,152700,64,43.9,Life Insurance
536,51,25,132,110082,1,0.3,1,0,0,0,0,1,0,Affluent,21,Karol Bagh Branch,Delhi,513900,86,84.5,Fixed Deposit
537,25,-1,43,500076,3,2.4,2,176,0,0,0,1,0,Mass,2,Banjara Hills Branch,Hyderabad,141100,42,29.5,Credit Card
538,44,20,131,110086,1,4.9,3,0,1,0,0,1,0,Affluent,12,Connaught Place Branch,Delhi,617700,62,72.5,Fixed Deposit
539,31,5,11,110096,1,0.4,2,76,0,0,0,0,1,Mass,4,Connaught Place Branch,Delhi,97700,42,21.8,Gold Loan
540,57,32,21,302089,1,0.3,3,117,0,0,0,0,0,Mass,23,Malviya Nagar Branch,Jaipur,139800,51,41.4,Life Insurance
541,25,-1,109,395018,4,2.3,3,314,0,0,0,1,0,Affluent,1,Adajan Branch,Surat,343100,74,60.5,Fixed Deposit
542,30,6,141,600071,2,4.33,1,0,0,0,0,0,0,Affluent,6,OMR Branch,Chennai,501200,81,74.2,Fixed Deposit
543,40,14,81,302076,3,0.1,1,0,0,0,0,1,0,Mass Affluent,16,Vaishali Nagar Branch,Jaipur,226600,72,60.9,Credit Card
544,63,38,54,395053,3,2.4,1,90,0,0,0,0,1,Mass,12,Ring Road Branch,Surat,309400,65,57.3,Life Insurance
545,35,10,164,400053,2,7.8,1,0,0,0,0,1,0,HNI,6,Bandra West Branch,Mumbai,827000,82,80.4,Home Loan
546,43,19,28,500081,4,0.3,1,87,0,0,0,0,0,Mass,9,Banjara Hills Branch,Hyderabad,111500,46,29.0,Life Insurance
547,27,2,68,560040,3,2.6,3,203,0,1,0,0,0,Mass Affluent,4,Indiranagar Branch,Bengaluru,277600,61,50.2,Credit Card
548,44,14,44,400010,3,2.0,3,180,0,1,1,1,1,Mass Affluent,14,Andheri East Branch,Mumbai,430100,58,59.3,Life Insurance
549,49,23,61,700081,1,1.4,3,0,0,0,0,1,1,Mass,17,Howrah Branch,Kolkata,265600,69,60.1,Mutual Funds
550,61,36,35,560097,3,1.3,2,0,0,0,0,0,1,Mass,20,Koramangala Branch,Bengaluru,147300,54,42.9,Life Insurance
551,60,34,54,500059,3,0.3,2,0,0,0,0,1,1,Mass,6,Banjara Hills Branch,Hyderabad,151200,71,41.6,Life Insurance
552,59,34,14,400009,1,0.1,1,0,0,0,0,1,1,Mass,6,Andheri East Branch,Mumbai,54900,57,22.0,Life Insurance
553,28,3,52,110091,4,2.2,1,230,0,0,0,1,0,Mass Affluent,5,Dwarka Branch,Delhi,173900,45,37.1,Credit Card
554,52,28,101,682011,2,0.3,1,0,0,0,0,0,0,Mass Affluent,18,MG Road Kochi Branch,Kochi,309100,81,72.5,Fixed Deposit
555,28,2,149,400057,2,7.2,1,0,0,0,0,1,0,HNI,0,Andheri East Branch,Mumbai,517600,69,68.3,Fixed Deposit
556,34,8,35,110038,4,0.8,1,137,0,0,1,1,1,Mass,7,Karol Bagh Branch,Delhi,231200,52,42.6,Life Insurance
557,60,34,21,110078,3,0.3,3,129,0,0,0,1,0,Mass,8,Connaught Place Branch,Delhi,99400,46,26.2,Life Insurance
558,39,15,118,500093,2,1.9,1,0,0,0,0,0,1,Affluent,2,Hitech City Branch,Hyderabad,307500,79,60.7,Fixed Deposit
559,30,5,38,600082,4,2.0,2,0,0,1,0,0,0,Mass,3,OMR Branch,Chennai,112000,53,28.4,Gold Loan
560,49,25,24,500012,4,0.2,1,138,0,0,0,1,0,Mass,24,Secunderabad Branch,Hyderabad,148900,43,41.6,Credit Card
561,43,18,59,400067,1,3.7,3,0,0,0,0,1,0,Mass Affluent,4,Bandra West Branch,Mumbai,148000,62,39.5,Credit Card
562,63,33,41,110017,4,1.67,3,0,0,0,0,1,0,Mass,11,Connaught Place Branch,Delhi,94500,55,32.9,Life Insurance
563,28,3,85,302003,1,0.8,2,0,0,0,0,1,1,Mass Affluent,2,C Scheme Branch,Jaipur,218900,78,52.0,Mutual Funds
564,51,27,12,411022,4,1.0,1,0,0,0,0,1,0,Mass,16,Kothrud Branch,Pune,20300,36,19.5,Life Insurance
565,33,7,32,411070,1,0.6,3,152,0,0,0,0,0,Mass,1,Hinjewadi Branch,Pune,89400,50,23.0,Credit Card
566,55,29,79,411084,3,0.8,1,0,0,0,0,1,0,Mass Affluent,11,Viman Nagar Branch,Pune,204500,73,55.5,Credit Card
567,53,28,175,380066,3,3.6,3,0,1,0,1,1,1,HNI,20,Maninagar Branch,Ahmedabad,1321500,86,83.9,Home Loan
568,34,8,28,400016,3,0.9,1,0,0,0,0,0,0,Mass,5,Fort Branch,Mumbai,41400,47,19.2,Credit Card
569,34,9,41,560041,2,0.1,1,161,0,0,0,1,1,Mass,9,Indiranagar Branch,Bengaluru,196200,58,43.2,Auto Loan
570,40,14,70,600054,3,2.1,1,185,0,0,0,0,0,Mass Affluent,9,Anna Nagar Branch,Chennai,278200,67,56.6,Credit Card
571,49,25,161,560003,3,6.5,2,485,1,1,1,0,0,HNI,11,Whitefield Branch,Bengaluru,1278900,81,74.2,Credit Card
572,35,9,53,302045,4,2.2,2,0,0,0,0,1,0,Mass,4,Vaishali Nagar Branch,Jaipur,111500,57,33.2,Credit Card
573,39,15,128,500011,1,3.4,1,0,0,0,0,0,0,Affluent,13,Banjara Hills Branch,Hyderabad,507300,80,77.8,Fixed Deposit
574,55,28,50,380022,3,1.0,2,0,0,0,0,1,1,Mass,17,Satellite Branch,Ahmedabad,210700,65,53.1,Life Insurance
575,29,5,80,226065,2,2.0,2,0,0,0,0,1,1,Mass Affluent,5,Gomti Nagar Branch,Lucknow,246600,66,52.3,Auto Loan
576,54,30,93,500025,1,2.7,2,0,0,0,0,1,0,Mass Affluent,8,Secunderabad Branch,Hyderabad,283700,77,63.4,Credit Card
577,25,-1,48,682001,3,0.3,3,0,0,0,0,0,1,Mass,1,MG Road Kochi Branch,Kochi,88800,57,26.7,Life Insurance
578,52,28,149,600085,2,6.8,1,0,0,0,0,1,0,HNI,10,T Nagar Branch,Chennai,784100,79,81.1,Fixed Deposit
579,46,19,49,226034,3,2.5,2,0,0,0,0,1,1,Mass,10,Hazratganj Branch,Lucknow,181400,53,42.8,Life Insurance
580,57,33,88,560097,1,2.7,2,0,0,0,0,1,0,Mass Affluent,13,Koramangala Branch,Bengaluru,328000,77,68.8,Credit Card
581,52,22,22,500043,4,0.4,3,0,0,0,0,1,1,Mass,18,Secunderabad Branch,Hyderabad,106700,47,33.5,Life Insurance
582,28,3,55,500062,4,2.2,1,0,0,0,0,1,1,Mass,3,Banjara Hills Branch,Hyderabad,154500,56,36.6,Life Insurance
583,44,18,72,400075,1,0.7,3,155,0,0,0,0,0,Mass Affluent,21,Andheri East Branch,Mumbai,327500,70,68.1,Credit Card
584,24,-1,38,560047,2,1.7,2,0,0,0,0,1,0,Mass,3,Indiranagar Branch,Bengaluru,69100,49,22.6,Credit Card
585,40,16,114,682033,1,3.4,1,300,0,0,0,1,0,Affluent,7,MG Road Kochi Branch,Kochi,496100,73,69.1,Fixed Deposit
586,34,4,83,411019,4,4.0,3,0,0,0,0,1,0,Mass Affluent,4,Kothrud Branch,Pune,226900,63,51.9,Credit Card
587,39,14,101,110027,2,0.4,1,0,0,0,0,1,1,Mass Affluent,1,Connaught Place Branch,Delhi,240300,78,54.1,Fixed Deposit
588,50,24,94,560006,1,4.9,1,272,0,0,0,1,0,Affluent,17,Koramangala Branch,Bengaluru,624700,71,76.4,Credit Card
589,41,17,40,110074,2,2.5,1,0,0,0,1,1,1,Mass Affluent,8,Connaught Place Branch,Delhi,215600,57,44.1,Home Loan
590,31,7,128,400039,1,6.0,1,0,0,0,0,0,0,Affluent,7,Fort Branch,Mumbai,511700,74,72.8,Fixed Deposit
591,29,3,39,452046,4,2.1,3,0,0,0,0,1,0,Mass,4,Palasia Branch,Indore,62700,41,20.9,Credit Card
592,30,5,51,500090,1,1.0,1,0,0,0,0,1,0,Mass,3,Secunderabad Branch,Hyderabad,86600,63,30.5,Credit Card
593,44,20,79,560029,4,2.0,3,0,0,1,1,1,1,Affluent,7,Koramangala Branch,Bengaluru,416300,83,63.5,Home Loan
594,33,7,48,600053,4,2.2,2,0,0,0,0,1,0,Mass,5,T Nagar Branch,Chennai,101400,49,29.9,Credit Card
595,50,26,85,400053,1,0.0,1,144,0,0,0,0,0,Mass Affluent,6,Bandra West Branch,Mumbai,229700,75,54.6,Credit Card
596,42,18,41,110094,1,1.8,1,94,0,0,0,1,0,Mass,1,Karol Bagh Branch,Delhi,123700,50,28.3,Credit Card
597,48,22,152,700006,1,3.5,3,0,1,0,0,1,0,Affluent,21,Howrah Branch,Kolkata,862900,71,83.9,Home Loan
598,24,-2,125,411035,2,7.2,1,0,0,1,0,0,1,Affluent,2,Viman Nagar Branch,Pune,628900,81,68.8,Fixed Deposit
599,56,31,11,395064,2,0.2,3,90,0,0,0,0,0,Mass,7,Ring Road Branch,Surat,68000,45,20.6,Life Insurance
600,28,4,103,600015,2,2.5,1,0,0,0,0,1,1,Mass Affluent,4,OMR Branch,Chennai,324100,66,59.2,Fixed Deposit
601,56,30,141,500015,2,0.5,1,0,0,0,0,1,0,Affluent,23,Banjara Hills Branch,Hyderabad,598400,89,88.5,Fixed Deposit
602,58,32,38,380048,1,1.4,1,0,0,0,0,1,1,Mass,10,Navrangpura Branch,Ahmedabad,138200,56,36.5,Life Insurance
603,29,5,135,682009,2,0.6,1,0,0,0,0,0,0,Affluent,3,Kakkanad Branch,Kochi,283500,83,64.1,Fixed Deposit
604,63,38,28,700068,2,0.5,2,89,0,0,0,1,0,Mass,20,Howrah Branch,Kolkata,166000,54,44.2,Life Insurance
605,28,3,70,440018,4,2.2,1,240,0,0,0,0,1,Mass Affluent,0,Dharampeth Branch,Nagpur,213000,56,41.3,Auto Loan
606,57,31,41,380043,1,0.2,1,0,0,0,0,1,1,Mass,25,Maninagar Branch,Ahmedabad,203000,70,57.3,Life Insurance
607,34,8,81,226006,3,0.9,2,208,0,0,0,1,0,Mass Affluent,1,Gomti Nagar Branch,Lucknow,211900,69,47.7,Credit Card
608,28,3,170,400086,1,0.1,3,0,1,0,0,0,0,Affluent,4,Andheri East Branch,Mumbai,364300,69,63.9,Home Loan
609,27,2,55,700028,4,1.7,2,0,0,0,0,1,0,Mass,5,Park Street Branch,Kolkata,107500,53,32.6,Home Loan
610,37,11,24,560013,4,1.5,3,0,0,0,0,0,0,Mass,9,Whitefield Branch,Bengaluru,34500,34,17.4,Life Insurance
611,52,28,81,600064,3,1.8,2,275,0,0,0,0,0,Mass Affluent,14,T Nagar Branch,Chennai,361100,77,68.0,Credit Card
612,49,23,32,411022,4,1.8,1,83,0,0,0,0,0,Mass,13,Kothrud Branch,Pune,151900,41,35.7,Life Insurance
613,65,40,129,440085,1,1.3,1,0,0,0,0,1,1,Affluent,4,Dharampeth Branch,Nagpur,413800,92,70.4,Fixed Deposit
614,60,35,108,395002,1,0.9,1,0,0,1,0,0,0,Affluent,22,Vesu Branch,Surat,502600,91,82.4,Fixed Deposit
615,37,12,180,110006,1,8.6,1,0,0,0,0,1,1,HNI,10,Connaught Place Branch,Delhi,1178500,75,80.6,Home Loan
616,63,37,139,700043,2,6.9,1,0,0,0,0,0,0,Affluent,3,Howrah Branch,Kolkata,537900,81,73.2,Fixed Deposit
617,40,14,33,700016,2,1.4,3,0,0,0,0,1,1,Mass,8,Park Street Branch,Kolkata,116200,50,30.7,Home Loan
618,46,20,74,560032,4,2.6,3,0,0,0,0,1,0,Mass Affluent,10,Whitefield Branch,Bengaluru,225900,68,55.4,Credit Card
619,63,37,42,400012,2,0.7,3,115,0,0,0,1,0,Mass,21,Fort Branch,Mumbai,241100,64,57.1,Life Insurance
620,57,27,73,400031,1,3.0,3,0,0,0,0,0,0,Mass Affluent,6,Andheri East Branch,Mumbai,184600,67,48.4,Credit Card
621,33,8,115,380084,4,2.9,2,0,1,0,0,1,0,Affluent,6,Navrangpura Branch,Ahmedabad,366200,59,61.1,Fixed Deposit
622,41,17,114,500078,2,1.8,2,0,0,0,0,1,0,Affluent,13,Hitech City Branch,Hyderabad,396900,76,73.0,Fixed Deposit
623,41,17,92,395003,2,1.9,1,131,0,0,0,1,0,Mass Affluent,5,Ring Road Branch,Surat,310200,67,58.6,Credit Card
624,44,19,34,500015,1,0.3,3,78,0,0,0,1,0,Mass,14,Banjara Hills Branch,Hyderabad,157700,57,41.2,Credit Card
625,33,6,54,440056,2,1.67,2,122,0,0,0,1,0,Mass,5,Wardha Road Branch,Nagpur,181300,56,41.1,Credit Card
626,52,28,64,560089,2,1.0,3,211,0,0,0,1,0,Mass Affluent,13,Indiranagar Branch,Bengaluru,265400,63,56.5,Credit Card
627,30,6,42,380050,1,0.2,3,100,0,0,0,0,1,Mass,3,Satellite Branch,Ahmedabad,146800,55,32.9,Mutual Funds
628,45,19,70,400021,3,2.1,1,0,0,0,0,1,0,Mass Affluent,8,Andheri East Branch,Mumbai,181200,66,48.5,Credit Card
629,49,24,51,600090,1,1.3,2,0,0,0,0,0,0,Mass,24,OMR Branch,Chennai,157900,63,52.0,Credit Card
630,45,19,71,380010,4,2.9,1,218,0,0,1,1,1,Mass Affluent,13,Maninagar Branch,Ahmedabad,514400,67,65.3,Life Insurance
631,32,7,35,452011,3,1.3,1,108,0,0,0,0,1,Mass,9,MG Road Branch,Indore,178900,44,37.2,Auto Loan
632,45,18,40,302047,3,1.0,2,0,0,0,0,1,0,Mass,15,Vaishali Nagar Branch,Jaipur,90700,57,35.1,Credit Card
633,57,32,165,400053,4,2.7,3,0,1,0,0,1,0,Affluent,16,Andheri East Branch,Mumbai,784700,75,81.5,Home Loan
634,61,31,18,560088,1,1.5,3,0,0,0,0,1,1,Mass,20,Whitefield Branch,Bengaluru,102500,43,32.7,Life Insurance
635,57,31,32,400008,3,1.4,1,0,0,1,1,1,1,Mass Affluent,23,Bandra West Branch,Mumbai,345000,63,62.7,Life Insurance
636,60,35,35,400063,3,0.2,1,169,0,0,0,1,0,Mass,24,Fort Branch,Mumbai,203200,56,52.5,Life Insurance
637,40,16,120,411064,2,6.1,1,196,0,0,0,1,0,Affluent,10,Hinjewadi Branch,Pune,696300,72,74.7,Fixed Deposit
638,53,28,31,700033,4,0.1,3,0,0,0,0,1,0,Mass,23,Salt Lake Branch,Kolkata,80200,56,36.8,Life Insurance
639,42,16,35,380060,3,1.5,1,0,0,0,0,0,0,Mass,7,Maninagar Branch,Ahmedabad,68600,56,26.5,Credit Card
640,62,36,32,226048,2,0.2,3,0,0,0,0,1,1,Mass,6,Hazratganj Branch,Lucknow,99000,63,30.5,Life Insurance
641,43,18,85,700063,1,3.7,3,327,0,1,0,1,0,Affluent,16,Howrah Branch,Kolkata,610900,74,73.6,Credit Card
642,35,10,139,380088,2,7.8,1,0,0,0,0,0,0,Affluent,5,Satellite Branch,Ahmedabad,599900,75,74.2,Fixed Deposit
643,50,24,103,400097,1,0.3,1,0,0,0,0,1,0,Mass Affluent,25,Andheri East Branch,Mumbai,420500,89,83.9,Fixed Deposit
644,45,21,152,110022,2,1.4,1,0,0,0,0,1,0,Affluent,4,Karol Bagh Branch,Delhi,420700,86,72.8,Home Loan
645,52,27,33,411085,2,2.0,2,0,0,0,0,1,0,Mass,5,Viman Nagar Branch,Pune,56500,44,20.8,Life Insurance
646,35,9,84,226087,4,2.2,2,322,0,0,0,0,0,Mass Affluent,6,Aliganj Branch,Lucknow,280800,66,56.4,Credit Card
647,58,33,61,400075,4,1.7,1,0,0,0,0,0,0,Mass,6,Andheri East Branch,Mumbai,131700,63,39.2,Credit Card
648,62,38,64,500039,4,2.2,1,123,0,1,1,1,1,Mass Affluent,16,Hitech City Branch,Hyderabad,605000,75,69.1,Life Insurance
649,50,25,34,411080,1,1.3,2,0,0,0,0,1,0,Mass,10,Viman Nagar Branch,Pune,76700,62,30.6,Credit Card
650,25,-1,82,400034,4,2.1,3,0,0,0,0,1,0,Mass Affluent,1,Andheri East Branch,Mumbai,171400,70,45.7,Credit Card
651,47,22,122,560017,1,5.1,3,163,1,1,0,0,0,Affluent,1,Indiranagar Branch,Bengaluru,557500,70,61.4,Fixed Deposit
652,28,4,58,160014,3,1.5,1,131,0,0,0,0,0,Mass,2,IT Park Branch,Chandigarh,154100,54,35.5,Life Insurance
653,34,9,92,411063,1,2.8,1,0,0,0,0,1,0,Mass Affluent,0,Kothrud Branch,Pune,213300,73,51.6,Credit Card
654,49,23,78,110099,2,2.4,2,205,0,0,0,0,1,Mass Affluent,9,Karol Bagh Branch,Delhi,355700,64,59.2,Life Insurance
655,54,29,129,226072,4,4.2,3,0,1,0,0,0,0,Affluent,18,Aliganj Branch,Lucknow,665700,69,78.6,Fixed Deposit
656,50,25,13,560097,2,0.7,3,0,0,0,0,0,0,Mass,18,Indiranagar Branch,Bengaluru,24000,43,22.9,Credit Card
657,37,11,81,226066,1,2.8,3,145,0,0,0,0,0,Mass Affluent,11,Aliganj Branch,Lucknow,352400,65,62.8,Credit Card
658,38,8,23,110087,1,0.67,3,0,0,0,0,0,0,Mass,8,Karol Bagh Branch,Delhi,31100,46,19.4,Credit Card
659,52,26,35,600004,3,0.9,3,0,0,0,0,0,0,Mass,22,OMR Branch,Chennai,90800,59,39.1,Life Insurance
660,63,39,79,560001,4,1.7,2,0,0,0,0,1,1,Mass Affluent,5,Whitefield Branch,Bengaluru,256600,78,56.0,Life Insurance
661,39,14,165,110065,2,3.3,1,0,0,0,0,1,0,Affluent,9,Dwarka Branch,Delhi,650500,83,80.4,Home Loan
662,63,38,52,160023,2,2.8,1,0,0,0,0,1,0,Mass,19,Sector 35 Branch,Chandigarh,174600,62,51.1,Life Insurance
663,65,41,185,110021,3,2.0,2,0,1,0,0,0,0,HNI,11,Connaught Place Branch,Delhi,702300,83,79.9,Home Loan
664,46,20,49,400004,3,2.2,2,0,0,0,0,0,0,Mass,16,Andheri East Branch,Mumbai,137400,57,42.9,Life Insurance
665,54,30,64,560058,1,1.8,3,227,0,0,0,0,1,Mass Affluent,17,Whitefield Branch,Bengaluru,395800,71,66.6,Life Insurance
666,54,24,61,700056,4,2.0,3,0,0,1,0,1,0,Mass Affluent,12,Salt Lake Branch,Kolkata,240200,67,54.4,Credit Card
667,52,26,112,302040,1,2.4,1,0,0,1,1,1,1,Affluent,2,Vaishali Nagar Branch,Jaipur,506100,99,68.0,Life Insurance
668,63,39,72,395035,3,2.0,3,190,0,1,0,1,0,Mass Affluent,21,Adajan Branch,Surat,535500,77,74.7,Credit Card
669,66,41,18,110048,3,0.5,1,0,0,0,0,0,0,Mass,22,Dwarka Branch,Delhi,33700,49,27.9,Life Insurance
670,56,29,41,560040,4,2.5,2,0,0,0,0,0,0,Mass,13,Whitefield Branch,Bengaluru,102400,58,36.0,Life Insurance
671,23,-1,61,400004,4,2.6,1,239,0,0,0,1,0,Mass Affluent,1,Fort Branch,Mumbai,198700,58,41.7,Credit Card
672,65,41,105,600051,1,3.0,2,282,1,1,1,1,0,Affluent,8,OMR Branch,Chennai,695500,83,68.6,Credit Card
673,51,27,23,395067,1,0.2,1,0,0,0,0,1,0,Mass,21,Adajan Branch,Surat,57500,60,33.1,Life Insurance
674,34,10,22,700036,1,0.5,3,85,0,0,0,0,0,Mass,6,Salt Lake Branch,Kolkata,80800,46,22.7,Credit Card
675,49,23,59,600099,3,2.1,1,0,0,0,0,0,0,Mass,17,Anna Nagar Branch,Chennai,170100,62,50.1,Home Loan
676,29,2,33,560082,1,2.0,2,160,0,0,0,0,0,Mass,2,Whitefield Branch,Bengaluru,105400,37,22.5,Gold Loan
677,47,23,11,682018,1,0.9,3,103,0,0,0,0,1,Mass,9,MG Road Kochi Branch,Kochi,113600,32,24.2,Gold Loan
678,46,21,204,500072,2,2.8,1,0,0,0,0,1,0,HNI,3,Secunderabad Branch,Hyderabad,686800,93,80.7,Home Loan
679,52,27,61,400088,4,1.8,3,207,0,0,0,0,0,Mass Affluent,14,Bandra West Branch,Mumbai,258800,60,55.5,Credit Card
680,55,31,103,560088,3,1.8,2,364,0,0,0,0,0,Affluent,28,Whitefield Branch,Bengaluru,620400,76,82.8,Fixed Deposit
681,61,36,51,400029,3,1.5,1,0,0,0,0,0,1,Mass,4,Bandra West Branch,Mumbai,142300,62,36.7,Life Insurance
682,34,9,164,110002,1,6.0,3,0,1,0,0,1,0,HNI,1,Karol Bagh Branch,Delhi,603400,68,68.1,Home Loan
683,58,34,12,400042,1,0.1,2,0,0,0,0,0,1,Mass,25,Fort Branch,Mumbai,82300,53,35.2,Life Insurance
684,40,16,82,500087,1,3.6,2,0,0,0,0,0,0,Mass Affluent,13,Secunderabad Branch,Hyderabad,278400,66,61.9,Credit Card
685,43,17,164,411084,1,2.4,1,449,0,0,0,1,0,HNI,9,Kothrud Branch,Pune,695300,78,76.9,Fixed Deposit
686,35,8,48,560008,2,1.67,2,0,0,0,0,1,0,Mass,2,Indiranagar Branch,Bengaluru,91700,61,29.8,Home Loan
687,24,-1,38,560077,4,0.6,2,0,0,0,0,1,0,Mass,1,Whitefield Branch,Bengaluru,49700,45,18.6,Credit Card
688,48,22,65,641094,2,1.5,2,0,0,0,0,1,0,Mass Affluent,10,Gandhipuram Branch,Coimbatore,163900,65,46.8,Credit Card
689,44,20,71,700001,4,1.9,1,207,0,0,0,1,0,Mass Affluent,12,Park Street Branch,Kolkata,298100,57,57.4,Credit Card
690,54,30,18,600024,1,0.3,1,0,0,1,1,1,0,Mass,19,OMR Branch,Chennai,186200,70,49.1,Life Insurance
691,59,34,52,110097,2,1.6,3,75,0,0,0,1,0,Mass,8,Karol Bagh Branch,Delhi,202100,62,46.3,Life Insurance
692,45,18,48,160033,3,2.5,2,113,0,0,0,1,1,Mass,19,IT Park Branch,Chandigarh,359800,55,61.1,Life Insurance
693,26,2,30,110085,1,1.0,3,111,0,0,0,0,0,Mass,2,Dwarka Branch,Delhi,95800,45,22.8,Gold Loan
694,40,15,40,560047,2,2.2,3,107,0,0,0,1,0,Mass,6,Indiranagar Branch,Bengaluru,156800,47,34.5,Life Insurance
695,32,7,112,682084,1,3.8,1,81,0,0,0,1,0,Affluent,3,MG Road Kochi Branch,Kochi,427700,73,64.9,Fixed Deposit
696,29,4,115,500009,1,1.9,1,0,0,0,0,0,0,Affluent,1,Banjara Hills Branch,Hyderabad,244500,75,56.7,Fixed Deposit
697,51,27,63,700097,2,1.0,3,82,0,0,0,1,0,Mass,21,Salt Lake Branch,Kolkata,351500,76,69.8,Credit Card
698,42,17,85,600053,1,3.7,3,0,0,0,0,1,0,Mass Affluent,4,T Nagar Branch,Chennai,233700,69,54.3,Credit Card
699,64,38,59,411097,1,2.5,3,220,0,0,0,0,0,Mass Affluent,12,Viman Nagar Branch,Pune,267900,64,55.7,Life Insurance
700,44,20,68,110057,1,0.8,3,91,0,0,0,0,0,Mass Affluent,16,Connaught Place Branch,Delhi,287300,72,62.5,Credit Card
701,37,11,84,110054,2,1.8,1,0,0,0,0,1,1,Mass Affluent,2,Dwarka Branch,Delhi,227400,70,50.6,Home Loan
702,44,19,62,560017,3,0.8,3,0,0,0,0,0,1,Mass,9,Whitefield Branch,Bengaluru,177400,67,46.5,Life Insurance
703,35,9,109,110050,3,4.0,1,0,1,0,0,0,0,Affluent,6,Connaught Place Branch,Delhi,358700,60,60.6,Fixed Deposit
704,41,17,141,160092,2,7.6,1,92,0,0,0,0,0,HNI,8,Sector 17 Branch,Chandigarh,824600,75,76.4,Fixed Deposit
705,56,32,129,110067,1,7.4,1,0,0,0,0,0,0,Affluent,22,Dwarka Branch,Delhi,893800,78,88.3,Fixed Deposit
706,62,36,30,600056,3,0.7,2,0,0,0,0,1,0,Mass,9,Anna Nagar Branch,Chennai,51000,56,25.2,Life Insurance
707,58,34,148,380084,1,4.7,1,0,0,0,0,1,0,Affluent,12,Satellite Branch,Ahmedabad,707600,81,81.9,Fixed Deposit
708,47,20,25,380095,3,0.67,2,0,0,0,0,1,1,Mass,21,Maninagar Branch,Ahmedabad,128200,56,40.5,Life Insurance
709,35,10,21,560071,3,1.3,1,115,0,0,0,0,0,Mass,10,Koramangala Branch,Bengaluru,97400,36,24.6,Life Insurance
710,29,4,72,500075,4,2.2,1,0,0,0,0,1,0,Mass Affluent,3,Secunderabad Branch,Hyderabad,154700,57,40.1,Credit Card
711,43,17,59,395082,3,0.9,3,87,0,0,0,1,1,Mass,14,Adajan Branch,Surat,312000,62,58.3,Life Insurance
712,62,37,83,411084,3,1.8,2,187,0,1,0,0,0,Affluent,5,Hinjewadi Branch,Pune,332000,78,60.0,Credit Card
713,41,16,10,302088,2,0.3,2,0,0,0,0,1,0,Mass,9,Malviya Nagar Branch,Jaipur,12000,49,17.9,Credit Card
714,34,9,84,160094,3,0.6,2,0,0,0,0,1,0,Mass Affluent,7,IT Park Branch,Chandigarh,194800,73,53.1,Credit Card
715,50,23,98,380054,3,2.0,2,0,0,0,0,0,0,Mass Affluent,28,Maninagar Branch,Ahmedabad,450800,77,81.4,Credit Card
716,47,23,32,110087,1,1.0,1,0,0,1,1,1,1,Mass Affluent,4,Karol Bagh Branch,Delhi,206000,70,42.7,Home Loan
717,29,5,31,600008,4,0.4,2,161,0,0,0,1,1,Mass,6,Anna Nagar Branch,Chennai,144100,42,30.0,Gold Loan
718,59,34,94,400012,3,0.5,1,0,0,0,0,0,1,Mass Affluent,19,Bandra West Branch,Mumbai,372600,84,74.5,Life Insurance
719,56,31,21,411030,2,0.2,3,137,0,0,1,1,1,Mass,3,Hinjewadi Branch,Pune,170800,62,35.5,Life Insurance
720,61,35,110,641090,3,4.4,1,0,0,1,0,1,0,Affluent,14,Gandhipuram Branch,Coimbatore,646400,89,80.1,Fixed Deposit
721,58,32,38,500069,1,2.2,3,0,0,0,0,0,0,Mass,24,Secunderabad Branch,Hyderabad,111100,51,41.1,Life Insurance
722,49,24,39,560019,1,1.4,3,0,0,0,0,1,0,Mass,14,Whitefield Branch,Bengaluru,101800,58,36.0,Credit Card
723,45,21,132,400043,3,1.2,2,0,1,0,1,1,1,Affluent,19,Andheri East Branch,Mumbai,759900,81,78.4,Mutual Funds
724,50,24,61,641007,4,2.6,1,0,0,0,0,1,0,Mass Affluent,16,Gandhipuram Branch,Coimbatore,198800,59,52.4,Credit Card
725,64,38,92,400051,1,2.0,1,0,0,0,0,1,0,Mass Affluent,13,Bandra West Branch,Mumbai,313400,76,68.0,Credit Card
726,39,15,119,400046,2,6.1,1,0,0,0,0,0,0,Affluent,1,Fort Branch,Mumbai,364800,69,63.1,Fixed Deposit
727,58,33,53,110089,4,2.1,1,0,0,0,0,1,0,Mass,20,Karol Bagh Branch,Delhi,179900,66,53.5,Life Insurance
728,62,37,18,400003,3,1.3,2,0,0,0,0,1,0,Mass,17,Bandra West Branch,Mumbai,35600,40,22.9,Life Insurance
729,45,20,114,500064,2,4.4,2,0,1,0,0,0,0,Affluent,20,Banjara Hills Branch,Hyderabad,617200,65,77.4,Fixed Deposit
730,58,28,90,500097,1,3.0,3,0,0,0,0,0,1,Mass Affluent,25,Banjara Hills Branch,Hyderabad,528800,75,80.0,Life Insurance
731,43,18,140,560018,1,7.0,1,205,0,0,0,1,0,HNI,8,Indiranagar Branch,Bengaluru,821900,74,76.1,Fixed Deposit
732,28,3,90,400027,2,3.3,1,0,0,0,0,1,1,Mass Affluent,5,Fort Branch,Mumbai,312100,67,58.6,Auto Loan
733,26,1,85,400018,1,1.9,1,0,0,0,0,1,0,Mass Affluent,2,Andheri East Branch,Mumbai,180400,73,48.8,Credit Card
734,49,24,80,560014,1,1.2,1,0,0,0,0,1,0,Mass Affluent,10,Indiranagar Branch,Bengaluru,217600,75,56.9,Credit Card
735,66,42,53,400019,2,1.1,1,0,0,0,0,1,1,Mass,16,Fort Branch,Mumbai,218800,67,54.3,Life Insurance
736,33,7,49,411045,4,2.2,2,0,0,0,0,1,0,Mass,6,Viman Nagar Branch,Pune,100700,52,31.3,Credit Card
737,61,35,152,110052,3,3.3,3,0,1,0,0,1,0,Affluent,10,Connaught Place Branch,Delhi,631800,72,74.7,Home Loan
738,64,37,138,560048,2,2.8,2,0,1,0,0,1,0,Affluent,18,Whitefield Branch,Bengaluru,705100,77,81.5,Fixed Deposit
739,36,10,80,560060,4,2.2,2,0,0,0,0,1,0,Mass Affluent,8,Whitefield Branch,Bengaluru,210700,65,52.5,Credit Card
740,49,23,82,560026,2,2.4,2,0,0,0,0,0,0,Mass Affluent,23,Indiranagar Branch,Bengaluru,327000,70,72.2,Credit Card
741,52,27,195,400095,1,8.1,1,0,0,0,0,0,0,HNI,15,Bandra West Branch,Mumbai,1347700,86,90.1,Home Loan
742,61,37,22,400050,1,1.2,3,0,0,0,0,1,0,Mass,6,Fort Branch,Mumbai,32000,52,19.6,Life Insurance
743,32,6,81,226058,1,2.5,1,0,0,0,0,1,0,Mass Affluent,7,Hazratganj Branch,Lucknow,227100,67,54.2,Credit Card
744,61,37,40,400091,4,2.2,1,0,0,1,1,1,1,Mass Affluent,17,Fort Branch,Mumbai,384000,73,63.7,Life Insurance
745,45,20,154,500007,2,2.8,1,0,0,1,0,1,0,Affluent,8,Secunderabad Branch,Hyderabad,651900,89,78.2,Home Loan
746,30,4,49,500002,3,1.1,2,0,0,0,0,0,1,Mass,4,Secunderabad Branch,Hyderabad,123900,58,33.1,Home Loan
747,62,37,85,560064,4,3.4,2,0,0,0,0,1,0,Mass Affluent,6,Whitefield Branch,Bengaluru,257800,77,59.5,Credit Card
748,57,32,21,560057,3,0.1,2,0,0,1,1,1,0,Mass,12,Whitefield Branch,Bengaluru,154700,75,42.4,Life Insurance
749,41,17,14,380002,1,1.0,1,0,0,0,0,0,0,Mass,7,Navrangpura Branch,Ahmedabad,24200,49,17.9,Gold Loan
750,58,34,60,302063,4,1.6,2,0,0,0,0,0,1,Mass,11,Malviya Nagar Branch,Jaipur,203900,64,49.6,Life Insurance
751,29,5,138,110086,2,4.33,1,0,0,0,0,1,0,Affluent,5,Karol Bagh Branch,Delhi,477100,73,70.9,Fixed Deposit
752,53,28,98,560095,1,1.3,3,355,0,0,0,1,0,Affluent,25,Whitefield Branch,Bengaluru,580500,79,82.5,Credit Card
753,64,39,22,110015,4,0.6,2,0,0,0,0,0,0,Mass,6,Dwarka Branch,Delhi,33400,55,20.5,Life Insurance
754,49,23,49,500072,1,1.2,2,0,0,0,0,1,1,Mass,22,Banjara Hills Branch,Hyderabad,231400,62,57.2,Mutual Funds
755,38,14,102,411037,2,1.9,1,0,0,0,1,1,1,Affluent,4,Viman Nagar Branch,Pune,398100,86,65.0,Home Loan
756,56,30,45,110041,4,0.7,2,0,0,0,0,0,1,Mass,20,Dwarka Branch,Delhi,183200,70,53.0,Life Insurance
757,56,31,82,560095,4,1.3,3,0,0,0,0,1,0,Mass Affluent,2,Koramangala Branch,Bengaluru,169300,75,47.2,Credit Card
758,52,28,81,452034,3,1.8,2,0,0,1,0,0,0,Mass Affluent,11,Vijay Nagar Branch,Indore,308900,84,65.3,Credit Card
759,64,39,35,400036,1,1.5,2,0,0,1,0,0,0,Mass,2,Fort Branch,Mumbai,105200,73,31.8,Life Insurance
760,53,28,59,500004,2,1.9,2,0,0,0,0,1,0,Mass,22,Secunderabad Branch,Hyderabad,223300,73,61.7,Life Insurance
761,29,3,52,700038,3,1.1,2,0,0,0,0,1,0,Mass,3,Park Street Branch,Kolkata,84100,59,29.4,Credit Card
762,48,24,84,400029,3,0.7,1,166,0,0,0,1,0,Mass Affluent,13,Andheri East Branch,Mumbai,341200,78,67.3,Credit Card
763,32,6,85,400047,1,2.7,2,100,0,0,0,1,0,Mass Affluent,6,Andheri East Branch,Mumbai,324600,66,59.5,Credit Card
764,54,28,65,400040,1,0.2,1,0,0,0,0,0,1,Mass,6,Bandra West Branch,Mumbai,163200,75,45.2,Life Insurance
765,37,13,89,682061,2,1.7,2,314,0,0,0,0,1,Mass Affluent,3,Edappally Branch,Kochi,297200,68,54.4,Life Insurance
766,47,21,109,400057,4,1.8,1,0,1,0,0,0,0,Affluent,19,Bandra West Branch,Mumbai,417100,61,71.0,Fixed Deposit
767,37,12,81,110099,1,2.8,1,0,0,0,0,0,0,Mass Affluent,10,Connaught Place Branch,Delhi,229600,64,55.5,Credit Card
768,64,39,38,400022,1,1.1,3,108,0,0,0,0,0,Mass,20,Andheri East Branch,Mumbai,211700,61,52.4,Life Insurance
769,43,19,72,400014,2,1.7,1,0,0,0,0,1,0,Mass Affluent,17,Fort Branch,Mumbai,242100,70,61.1,Credit Card
770,33,6,78,600079,4,2.0,2,119,0,1,0,1,0,Mass Affluent,5,T Nagar Branch,Chennai,335800,68,57.0,Credit Card
771,26,2,172,110041,2,6.9,2,0,1,0,0,1,0,HNI,2,Karol Bagh Branch,Delhi,715700,70,71.2,Home Loan
772,42,18,71,600017,3,2.33,1,106,0,1,0,1,0,Mass Affluent,19,Anna Nagar Branch,Chennai,492500,69,70.5,Credit Card
773,54,28,165,600044,1,4.1,3,0,1,0,1,1,1,HNI,15,OMR Branch,Chennai,1131200,83,79.6,Home Loan
774,41,16,120,226043,2,3.9,1,0,0,0,0,1,1,Affluent,15,Gomti Nagar Branch,Lucknow,633000,75,77.4,Fixed Deposit
775,55,29,39,400098,1,0.2,1,0,0,0,0,0,1,Mass,10,Fort Branch,Mumbai,118400,66,36.7,Life Insurance
776,65,39,23,226054,3,0.7,2,0,0,0,0,0,1,Mass,13,Aliganj Branch,Lucknow,92200,57,31.3,Life Insurance
777,50,26,135,600068,2,4.6,3,91,1,0,0,1,0,Affluent,8,OMR Branch,Chennai,713200,71,71.4,Fixed Deposit
778,55,31,12,110039,2,0.2,1,76,0,0,0,1,1,Mass,17,Dwarka Branch,Delhi,168400,49,40.1,Life Insurance
779,62,36,92,380073,2,0.7,2,0,0,0,0,1,0,Mass Affluent,9,Satellite Branch,Ahmedabad,251800,84,63.0,Credit Card
780,53,28,192,226037,2,6.4,3,0,1,0,0,0,0,HNI,18,Aliganj Branch,Lucknow,1239700,71,84.9,Home Loan
781,32,7,42,110064,4,0.8,1,0,0,0,0,1,1,Mass,4,Dwarka Branch,Delhi,106600,57,30.0,Auto Loan
782,56,32,158,682021,3,3.7,3,0,1,0,0,1,0,Affluent,14,MG Road Kochi Branch,Kochi,769100,72,79.1,Home Loan
783,54,30,194,500081,3,6.0,3,587,1,1,1,1,1,HNI,16,Banjara Hills Branch,Hyderabad,1935300,88,76.6,Life Insurance
784,44,20,160,600043,2,7.6,1,0,0,1,0,0,0,HNI,6,OMR Branch,Chennai,880900,86,79.0,Home Loan
785,48,22,98,395037,2,6.3,1,0,0,0,0,0,0,Affluent,17,Vesu Branch,Surat,502700,71,76.3,Credit Card
786,46,22,164,560057,2,7.6,1,0,0,0,1,1,1,HNI,4,Whitefield Branch,Bengaluru,986000,87,76.1,Home Loan
787,45,21,42,302067,2,2.5,1,0,0,1,0,1,0,Mass Affluent,4,Malviya Nagar Branch,Jaipur,137500,61,34.8,Credit Card
788,45,15,202,560028,3,10.0,3,0,1,0,0,0,0,HNI,16,Indiranagar Branch,Bengaluru,1616000,74,85.0,Home Loan
789,58,34,10,380060,4,0.7,1,0,0,0,0,0,0,Mass,17,Navrangpura Branch,Ahmedabad,12000,36,19.5,Life Insurance
790,29,3,31,600098,4,0.3,2,0,0,0,0,1,0,Mass,6,OMR Branch,Chennai,44300,50,21.5,Credit Card
791,55,30,58,110070,4,0.9,1,0,0,0,0,1,1,Mass,25,Connaught Place Branch,Delhi,280900,63,64.2,Life Insurance
792,55,29,65,560054,4,2.8,2,0,0,0,0,1,0,Mass Affluent,22,Indiranagar Branch,Bengaluru,258100,66,63.8,Credit Card
793,41,16,98,560064,1,4.0,3,0,0,0,0,0,1,Affluent,9,Indiranagar Branch,Bengaluru,397800,71,66.3,Personal Loan
794,24,-2,150,400006,2,2.0,1,0,0,0,0,1,0,Affluent,2,Andheri East Branch,Mumbai,390800,79,68.5,Fixed Deposit
795,54,29,44,400063,2,2.3,3,0,0,0,0,1,0,Mass,10,Bandra West Branch,Mumbai,108700,54,34.6,Life Insurance
796,57,32,15,560051,2,0.2,3,0,0,0,0,0,1,Mass,21,Koramangala Branch,Bengaluru,83300,59,34.6,Life Insurance
797,30,6,82,400078,2,2.5,1,0,0,0,0,0,0,Mass Affluent,7,Bandra West Branch,Mumbai,202900,68,52.3,Credit Card
798,42,17,61,110091,3,0.5,3,0,0,0,0,1,0,Mass,7,Karol Bagh Branch,Delhi,122500,67,39.7,Credit Card
799,29,2,38,700042,1,2.0,2,0,0,0,0,0,0,Mass,4,Salt Lake Branch,Kolkata,66500,52,23.7,Credit Card
800,29,3,39,700018,4,2.1,3,0,0,0,0,1,0,Mass,7,Salt Lake Branch,Kolkata,73500,41,23.8,Life Insurance
801,31,7,173,700083,1,6.0,1,0,0,0,0,1,0,HNI,6,Howrah Branch,Kolkata,753600,77,78.6,Home Loan
802,47,23,8,560040,4,0.2,1,0,0,0,0,1,0,Mass,15,Indiranagar Branch,Bengaluru,14800,45,20.6,Credit Card
803,36,12,51,160008,3,2.0,1,214,0,0,0,1,0,Mass,9,IT Park Branch,Chandigarh,196200,46,42.2,Credit Card
804,52,27,62,600049,4,1.8,3,82,0,0,0,0,0,Mass Affluent,15,T Nagar Branch,Chennai,266200,58,56.3,Credit Card
805,54,28,34,400047,4,0.7,2,0,0,0,0,1,0,Mass,20,Bandra West Branch,Mumbai,77800,53,34.6,Life Insurance
806,55,29,132,400059,3,5.9,2,307,1,0,0,0,0,Affluent,21,Fort Branch,Mumbai,982300,62,79.4,Fixed Deposit
807,53,27,44,411061,4,1.5,3,0,0,0,0,0,0,Mass,3,Kothrud Branch,Pune,79300,57,27.3,Life Insurance
808,52,27,162,110017,1,8.1,1,0,0,0,0,1,0,HNI,10,Connaught Place Branch,Delhi,954400,82,83.8,Home Loan
809,64,39,64,500078,3,2.2,1,0,0,0,0,1,0,Mass Affluent,6,Hitech City Branch,Hyderabad,156900,71,44.8,Credit Card
810,54,29,111,395056,1,0.1,3,0,0,0,0,0,1,Mass Affluent,11,Adajan Branch,Surat,345200,90,70.6,Fixed Deposit
811,32,6,41,400078,2,2.0,3,0,0,0,0,0,0,Mass,1,Andheri East Branch,Mumbai,61800,51,21.9,Credit Card
812,63,33,52,400003,4,1.67,3,0,0,0,0,0,0,Mass,9,Fort Branch,Mumbai,118600,63,38.3,Life Insurance
813,36,10,65,395049,4,2.2,2,0,0,0,0,0,0,Mass Affluent,6,Ring Road Branch,Surat,144300,61,41.0,Credit Card
814,50,25,130,600081,1,1.1,2,0,1,0,0,1,0,Affluent,15,OMR Branch,Chennai,498800,75,75.0,Fixed Deposit
815,33,8,45,400044,2,0.1,1,0,0,0,0,0,1,Mass,7,Andheri East Branch,Mumbai,120000,63,35.5,Home Loan
816,62,38,35,160036,1,1.9,2,118,0,0,0,0,0,Mass,7,Sector 35 Branch,Chandigarh,148400,56,35.8,Life Insurance
817,49,23,65,160003,3,0.7,2,263,0,0,0,1,1,Mass Affluent,22,Sector 17 Branch,Chandigarh,409600,68,69.4,Life Insurance
818,41,15,38,600058,2,0.7,1,91,0,0,0,1,0,Mass,16,Anna Nagar Branch,Chennai,185800,56,46.1,Credit Card
819,51,27,42,411058,4,1.1,2,0,0,0,0,1,1,Mass,26,Hinjewadi Branch,Pune,225300,62,57.8,Life Insurance
820,56,30,45,110066,4,1.5,3,0,0,0,0,0,0,Mass,25,Dwarka Branch,Delhi,143800,59,49.3,Life Insurance
821,51,25,145,400038,1,0.3,1,0,0,0,0,1,0,Affluent,13,Andheri East Branch,Mumbai,458800,86,78.9,Fixed Deposit
822,39,13,33,600069,4,1.5,3,0,0,0,0,0,0,Mass,8,T Nagar Branch,Chennai,55700,45,22.8,Life Insurance
823,61,35,60,110052,3,1.4,3,0,0,0,0,0,0,Mass,5,Karol Bagh Branch,Delhi,118900,68,38.2,Life Insurance
824,35,9,45,411023,1,2.0,1,0,0,0,0,1,1,Mass,10,Kothrud Branch,Pune,159900,53,39.7,Personal Loan
825,39,15,72,302008,4,2.4,1,0,0,1,0,1,0,Mass Affluent,8,C Scheme Branch,Jaipur,262700,70,55.7,Credit Card
826,37,11,34,400099,3,0.2,2,0,0,0,0,0,0,Mass,15,Fort Branch,Mumbai,67200,52,30.0,Home Loan
827,48,21,23,600098,3,0.67,2,0,0,0,0,1,0,Mass,7,OMR Branch,Chennai,38200,51,20.6,Credit Card
828,63,37,45,110001,2,1.0,3,88,0,0,0,1,1,Mass,14,Connaught Place Branch,Delhi,288700,65,56.5,Life Insurance
829,35,9,28,160078,4,1.0,1,75,0,0,0,1,0,Mass,5,Sector 35 Branch,Chandigarh,97500,36,22.3,Credit Card
830,55,30,81,110069,4,3.8,2,0,0,0,0,1,0,Mass Affluent,15,Karol Bagh Branch,Delhi,318500,67,66.0,Credit Card
831,29,5,72,600043,3,0.7,2,81,0,0,0,0,0,Mass Affluent,7,T Nagar Branch,Chennai,225000,71,52.3,Credit Card
832,61,31,49,600012,4,1.67,3,0,0,0,0,1,0,Mass,7,Anna Nagar Branch,Chennai,111200,62,35.6,Life Insurance
833,36,10,31,560014,4,1.2,2,0,0,0,0,0,0,Mass,5,Koramangala Branch,Bengaluru,50900,47,20.7,Life Insurance
834,61,35,63,411082,3,2.2,3,0,0,0,0,0,0,Mass Affluent,14,Viman Nagar Branch,Pune,181000,65,51.1,Credit Card
835,36,12,150,700028,4,5.4,1,0,1,1,1,1,0,HNI,9,Salt Lake Branch,Kolkata,969800,84,75.3,Credit Card
836,58,33,142,600008,2,3.9,1,193,0,0,0,1,1,Affluent,11,Anna Nagar Branch,Chennai,846800,83,77.8,Fixed Deposit
837,42,17,74,380083,3,3.0,1,0,0,0,0,0,1,Mass Affluent,12,Maninagar Branch,Ahmedabad,291300,63,58.7,Life Insurance
838,30,4,24,395050,1,0.4,2,81,0,0,0,1,0,Mass,3,Adajan Branch,Surat,92700,47,23.0,Credit Card
839,45,20,29,560020,4,1.9,3,0,0,0,0,0,0,Mass,17,Whitefield Branch,Bengaluru,56900,41,26.6,Life Insurance
840,39,15,79,500089,4,2.4,1,0,0,0,0,0,0,Mass Affluent,3,Secunderabad Branch,Hyderabad,159700,62,42.7,Credit Card
841,27,3,94,400059,2,0.2,1,310,0,0,0,0,1,Mass Affluent,0,Fort Branch,Mumbai,229300,68,47.5,Mutual Funds
842,57,33,121,380028,1,4.3,1,0,0,1,0,0,0,Affluent,10,Navrangpura Branch,Ahmedabad,581600,88,76.7,Fixed Deposit
843,34,10,54,500041,3,2.0,1,0,0,0,0,0,0,Mass,6,Banjara Hills Branch,Hyderabad,102000,55,32.9,Life Insurance
844,64,39,73,560045,3,2.4,1,0,0,0,0,1,0,Mass Affluent,6,Whitefield Branch,Bengaluru,196200,71,50.6,Credit Card
845,47,23,71,400067,1,0.8,3,127,0,0,0,1,0,Mass Affluent,18,Bandra West Branch,Mumbai,324000,66,65.0,Credit Card
846,44,17,29,160027,3,1.0,2,0,0,0,0,1,1,Mass,17,Sector 17 Branch,Chandigarh,128300,52,37.4,Life Insurance
847,51,27,93,560084,1,2.7,1,0,0,0,0,1,0,Mass Affluent,5,Indiranagar Branch,Bengaluru,279900,83,62.8,Credit Card
848,40,14,73,411074,1,1.5,3,252,0,0,0,1,0,Mass Affluent,11,Viman Nagar Branch,Pune,299900,69,60.1,Credit Card
849,57,32,19,400097,4,0.9,2,0,0,0,0,1,0,Mass,8,Fort Branch,Mumbai,24800,48,18.6,Life Insurance
850,33,8,58,440028,2,0.1,1,0,0,1,1,1,1,Mass Affluent,7,Dharampeth Branch,Nagpur,289000,84,56.6,Home Loan
851,46,20,39,110024,1,0.2,1,0,0,0,0,0,0,Mass,3,Dwarka Branch,Delhi,55800,64,25.4,Credit Card
852,41,16,23,110074,2,1.4,2,0,0,1,0,1,0,Mass,5,Connaught Place Branch,Delhi,85900,53,24.6,Credit Card
853,33,7,29,226099,1,0.6,3,127,0,0,0,0,1,Mass,3,Aliganj Branch,Lucknow,120600,45,25.9,Gold Loan
854,27,2,155,682058,1,0.8,1,0,0,0,0,0,0,Affluent,3,MG Road Kochi Branch,Kochi,347500,84,68.8,Home Loan
855,52,28,90,110093,1,2.6,2,0,0,1,0,1,0,Affluent,8,Karol Bagh Branch,Delhi,368200,87,68.2,Credit Card
856,59,33,113,500059,2,2.0,1,77,0,0,0,1,0,Affluent,17,Banjara Hills Branch,Hyderabad,592600,80,78.8,Fixed Deposit
857,62,38,42,700099,1,1.8,3,0,0,0,0,0,0,Mass,18,Park Street Branch,Kolkata,121100,64,42.8,Life Insurance
858,49,25,30,160017,4,0.2,1,0,0,0,1,1,1,Mass,24,IT Park Branch,Chandigarh,223200,61,54.6,Home Loan
859,45,19,19,560090,3,0.5,2,0,0,0,0,1,0,Mass,8,Whitefield Branch,Bengaluru,32200,46,18.8,Credit Card
860,63,37,124,500097,3,5.0,2,170,1,0,0,0,0,Affluent,23,Hitech City Branch,Hyderabad,963400,70,82.2,Fixed Deposit
861,57,31,30,700013,2,0.7,2,145,0,0,0,0,0,Mass,22,Salt Lake Branch,Kolkata,166500,53,45.5,Life Insurance
862,60,30,28,700059,1,1.5,3,124,0,1,0,1,0,Mass,4,Salt Lake Branch,Kolkata,164200,55,34.2,Life Insurance
863,50,23,15,380077,2,1.0,2,101,0,0,0,0,0,Mass,11,Satellite Branch,Ahmedabad,87500,36,23.4,Life Insurance
864,54,30,70,600097,1,1.6,3,265,0,0,0,0,0,Mass Affluent,22,OMR Branch,Chennai,367200,68,69.7,Credit Card
865,28,2,10,400043,1,0.1,2,0,0,0,0,1,0,Mass,4,Fort Branch,Mumbai,12500,44,13.8,Credit Card
866,60,34,22,682098,3,0.3,3,139,0,0,0,1,1,Mass,11,Kakkanad Branch,Kochi,158000,47,35.2,Life Insurance
867,44,20,70,226038,4,1.9,1,0,0,0,0,1,0,Mass Affluent,3,Gomti Nagar Branch,Lucknow,149200,62,40.5,Credit Card
868,61,35,61,380051,1,1.6,1,0,0,0,0,0,0,Mass,14,Maninagar Branch,Ahmedabad,161600,71,49.8,Credit Card
869,40,15,161,400084,2,3.3,1,0,0,1,0,0,1,HNI,3,Fort Branch,Mumbai,642300,94,73.7,Home Loan
870,54,30,29,110041,2,0.8,1,0,0,0,0,0,1,Mass,21,Karol Bagh Branch,Delhi,130800,57,41.3,Life Insurance
871,43,19,35,700094,3,0.5,1,0,0,0,0,1,0,Mass,13,Howrah Branch,Kolkata,73000,55,30.4,Credit Card
872,54,28,48,400027,4,2.8,2,0,0,0,0,1,0,Mass,13,Andheri East Branch,Mumbai,134300,52,39.3,Life Insurance
873,32,7,44,440026,4,0.8,1,0,0,0,0,1,0,Mass,6,Wardha Road Branch,Nagpur,77200,53,27.9,Credit Card
874,24,0,88,560045,3,0.8,1,134,0,0,0,0,0,Mass Affluent,1,Whitefield Branch,Bengaluru,214100,76,50.5,Credit Card
875,30,4,40,700029,4,2.1,3,0,0,0,0,1,1,Mass,6,Salt Lake Branch,Kolkata,126000,46,30.4,Auto Loan
876,61,36,21,160076,4,0.4,2,123,0,0,0,0,0,Mass,10,Sector 17 Branch,Chandigarh,98200,47,27.5,Life Insurance
877,40,14,58,560027,2,2.8,1,0,0,0,0,1,0,Mass Affluent,14,Indiranagar Branch,Bengaluru,165300,53,45.2,Credit Card
878,35,11,59,560032,4,0.1,2,0,0,0,0,0,0,Mass,6,Whitefield Branch,Bengaluru,95400,61,33.9,Life Insurance
879,33,3,74,600017,4,4.0,3,0,0,0,0,0,0,Mass Affluent,6,T Nagar Branch,Chennai,195900,58,47.4,Credit Card
880,63,37,84,600026,4,1.9,2,0,0,0,0,1,0,Mass Affluent,25,T Nagar Branch,Chennai,375400,75,77.2,Credit Card
881,57,31,58,560002,1,0.2,1,177,0,0,0,1,0,Mass,3,Indiranagar Branch,Bengaluru,161500,69,40.8,Life Insurance
882,44,19,154,600033,2,8.8,1,0,0,0,0,1,0,HNI,3,Anna Nagar Branch,Chennai,716400,77,75.9,Home Loan
883,51,25,185,452018,1,1.7,1,0,0,0,0,0,0,HNI,6,Palasia Branch,Indore,556900,91,79.4,Home Loan
884,51,26,78,500037,1,1.2,1,305,0,0,0,1,0,Mass Affluent,3,Secunderabad Branch,Hyderabad,221900,64,48.3,Credit Card
885,38,13,55,110007,2,1.1,2,0,0,0,0,1,0,Mass,5,Karol Bagh Branch,Delhi,101200,60,33.6,Credit Card
886,31,5,30,560099,4,0.3,2,0,0,0,0,1,0,Mass,1,Whitefield Branch,Bengaluru,39200,49,17.5,Credit Card
887,54,29,74,560083,3,2.0,2,0,0,0,0,0,0,Mass Affluent,6,Whitefield Branch,Bengaluru,171600,69,47.4,Credit Card
888,41,16,118,400035,2,3.3,1,0,0,0,0,1,0,Affluent,14,Fort Branch,Mumbai,488500,76,76.4,Fixed Deposit
889,57,33,182,110006,2,3.3,3,372,1,0,0,0,0,HNI,6,Connaught Place Branch,Delhi,752400,76,72.8,Fixed Deposit
890,24,-2,82,411092,2,1.6,3,0,0,0,0,1,1,Mass Affluent,2,Viman Nagar Branch,Pune,213500,66,47.9,Home Loan
891,55,29,29,560050,4,1.5,3,79,0,0,0,1,0,Mass,26,Koramangala Branch,Bengaluru,206300,45,49.8,Life Insurance
892,32,6,120,641053,4,5.4,1,301,1,0,1,1,1,Affluent,5,RS Puram Branch,Coimbatore,749100,67,63.6,Auto Loan
893,38,12,53,110064,2,2.4,2,0,0,0,0,1,0,Mass,2,Dwarka Branch,Delhi,98600,58,30.6,Credit Card
894,58,32,43,400048,3,1.4,1,0,0,0,0,0,1,Mass,18,Andheri East Branch,Mumbai,187700,62,50.0,Life Insurance
895,29,4,59,700006,4,2.2,1,232,0,0,0,1,1,Mass Affluent,2,Salt Lake Branch,Kolkata,217500,45,39.4,Gold Loan
896,43,17,84,160062,4,2.6,3,289,0,1,1,1,1,Affluent,8,Sector 17 Branch,Chandigarh,592400,80,65.8,Life Insurance
897,50,24,161,110040,3,3.4,1,212,1,0,0,1,0,HNI,25,Dwarka Branch,Delhi,1197600,75,86.5,Fixed Deposit
898,62,37,21,110014,4,0.4,2,137,0,0,0,1,1,Mass,5,Dwarka Branch,Delhi,123300,44,26.5,Life Insurance
899,57,32,63,110074,4,0.7,1,0,0,0,0,1,0,Mass,14,Connaught Place Branch,Delhi,164300,67,49.4,Credit Card
900,30,3,172,500009,3,3.4,2,0,1,0,0,0,1,HNI,3,Banjara Hills Branch,Hyderabad,584100,69,66.4,Home Loan
901,30,4,51,500072,4,0.2,1,172,0,0,0,0,1,Mass,4,Secunderabad Branch,Hyderabad,165300,55,36.6,Auto Loan
902,57,33,24,110003,4,0.7,1,0,0,0,0,1,0,Mass,8,Connaught Place Branch,Delhi,36500,49,20.8,Life Insurance
903,57,33,95,400080,2,1.6,1,0,0,0,0,0,0,Mass Affluent,21,Andheri East Branch,Mumbai,376600,86,78.6,Credit Card
904,43,18,59,500057,1,2.4,1,250,0,0,0,1,0,Mass Affluent,11,Secunderabad Branch,Hyderabad,262900,59,53.5,Credit Card
905,28,2,51,641044,4,1.8,2,0,0,1,0,0,0,Mass Affluent,4,RS Puram Branch,Coimbatore,132700,59,34.7,Credit Card
906,46,22,28,411022,1,1.0,1,84,0,0,0,1,1,Mass,3,Kothrud Branch,Pune,139700,46,28.4,Personal Loan
907,29,3,154,500043,2,2.0,1,130,0,0,0,0,0,Affluent,0,Hitech City Branch,Hyderabad,417100,81,66.3,Fixed Deposit
908,64,40,15,400032,2,0.3,3,115,0,0,0,1,1,Mass,19,Andheri East Branch,Mumbai,179200,47,42.4,Life Insurance
909,66,36,55,110089,4,1.67,3,0,0,0,0,0,1,Mass,15,Dwarka Branch,Delhi,212800,71,54.3,Life Insurance
910,23,-1,149,110012,1,6.33,1,305,0,0,0,0,1,HNI,0,Karol Bagh Branch,Delhi,638500,73,66.3,Fixed Deposit
911,60,36,79,380078,1,1.8,3,0,0,0,0,0,1,Mass Affluent,20,Navrangpura Branch,Ahmedabad,369400,78,71.9,Life Insurance
912,47,21,68,160068,4,2.6,3,0,0,0,0,0,0,Mass Affluent,17,Sector 17 Branch,Chandigarh,216000,64,56.8,Credit Card
913,35,10,78,160087,1,2.6,2,0,0,0,0,1,0,Mass Affluent,4,Sector 17 Branch,Chandigarh,190600,71,49.2,Credit Card
914,57,32,34,395064,2,2.0,2,0,0,1,0,0,0,Mass,21,Adajan Branch,Surat,166900,54,45.8,Life Insurance
915,65,41,195,395045,3,0.4,1,0,1,1,1,0,1,HNI,22,Vesu Branch,Surat,1123900,96,84.4,Home Loan
916,53,28,184,641059,1,8.1,1,303,0,0,0,1,0,HNI,10,Peelamedu Branch,Coimbatore,1312500,84,83.4,Fixed Deposit
917,44,20,85,400083,2,3.2,1,0,0,0,0,1,0,Mass Affluent,17,Andheri East Branch,Mumbai,355700,76,72.0,Credit Card
918,45,20,200,400026,2,8.8,1,0,0,0,0,1,1,HNI,11,Andheri East Branch,Mumbai,1410200,78,82.8,Home Loan
919,41,16,64,560070,3,0.5,3,0,0,0,0,0,0,Mass,13,Whitefield Branch,Bengaluru,135200,62,44.1,Credit Card
920,51,27,88,600013,1,2.6,2,0,0,1,0,0,1,Affluent,24,T Nagar Branch,Chennai,616400,84,81.1,Life Insurance
921,27,1,42,400022,3,2.4,2,0,0,0,0,0,0,Mass,1,Andheri East Branch,Mumbai,64200,49,21.9,Credit Card
922,31,5,91,226013,3,1.6,1,126,0,0,0,1,1,Mass Affluent,2,Aliganj Branch,Lucknow,319300,71,56.2,Mutual Funds
923,32,6,38,600043,1,0.3,1,0,0,1,1,1,0,Mass Affluent,10,Anna Nagar Branch,Chennai,193400,74,47.0,Credit Card
924,55,30,28,600027,1,1.5,2,0,0,0,0,0,0,Mass,13,OMR Branch,Chennai,47900,47,24.7,Life Insurance
925,55,30,32,110087,4,0.1,3,0,0,1,0,0,0,Mass,16,Connaught Place Branch,Delhi,123800,65,39.9,Life Insurance
926,42,18,31,110024,1,0.3,3,0,0,0,0,0,1,Mass,10,Dwarka Branch,Delhi,101300,58,31.9,Gold Loan
927,33,9,22,110003,4,0.4,2,103,0,0,0,1,0,Mass,3,Connaught Place Branch,Delhi,80200,39,19.0,Credit Card
928,65,40,95,226073,3,3.7,2,138,1,0,0,0,1,Affluent,19,Hazratganj Branch,Lucknow,669600,59,71.0,Life Insurance
929,35,10,74,600077,4,1.3,1,0,0,0,0,1,0,Mass Affluent,8,T Nagar Branch,Chennai,179900,68,49.4,Credit Card
930,55,30,22,700029,1,1.5,2,91,0,0,0,0,1,Mass,14,Salt Lake Branch,Kolkata,185700,46,40.4,Life Insurance
931,28,4,43,110003,3,0.1,2,0,0,0,0,1,0,Mass,1,Karol Bagh Branch,Delhi,54600,56,23.0,Credit Card
932,27,3,43,560077,1,1.0,3,0,0,0,0,1,0,Mass,1,Whitefield Branch,Bengaluru,65200,57,24.2,Credit Card
933,51,27,112,560036,3,1.8,2,0,0,1,1,1,1,Affluent,10,Indiranagar Branch,Bengaluru,623200,95,74.1,Life Insurance
934,50,23,9,380042,2,1.0,2,0,0,0,0,1,0,Mass,24,Maninagar Branch,Ahmedabad,17300,37,24.2,Credit Card
935,58,33,81,380028,2,0.0,3,0,0,0,0,1,0,Mass Affluent,24,Navrangpura Branch,Ahmedabad,290000,81,73.0,Credit Card
936,46,20,131,110010,1,5.7,1,256,0,0,0,0,1,Affluent,11,Connaught Place Branch,Delhi,849200,77,76.1,Fixed Deposit
937,62,32,19,452053,1,1.5,3,0,0,1,0,0,0,Mass,4,Palasia Branch,Indore,69900,57,22.5,Life Insurance
938,38,13,62,400068,3,0.7,2,0,0,1,0,1,0,Mass Affluent,7,Fort Branch,Mumbai,196500,77,50.0,Credit Card
939,62,37,19,160059,4,0.4,2,124,0,1,0,0,0,Mass,13,Sector 35 Branch,Chandigarh,153100,53,37.0,Life Insurance
940,56,32,8,400063,2,0.3,1,0,0,0,0,1,1,Mass,19,Fort Branch,Mumbai,82100,58,32.6,Life Insurance
941,61,36,193,110018,1,4.7,3,203,1,0,0,1,0,HNI,20,Karol Bagh Branch,Delhi,1487900,82,86.2,Fixed Deposit
942,38,13,129,226015,4,4.4,1,140,1,0,0,0,0,Affluent,4,Hazratganj Branch,Lucknow,528800,62,63.3,Fixed Deposit
943,55,29,30,110040,4,0.7,2,0,0,0,0,0,1,Mass,5,Karol Bagh Branch,Delhi,75100,53,23.9,Life Insurance
944,30,4,80,560005,4,1.8,2,0,0,0,0,0,0,Mass Affluent,6,Indiranagar Branch,Bengaluru,180300,60,46.9,Credit Card
945,41,15,22,500029,4,1.5,3,0,0,0,0,0,1,Mass,12,Secunderabad Branch,Hyderabad,89100,39,25.7,Life Insurance
946,57,32,33,110097,1,1.5,2,0,0,0,0,1,0,Mass,20,Karol Bagh Branch,Delhi,91200,62,38.4,Life Insurance
947,36,11,64,700095,4,2.1,3,0,0,0,0,0,0,Mass Affluent,1,Howrah Branch,Kolkata,129200,69,37.9,Credit Card
948,55,29,60,226014,3,2.2,3,84,0,0,0,1,0,Mass Affluent,10,Aliganj Branch,Lucknow,257700,62,53.4,Life Insurance
949,30,4,81,160044,1,2.9,3,259,0,0,0,1,1,Mass Affluent,2,IT Park Branch,Chandigarh,320300,64,53.7,Mutual Funds
950,40,16,45,560069,3,0.6,2,204,0,0,0,1,0,Mass,6,Whitefield Branch,Bengaluru,146100,57,36.6,Life Insurance
951,32,6,112,500095,4,1.8,2,0,0,0,0,1,0,Affluent,3,Secunderabad Branch,Hyderabad,284000,81,62.4,Fixed Deposit
952,59,34,83,110099,2,3.4,3,0,1,0,0,1,0,Mass Affluent,16,Karol Bagh Branch,Delhi,374700,60,65.9,Credit Card
953,44,20,180,110012,2,7.6,1,524,0,0,0,0,1,HNI,2,Karol Bagh Branch,Delhi,993200,86,75.0,Fixed Deposit
954,51,26,28,110094,4,0.2,2,0,0,1,0,1,0,Mass,19,Karol Bagh Branch,Delhi,138800,61,42.0,Life Insurance
955,37,12,169,452087,2,5.2,3,249,1,0,0,1,0,HNI,6,MG Road Branch,Indore,809000,64,70.2,Fixed Deposit
956,59,35,14,160032,4,0.7,1,0,0,0,0,1,0,Mass,9,Sector 17 Branch,Chandigarh,12000,43,16.8,Life Insurance
957,37,11,43,380071,1,2.0,1,0,0,0,0,1,0,Mass,13,Maninagar Branch,Ahmedabad,110300,53,36.1,Credit Card
958,56,32,88,500017,2,0.3,1,0,0,0,0,1,0,Mass Affluent,8,Hitech City Branch,Hyderabad,213600,82,58.2,Credit Card
959,55,29,78,500031,4,2.6,3,0,0,0,0,0,1,Mass Affluent,11,Hitech City Branch,Hyderabad,293100,64,58.8,Life Insurance
960,49,24,68,500024,1,0.2,2,163,0,0,0,0,0,Mass Affluent,9,Secunderabad Branch,Hyderabad,213100,71,51.9,Credit Card
961,46,22,144,600063,2,3.3,1,0,0,0,0,1,1,Affluent,24,OMR Branch,Chennai,953600,85,89.7,Fixed Deposit
962,35,9,30,560017,4,1.0,1,163,0,0,0,1,0,Mass,4,Koramangala Branch,Bengaluru,103300,45,25.1,Credit Card
963,47,21,120,400088,1,0.0,1,135,0,0,0,0,0,Affluent,14,Fort Branch,Mumbai,427900,85,74.9,Fixed Deposit
964,39,14,24,400064,2,0.3,2,0,0,0,0,0,0,Mass,4,Fort Branch,Mumbai,30100,58,20.0,Credit Card
965,27,1,78,641020,4,2.3,3,157,0,1,0,1,0,Mass Affluent,2,RS Puram Branch,Coimbatore,307300,67,53.3,Credit Card
966,62,36,135,500080,2,5.2,2,0,1,0,0,1,0,Affluent,4,Secunderabad Branch,Hyderabad,538100,73,69.1,Fixed Deposit
967,57,32,44,641052,2,1.6,3,0,0,0,0,0,0,Mass,7,Gandhipuram Branch,Coimbatore,88200,55,30.4,Life Insurance
968,55,30,73,110097,4,3.8,2,0,0,0,0,1,0,Mass Affluent,3,Dwarka Branch,Delhi,182300,65,45.8,Credit Card
969,55,31,90,600030,1,2.7,2,0,0,0,0,1,1,Mass Affluent,10,Anna Nagar Branch,Chennai,370400,78,67.2,Life Insurance
970,41,15,58,110063,3,0.5,3,0,0,0,0,1,0,Mass,1,Connaught Place Branch,Delhi,96700,66,32.2,Credit Card
971,57,32,75,110039,2,3.7,1,236,0,0,0,1,0,Mass Affluent,14,Connaught Place Branch,Delhi,394800,60,64.4,Credit Card
972,43,19,174,400025,3,1.7,3,231,1,0,1,1,1,HNI,18,Fort Branch,Mumbai,1130900,81,78.1,Mutual Funds
973,40,16,50,400029,2,1.7,1,174,0,0,0,0,0,Mass,10,Bandra West Branch,Mumbai,187900,55,44.2,Life Insurance
974,43,18,85,682069,1,4.0,3,287,0,0,0,1,0,Affluent,3,Kakkanad Branch,Kochi,321300,65,57.2,Credit Card
975,63,38,54,560016,3,2.2,1,0,0,0,0,1,0,Mass,12,Whitefield Branch,Bengaluru,156600,66,45.8,Life Insurance
976,63,38,83,600032,2,3.4,1,0,1,0,0,0,0,Mass Affluent,6,T Nagar Branch,Chennai,265300,63,54.2,Credit Card
977,54,30,24,500049,4,0.2,1,0,0,1,0,0,0,Mass,5,Hitech City Branch,Hyderabad,67400,62,24.8,Life Insurance
978,54,30,45,560006,4,1.1,2,205,0,0,0,1,0,Mass,18,Indiranagar Branch,Bengaluru,227200,54,52.3,Life Insurance
979,52,26,68,500018,1,0.8,3,0,0,0,0,1,1,Mass,7,Hitech City Branch,Hyderabad,216700,76,52.3,Life Insurance
980,50,26,48,110058,4,0.1,3,0,0,0,0,0,1,Mass,10,Dwarka Branch,Delhi,137600,68,40.9,Home Loan
981,38,13,114,395034,1,1.0,3,0,0,0,0,1,1,Affluent,15,Vesu Branch,Surat,462500,79,74.6,Fixed Deposit
982,36,12,142,302037,3,2.3,2,0,1,0,1,1,1,Affluent,1,C Scheme Branch,Jaipur,525900,86,65.1,Mutual Funds
983,58,33,52,700056,3,0.5,2,0,0,0,0,0,1,Mass,22,Howrah Branch,Kolkata,211500,65,56.4,Life Insurance
984,46,22,142,500019,2,3.3,1,0,0,0,0,0,0,Affluent,14,Secunderabad Branch,Hyderabad,605900,85,82.3,Fixed Deposit
985,50,25,15,400040,1,0.4,3,0,0,0,0,0,0,Mass,22,Bandra West Branch,Mumbai,25700,50,27.4,Credit Card
986,46,22,118,682091,1,4.7,1,159,0,0,0,0,1,Affluent,12,MG Road Kochi Branch,Kochi,743400,78,75.3,Fixed Deposit
987,53,27,101,560083,4,4.9,1,0,0,0,0,1,0,Affluent,26,Koramangala Branch,Bengaluru,621200,75,84.7,Fixed Deposit
988,62,36,84,400051,2,2.8,1,0,0,0,0,1,0,Mass Affluent,7,Fort Branch,Mumbai,244800,73,57.7,Credit Card
989,63,39,32,560048,1,1.9,2,100,0,0,0,0,0,Mass,20,Whitefield Branch,Bengaluru,194200,52,47.7,Life Insurance
990,42,16,64,380081,3,0.5,3,247,0,0,0,0,0,Mass Affluent,9,Maninagar Branch,Ahmedabad,206300,69,50.4,Credit Card
991,34,10,81,411028,4,3.4,1,0,0,0,0,1,0,Mass Affluent,0,Viman Nagar Branch,Pune,171900,62,42.9,Credit Card
992,40,14,28,700035,4,1.5,3,0,0,0,0,0,1,Mass,4,Park Street Branch,Kolkata,76000,44,21.0,Life Insurance
993,34,9,93,380045,1,0.0,1,0,0,0,0,1,0,Mass Affluent,7,Navrangpura Branch,Ahmedabad,208300,79,56.8,Credit Card
994,41,15,185,110092,1,3.6,2,0,1,0,0,0,0,HNI,15,Dwarka Branch,Delhi,874900,73,81.7,Home Loan
995,32,8,42,452070,1,1.8,2,0,0,0,0,0,0,Mass,10,Palasia Branch,Indore,89900,50,30.7,Credit Card
996,28,3,45,560061,2,1.6,3,0,0,0,0,1,1,Mass,4,Whitefield Branch,Bengaluru,127200,57,33.1,Auto Loan
997,33,6,49,411050,2,1.67,2,214,0,0,0,0,0,Mass,6,Kothrud Branch,Pune,157800,52,37.0,Credit Card
998,46,20,69,400034,3,2.1,1,0,0,0,0,0,0,Mass Affluent,4,Bandra West Branch,Mumbai,143300,69,41.9,Credit Card
999,52,27,94,395039,1,2.8,2,333,0,0,0,1,0,Affluent,2,Ring Road Branch,Surat,318900,74,59.3,Credit Card
1000,60,35,18,110082,1,1.5,2,0,0,0,0,1,1,Mass,16,Karol Bagh Branch,Delhi,103300,46,31.1,Life Insurance
1001,59,35,8,400012,4,0.7,1,91,0,1,0,0,0,Mass,13,Andheri East Branch,Mumbai,128800,40,30.2,Life Insurance
1002,57,32,55,500095,4,2.1,1,108,0,0,0,1,0,Mass,13,Secunderabad Branch,Hyderabad,258900,57,53.6,Life Insurance
1003,46,20,85,400056,2,0.4,3,0,0,0,0,0,0,Mass Affluent,15,Bandra West Branch,Mumbai,240200,82,64.6,Credit Card
1004,25,1,62,400081,4,0.0,1,229,0,0,0,1,0,Mass,3,Bandra West Branch,Mumbai,155100,58,37.8,Credit Card
1005,53,23,65,411072,4,2.0,3,0,0,0,0,1,0,Mass Affluent,2,Viman Nagar Branch,Pune,136800,64,38.3,Credit Card
1006,38,12,138,560070,2,0.0,1,0,0,1,0,1,0,Affluent,9,Indiranagar Branch,Bengaluru,450700,95,75.6,Fixed Deposit
1007,63,38,103,682032,1,2.5,1,0,0,0,0,1,0,Mass Affluent,21,MG Road Kochi Branch,Kochi,477300,83,81.4,Fixed Deposit
1008,44,19,99,560047,3,3.5,3,357,1,0,0,0,0,Affluent,4,Koramangala Branch,Bengaluru,372900,58,57.0,Credit Card
1009,50,24,152,700074,1,7.3,1,0,0,0,0,1,0,HNI,1,Salt Lake Branch,Kolkata,602500,81,73.8,Home Loan
1010,28,3,25,500096,2,0.9,3,140,0,0,0,1,0,Mass,4,Banjara Hills Branch,Hyderabad,96600,43,23.2,Credit Card
1011,27,3,98,411028,2,2.5,1,361,0,1,1,1,1,Affluent,4,Viman Nagar Branch,Pune,563000,83,63.8,Auto Loan
1012,52,27,39,600099,2,0.7,2,166,0,0,0,1,0,Mass,11,T Nagar Branch,Chennai,167200,58,41.4,Life Insurance
1013,50,25,40,500083,1,1.3,2,0,0,0,0,1,1,Mass,9,Hitech City Branch,Hyderabad,137600,56,36.2,Personal Loan
1014,39,13,58,641058,3,2.1,1,169,0,0,0,1,0,Mass Affluent,11,RS Puram Branch,Coimbatore,256200,57,52.3,Life Insurance
1015,50,26,192,560075,2,1.8,3,301,1,0,1,1,1,HNI,10,Whitefield Branch,Bengaluru,1031400,87,74.5,Mutual Funds
1016,60,34,62,110063,1,0.8,2,0,0,0,0,0,0,Mass,13,Connaught Place Branch,Delhi,157400,75,49.8,Credit Card
1017,30,5,69,411004,1,0.8,2,0,0,1,0,1,0,Mass Affluent,1,Viman Nagar Branch,Pune,157100,69,40.2,Credit Card
1018,31,5,40,226099,4,1.3,3,170,0,0,0,0,0,Mass,2,Gomti Nagar Branch,Lucknow,124400,44,27.3,Life Insurance
1019,39,15,61,400003,2,0.6,3,127,0,0,0,0,0,Mass,12,Bandra West Branch,Mumbai,206200,61,49.8,Credit Card
1020,29,3,30,500008,4,0.3,2,157,0,0,0,0,0,Mass,3,Banjara Hills Branch,Hyderabad,85600,47,22.6,Gold Loan
1021,54,29,29,160080,1,1.5,2,97,0,0,0,1,0,Mass,20,Sector 17 Branch,Chandigarh,182500,48,45.1,Life Insurance
1022,35,8,41,700054,2,1.0,2,0,0,0,0,1,1,Mass,5,Park Street Branch,Kolkata,127900,59,33.5,Home Loan
1023,27,3,118,395029,1,3.3,2,0,1,0,0,1,0,Affluent,1,Ring Road Branch,Surat,318700,60,56.1,Fixed Deposit
1024,45,20,109,500016,1,7.0,1,366,0,0,0,1,0,Affluent,9,Secunderabad Branch,Hyderabad,647400,68,71.9,Fixed Deposit
1025,58,33,122,411021,4,0.2,2,0,1,0,1,1,0,Affluent,16,Hinjewadi Branch,Pune,520100,83,75.4,Credit Card
1026,62,37,50,560064,3,1.5,1,169,0,0,0,1,0,Mass,16,Whitefield Branch,Bengaluru,260300,68,57.7,Life Insurance
1027,28,4,43,641032,3,0.1,2,0,0,0,0,1,0,Mass,6,RS Puram Branch,Coimbatore,75800,62,29.7,Credit Card
1028,32,7,108,560043,1,4.6,1,0,0,1,0,0,0,Affluent,9,Koramangala Branch,Bengaluru,502800,83,72.6,Fixed Deposit
1029,29,4,110,700012,4,2.5,3,0,1,0,0,0,0,Affluent,6,Salt Lake Branch,Kolkata,332400,68,61.6,Fixed Deposit
1030,41,17,20,560095,1,1.4,3,0,0,0,0,1,0,Mass,16,Koramangala Branch,Bengaluru,44000,45,24.6,Credit Card
1031,61,35,112,600003,4,1.7,3,0,0,0,0,0,1,Affluent,25,OMR Branch,Chennai,592600,82,84.1,Fixed Deposit
1032,56,32,25,700071,1,0.1,2,136,0,0,0,1,0,Mass,23,Salt Lake Branch,Kolkata,159600,55,45.3,Life Insurance
1033,37,12,42,500075,3,0.7,2,0,0,0,0,1,1,Mass,5,Secunderabad Branch,Hyderabad,115800,58,32.0,Life Insurance
1034,60,34,29,682035,2,0.3,1,0,0,0,0,1,0,Mass,10,Edappally Branch,Kochi,49800,52,24.5,Life Insurance
1035,49,23,84,560030,3,2.1,1,134,0,1,0,1,0,Affluent,15,Whitefield Branch,Bengaluru,517500,79,72.3,Credit Card
1036,43,17,81,411059,4,2.6,3,0,0,1,0,1,0,Mass Affluent,12,Kothrud Branch,Pune,367600,77,67.1,Credit Card
1037,53,28,55,560028,4,0.9,1,119,0,0,0,1,1,Mass,23,Koramangala Branch,Bengaluru,374400,62,66.5,Life Insurance
1038,35,11,40,560096,1,2.4,2,0,0,1,0,1,0,Mass,7,Whitefield Branch,Bengaluru,132700,55,34.1,Credit Card
1039,56,30,145,560048,4,5.7,2,0,1,0,1,1,1,HNI,11,Whitefield Branch,Bengaluru,991200,78,75.1,Mutual Funds
1040,41,16,175,400096,2,1.1,3,0,1,0,0,1,0,Affluent,5,Fort Branch,Mumbai,489500,71,69.0,Home Loan
1041,36,6,78,400086,4,1.8,3,163,0,0,0,0,0,Mass Affluent,8,Bandra West Branch,Mumbai,276600,68,56.7,Credit Card
1042,56,32,51,411091,4,1.5,1,0,0,0,0,0,0,Mass,8,Hinjewadi Branch,Pune,102200,61,35.2,Life Insurance
1043,64,34,50,411070,4,1.67,3,0,0,0,0,1,0,Mass,9,Viman Nagar Branch,Pune,106400,55,34.5,Life Insurance
1044,51,27,21,411082,3,0.4,1,0,0,0,0,1,0,Mass,11,Kothrud Branch,Pune,44200,51,23.3,Life Insurance
1045,49,24,79,400099,1,0.2,2,83,0,0,0,1,1,Mass Affluent,7,Bandra West Branch,Mumbai,310400,78,59.4,Mutual Funds
1046,43,18,84,560065,1,4.0,3,0,0,0,0,0,0,Mass Affluent,8,Whitefield Branch,Bengaluru,262800,70,59.2,Credit Card
1047,51,26,34,110049,4,0.4,2,0,0,0,0,0,0,Mass,14,Connaught Place Branch,Delhi,72600,54,30.5,Life Insurance
1048,55,31,73,380032,4,1.6,2,0,0,0,0,0,0,Mass Affluent,9,Navrangpura Branch,Ahmedabad,174100,69,49.3,Credit Card
1049,62,37,90,226076,3,0.5,1,0,0,0,0,1,0,Mass Affluent,25,Hazratganj Branch,Lucknow,355400,81,78.3,Credit Card
1050,35,10,23,110021,4,0.2,3,0,0,0,0,1,0,Mass,9,Connaught Place Branch,Delhi,30100,47,20.1,Credit Card
1051,53,27,145,411076,2,6.1,3,294,1,0,1,1,1,HNI,17,Viman Nagar Branch,Pune,1340900,71,75.3,Mutual Funds
1052,33,7,54,400026,4,0.2,1,141,0,1,0,0,0,Mass Affluent,6,Andheri East Branch,Mumbai,194400,66,44.3,Credit Card
1053,43,17,49,110042,3,2.2,2,103,0,0,0,1,1,Mass,4,Dwarka Branch,Delhi,218000,50,41.2,Life Insurance
1054,58,32,51,400001,1,2.8,2,0,0,0,0,1,0,Mass,16,Andheri East Branch,Mumbai,177500,65,50.3,Life Insurance
1055,63,38,8,110085,4,0.6,2,0,0,0,0,1,0,Mass,22,Karol Bagh Branch,Delhi,14800,42,24.0,Life Insurance
1056,31,6,62,411098,1,1.0,1,0,0,1,0,1,0,Mass Affluent,2,Viman Nagar Branch,Pune,151900,71,40.1,Credit Card
1057,36,6,25,682093,1,0.67,3,0,0,0,0,1,0,Mass,3,MG Road Kochi Branch,Kochi,33900,49,17.7,Credit Card
1058,30,0,63,110016,2,1.75,3,0,0,0,0,1,0,Mass Affluent,3,Karol Bagh Branch,Delhi,126100,60,36.3,Credit Card
1059,59,34,24,600016,2,0.2,3,86,0,0,0,1,0,Mass,7,OMR Branch,Chennai,109600,55,29.6,Life Insurance
1060,28,2,11,700027,1,0.1,2,0,0,0,0,1,1,Mass,4,Park Street Branch,Kolkata,55200,50,18.8,Gold Loan
1061,59,34,23,641085,1,0.1,1,0,0,0,0,0,1,Mass,12,RS Puram Branch,Coimbatore,93500,63,32.3,Life Insurance
1062,47,22,33,600071,1,1.4,3,0,0,0,0,1,0,Mass,17,OMR Branch,Chennai,83500,56,34.0,Credit Card
1063,47,21,83,110086,1,3.8,1,97,1,0,0,0,0,Mass Affluent,1,Connaught Place Branch,Delhi,303300,62,51.8,Credit Card
1064,56,30,39,411031,3,1.4,1,131,0,0,0,0,1,Mass,24,Hinjewadi Branch,Pune,292000,53,58.9,Life Insurance
1065,41,17,138,560027,3,6.9,2,0,1,0,0,1,0,Affluent,10,Koramangala Branch,Bengaluru,705200,61,72.7,Fixed Deposit
1066,25,1,113,440093,3,2.5,1,0,0,0,0,0,1,Affluent,2,Wardha Road Branch,Nagpur,306100,69,57.9,Fixed Deposit
1067,30,5,125,560069,4,0.5,3,0,1,0,1,1,0,Affluent,6,Indiranagar Branch,Bengaluru,399400,81,65.7,Credit Card
1068,50,24,195,411034,1,1.7,1,0,0,0,0,0,0,HNI,5,Kothrud Branch,Pune,572300,91,79.3,Home Loan
1069,34,9,105,400048,3,1.2,3,0,0,1,0,0,0,Affluent,8,Bandra West Branch,Mumbai,338900,85,67.1,Fixed Deposit
1070,44,18,75,560056,2,3.5,1,0,1,0,0,1,0,Mass Affluent,10,Whitefield Branch,Bengaluru,278300,56,54.9,Credit Card
1071,36,9,40,160025,2,1.0,2,0,0,0,0,1,0,Mass,8,IT Park Branch,Chandigarh,79000,56,29.1,Credit Card
1072,39,14,61,600068,3,0.5,3,137,0,0,0,1,0,Mass,5,Anna Nagar Branch,Chennai,184400,65,44.4,Credit Card
1073,54,24,75,560028,2,4.5,3,0,0,0,0,0,0,Mass Affluent,9,Whitefield Branch,Bengaluru,240200,64,55.0,Credit Card
1074,33,8,122,452072,1,0.0,1,0,0,0,0,1,1,Affluent,2,Palasia Branch,Indore,287000,84,60.8,Fixed Deposit
1075,39,14,75,226093,3,3.0,1,0,0,0,0,0,1,Mass Affluent,7,Gomti Nagar Branch,Lucknow,243700,63,52.1,Life Insurance
1076,41,15,59,560011,4,0.2,3,0,0,0,0,0,0,Mass,2,Whitefield Branch,Bengaluru,88500,62,31.0,Life Insurance
1077,40,13,24,600034,3,1.0,2,0,0,0,0,1,0,Mass,13,T Nagar Branch,Chennai,41000,41,22.1,Credit Card
1078,29,3,175,500046,3,3.3,3,329,1,0,0,1,0,HNI,2,Secunderabad Branch,Hyderabad,622100,67,66.2,Fixed Deposit
1079,51,27,39,411071,2,0.8,1,182,0,0,0,0,1,Mass,20,Hinjewadi Branch,Pune,257700,58,55.1,Life Insurance
1080,54,30,145,560062,2,6.8,1,0,0,1,0,0,0,HNI,15,Indiranagar Branch,Bengaluru,997100,87,85.2,Fixed Deposit
1081,47,22,24,110026,4,0.4,2,142,0,0,0,1,0,Mass,19,Connaught Place Branch,Delhi,137200,40,36.3,Gold Loan
1082,53,28,20,682016,3,0.1,2,0,0,0,0,0,0,Mass,4,Edappally Branch,Kochi,26100,55,18.3,Life Insurance
1083,30,5,85,452096,1,2.6,2,0,0,0,0,1,0,Mass Affluent,4,Palasia Branch,Indore,210800,68,51.9,Credit Card
1084,28,3,65,302044,3,2.6,3,0,0,1,0,0,0,Mass Affluent,2,Malviya Nagar Branch,Jaipur,187200,72,45.2,Credit Card
1085,60,35,191,440027,4,5.6,3,0,1,0,0,0,0,HNI,13,Dharampeth Branch,Nagpur,1078300,80,83.7,Home Loan
1086,51,26,11,700059,2,0.0,1,0,0,1,0,0,0,Mass,11,Park Street Branch,Kolkata,66300,59,26.3,Life Insurance
1087,63,37,40,380040,2,1.0,3,167,0,0,0,0,0,Mass,14,Maninagar Branch,Ahmedabad,176000,57,44.3,Life Insurance
1088,38,13,54,380035,3,0.7,2,196,0,0,0,0,0,Mass,5,Satellite Branch,Ahmedabad,147500,56,36.8,Life Insurance
1089,59,35,95,500068,1,3.8,1,0,0,0,0,1,1,Mass Affluent,14,Banjara Hills Branch,Hyderabad,483700,74,72.5,Life Insurance
1090,53,29,94,500056,4,1.0,2,0,0,0,0,1,0,Mass Affluent,25,Secunderabad Branch,Hyderabad,389600,79,79.6,Credit Card
1091,31,5,79,110025,4,2.2,2,0,0,0,0,0,0,Mass Affluent,5,Karol Bagh Branch,Delhi,171800,67,46.8,Credit Card
1092,41,17,48,411038,3,0.3,3,0,0,0,0,1,1,Mass,12,Viman Nagar Branch,Pune,151000,62,42.3,Life Insurance
1093,25,1,70,110022,4,2.6,1,0,0,1,0,1,0,Mass Affluent,1,Dwarka Branch,Delhi,196800,66,44.4,Credit Card
1094,27,3,40,110021,3,0.1,2,111,0,0,0,1,0,Mass,4,Dwarka Branch,Delhi,112500,46,27.7,Credit Card
1095,50,24,44,600082,4,1.8,1,0,0,0,0,1,1,Mass,17,T Nagar Branch,Chennai,190200,54,47.8,Life Insurance
1096,50,25,43,560055,1,1.4,3,137,0,0,0,1,0,Mass,21,Indiranagar Branch,Bengaluru,255300,59,57.3,Credit Card
1097,43,18,29,110039,1,0.3,3,0,0,0,0,1,0,Mass,13,Dwarka Branch,Delhi,52000,54,27.0,Credit Card
1098,50,24,188,302064,3,1.3,1,184,1,0,0,0,1,HNI,7,Vaishali Nagar Branch,Jaipur,711100,81,71.3,Fixed Deposit
1099,46,20,114,226074,1,0.0,1,0,0,0,0,1,1,Mass Affluent,11,Aliganj Branch,Lucknow,363800,82,69.7,Fixed Deposit
1100,30,6,52,110076,3,0.7,2,0,0,0,0,1,0,Mass,6,Karol Bagh Branch,Delhi,96300,61,33.2,Credit Card
1101,42,16,13,400069,1,0.2,1,0,0,0,0,1,0,Mass,12,Bandra West Branch,Mumbai,20000,51,21.0,Credit Card
1102,42,17,95,560099,3,0.5,3,0,0,0,0,0,0,Mass Affluent,18,Indiranagar Branch,Bengaluru,278800,75,68.6,Credit Card
1103,29,3,84,380082,1,2.9,3,0,0,0,0,1,0,Mass Affluent,2,Maninagar Branch,Ahmedabad,194100,70,49.3,Credit Card
1104,38,14,49,302067,1,1.8,1,0,0,0,0,0,0,Mass,5,C Scheme Branch,Jaipur,81200,58,29.6,Credit Card
1105,51,25,181,400013,1,1.7,1,0,0,0,0,1,1,HNI,4,Andheri East Branch,Mumbai,590200,86,74.5,Home Loan
1106,35,10,182,380054,1,0.3,2,229,1,0,1,1,1,HNI,7,Satellite Branch,Ahmedabad,688000,75,66.5,Mutual Funds
1107,37,13,70,400033,2,2.7,1,0,0,0,0,0,0,Mass Affluent,2,Bandra West Branch,Mumbai,139500,68,40.1,Credit Card
1108,47,21,79,560037,3,1.1,1,185,0,0,0,1,1,Mass Affluent,8,Indiranagar Branch,Bengaluru,339300,69,59.3,Life Insurance
1109,55,29,61,395034,4,2.8,2,0,0,0,0,1,1,Mass Affluent,18,Ring Road Branch,Surat,313100,65,63.1,Life Insurance
1110,65,41,121,110077,2,2.1,1,0,0,0,0,1,0,Affluent,8,Karol Bagh Branch,Delhi,400300,87,73.2,Fixed Deposit
1111,58,33,34,400003,3,0.2,1,83,0,0,0,1,0,Mass,4,Fort Branch,Mumbai,118200,61,31.3,Life Insurance
1112,54,28,183,560058,1,1.0,1,442,0,0,0,0,0,HNI,9,Koramangala Branch,Bengaluru,639100,86,78.5,Fixed Deposit
1113,52,28,51,600006,1,1.6,3,0,0,1,0,0,1,Mass Affluent,20,T Nagar Branch,Chennai,300000,69,62.2,Life Insurance
1114,28,2,70,452005,3,0.3,3,0,0,0,0,0,1,Mass,2,Palasia Branch,Indore,150800,69,40.2,Life Insurance
1115,32,8,39,395008,1,1.7,1,0,0,0,0,1,1,Mass,4,Ring Road Branch,Surat,119900,53,30.1,Personal Loan
1116,51,24,84,400019,3,2.0,2,0,0,0,0,0,0,Mass Affluent,9,Bandra West Branch,Mumbai,231700,72,57.7,Credit Card
1117,43,18,122,400003,1,7.0,1,0,0,0,0,1,1,Affluent,17,Fort Branch,Mumbai,870200,76,81.8,Fixed Deposit
1118,42,18,145,380069,1,1.7,1,132,0,0,0,1,1,Affluent,11,Maninagar Branch,Ahmedabad,695500,84,76.5,Fixed Deposit
1119,42,17,98,110033,2,0.4,1,0,0,0,0,1,1,Mass Affluent,17,Karol Bagh Branch,Delhi,397100,81,73.6,Home Loan
1120,41,16,79,160025,1,1.0,3,233,0,0,0,1,0,Mass Affluent,13,Sector 17 Branch,Chandigarh,319200,66,62.4,Credit Card
1121,34,8,38,411068,2,2.0,3,0,0,0,0,1,1,Mass,3,Hinjewadi Branch,Pune,114800,52,28.4,Home Loan
1122,30,6,49,400005,3,0.7,2,196,0,0,0,0,1,Mass,3,Fort Branch,Mumbai,163200,54,35.3,Auto Loan
1123,32,7,38,302027,1,1.0,1,0,0,0,0,1,0,Mass,10,Malviya Nagar Branch,Jaipur,80700,59,30.7,Credit Card
1124,46,20,91,110041,4,2.6,3,0,0,0,0,0,0,Mass Affluent,12,Karol Bagh Branch,Delhi,292600,76,66.0,Credit Card
1125,38,12,29,560072,4,0.2,1,0,0,0,0,0,1,Mass,10,Whitefield Branch,Bengaluru,88300,53,28.6,Life Insurance
1126,37,13,172,600086,2,6.5,1,0,0,0,0,0,0,HNI,12,OMR Branch,Chennai,910200,79,84.2,Home Loan
1127,32,8,104,500057,2,3.7,1,0,1,0,0,0,1,Affluent,9,Secunderabad Branch,Hyderabad,455000,63,64.1,Fixed Deposit
1128,35,9,58,411076,1,2.5,1,0,0,0,0,1,1,Mass Affluent,5,Kothrud Branch,Pune,192600,63,44.3,Life Insurance
1129,30,5,171,411067,2,1.9,2,0,1,0,0,0,0,Affluent,4,Hinjewadi Branch,Pune,465400,73,68.3,Home Loan
1130,30,4,73,395010,3,3.3,1,0,1,0,1,1,1,Mass Affluent,6,Adajan Branch,Surat,359700,58,54.2,Home Loan
1131,58,32,191,395042,1,2.9,1,0,0,0,0,0,0,HNI,4,Adajan Branch,Surat,624300,92,79.8,Home Loan
1132,57,27,90,500072,2,4.5,3,0,0,0,0,1,0,Mass Affluent,12,Hitech City Branch,Hyderabad,357300,70,67.9,Credit Card
1133,34,9,55,400047,3,2.3,1,0,0,1,1,1,1,Mass Affluent,6,Bandra West Branch,Mumbai,326600,78,56.9,Home Loan
1134,31,4,28,700049,1,2.0,2,0,0,0,0,0,0,Mass,6,Park Street Branch,Kolkata,45300,38,18.1,Gold Loan
1135,39,14,42,440051,1,2.5,3,0,0,0,0,1,0,Mass,8,Sitabuldi Branch,Nagpur,90800,53,30.4,Credit Card
1136,57,33,9,560057,1,0.1,2,91,0,1,0,1,0,Mass,19,Indiranagar Branch,Bengaluru,177700,57,44.3,Life Insurance
1137,47,21,65,500097,1,1.5,2,0,0,1,0,1,0,Mass Affluent,14,Banjara Hills Branch,Hyderabad,268400,75,60.5,Credit Card
1138,51,26,134,560029,4,4.5,3,0,1,1,1,1,0,HNI,24,Whitefield Branch,Bengaluru,1232400,86,85.6,Credit Card
1139,30,6,83,400060,4,3.4,1,0,0,1,0,1,0,Affluent,2,Bandra West Branch,Mumbai,270400,70,53.9,Credit Card
1140,55,28,38,411087,3,1.0,2,0,0,0,0,1,0,Mass,10,Viman Nagar Branch,Pune,83900,63,32.2,Life Insurance
1141,32,6,13,560068,4,0.3,1,0,0,0,0,1,1,Mass,6,Koramangala Branch,Bengaluru,52100,38,16.9,Gold Loan
1142,32,7,143,380079,3,2.9,3,0,1,0,0,1,0,Affluent,8,Navrangpura Branch,Ahmedabad,509700,65,69.1,Fixed Deposit
1143,44,20,75,302093,4,1.9,1,0,0,0,0,0,0,Mass Affluent,2,C Scheme Branch,Jaipur,143700,65,40.5,Credit Card
1144,33,7,120,302067,1,3.2,3,0,1,0,0,1,0,Affluent,7,Malviya Nagar Branch,Jaipur,419100,65,65.4,Fixed Deposit
1145,49,24,91,560007,1,2.8,2,0,0,0,0,0,0,Mass Affluent,12,Koramangala Branch,Bengaluru,303200,79,67.4,Credit Card
1146,32,6,99,560074,2,1.5,3,0,0,0,0,0,1,Mass Affluent,5,Indiranagar Branch,Bengaluru,282800,76,59.4,Mutual Funds
1147,31,7,71,700077,1,0.1,1,78,0,1,0,0,0,Mass Affluent,3,Howrah Branch,Kolkata,235400,82,51.7,Credit Card
1148,37,13,111,380078,1,0.8,2,0,0,0,0,0,0,Mass Affluent,9,Satellite Branch,Ahmedabad,280100,77,64.6,Fixed Deposit
1149,41,15,108,500035,1,5.2,1,0,0,0,0,0,0,Affluent,7,Secunderabad Branch,Hyderabad,393000,74,68.3,Fixed Deposit
1150,56,32,158,160016,1,7.4,1,0,0,0,0,0,0,HNI,10,IT Park Branch,Chandigarh,835500,81,82.5,Home Loan
1151,55,31,81,400078,3,2.67,1,0,0,0,0,1,0,Mass Affluent,8,Fort Branch,Mumbai,245200,73,57.8,Credit Card
1152,49,23,12,160046,2,0.1,3,0,0,1,1,1,0,Mass,14,Sector 35 Branch,Chandigarh,144100,72,40.9,Credit Card
1153,63,37,21,400014,2,0.4,1,0,0,0,0,1,0,Mass,14,Fort Branch,Mumbai,41800,51,24.8,Life Insurance
1154,55,30,55,400065,4,0.9,1,215,0,0,0,1,1,Mass,5,Bandra West Branch,Mumbai,238100,67,48.3,Life Insurance
1155,59,35,42,500030,1,1.8,3,0,0,0,0,1,0,Mass,6,Hitech City Branch,Hyderabad,93600,61,31.5,Life Insurance
1156,41,16,81,400078,2,0.4,1,0,0,0,0,0,1,Mass Affluent,4,Bandra West Branch,Mumbai,181300,70,46.6,Home Loan
1157,49,25,13,400014,4,0.2,1,87,0,0,0,0,0,Mass,12,Andheri East Branch,Mumbai,77100,40,23.6,Credit Card
1158,48,23,132,400024,1,0.6,1,157,0,0,0,0,0,Affluent,15,Fort Branch,Mumbai,518100,84,77.9,Fixed Deposit
1159,41,16,99,560035,1,1.0,3,0,0,0,0,1,0,Mass Affluent,16,Indiranagar Branch,Bengaluru,325600,76,71.1,Credit Card
1160,50,26,23,380016,4,0.2,1,0,0,0,0,0,1,Mass,24,Navrangpura Branch,Ahmedabad,100700,46,36.3,Life Insurance
1161,28,1,40,400042,1,2.0,2,0,0,1,0,1,0,Mass,2,Andheri East Branch,Mumbai,121900,59,30.8,Credit Card
1162,36,11,181,411042,3,1.4,1,0,1,0,0,0,0,Affluent,4,Hinjewadi Branch,Pune,467400,72,68.3,Home Loan
1163,38,14,112,302077,2,2.2,1,394,0,0,0,0,0,Affluent,12,Malviya Nagar Branch,Jaipur,470500,75,71.8,Fixed Deposit
1164,34,9,138,110020,2,7.8,1,227,0,0,0,1,0,HNI,8,Dwarka Branch,Delhi,808500,67,74.1,Fixed Deposit
1165,41,17,94,400058,3,3.8,2,327,1,1,1,1,0,Affluent,13,Fort Branch,Mumbai,790900,79,71.6,Credit Card
1166,43,19,113,226076,1,1.7,1,0,0,0,0,0,0,Affluent,17,Hazratganj Branch,Lucknow,417000,82,77.7,Fixed Deposit
1167,30,5,112,302006,4,5.0,2,0,1,0,0,0,1,Affluent,3,C Scheme Branch,Jaipur,424400,59,58.9,Fixed Deposit
1168,37,12,190,600069,2,3.0,1,475,0,0,0,1,0,HNI,6,Anna Nagar Branch,Chennai,796400,83,78.1,Fixed Deposit
1169,62,37,38,302092,1,1.1,3,0,0,0,0,1,0,Mass,25,Vaishali Nagar Branch,Jaipur,116000,57,43.7,Life Insurance
1170,40,16,32,400033,1,1.4,3,158,0,0,0,1,0,Mass,5,Bandra West Branch,Mumbai,125000,45,28.4,Credit Card
1171,35,10,104,560012,3,0.6,2,0,0,0,0,0,1,Mass Affluent,7,Whitefield Branch,Bengaluru,295900,83,63.4,Fixed Deposit
1172,64,40,43,700086,1,1.9,2,0,0,0,0,1,0,Mass,26,Howrah Branch,Kolkata,154300,62,50.8,Life Insurance
1173,49,24,45,110043,3,1.7,2,0,0,1,0,1,0,Mass Affluent,14,Connaught Place Branch,Delhi,195900,66,49.7,Credit Card
1174,24,-1,35,700024,2,1.7,2,0,0,0,0,0,0,Mass,2,Salt Lake Branch,Kolkata,52800,46,19.5,Gold Loan
1175,36,10,42,500042,4,1.2,2,0,0,0,0,1,1,Mass,6,Hitech City Branch,Hyderabad,121900,57,33.1,Life Insurance
1176,29,4,58,700082,1,0.8,2,0,0,0,0,1,1,Mass,4,Park Street Branch,Kolkata,147500,63,38.2,Mutual Funds
1177,29,3,103,500034,4,3.4,1,0,1,0,0,1,0,Affluent,4,Secunderabad Branch,Hyderabad,306200,55,55.2,Fixed Deposit
1178,28,3,71,560020,1,3.3,2,149,1,1,1,1,0,Affluent,2,Koramangala Branch,Bengaluru,422100,72,56.0,Credit Card
1179,33,7,14,110095,1,0.4,2,98,0,0,0,1,0,Mass,6,Karol Bagh Branch,Delhi,71500,38,18.8,Credit Card
1180,36,11,98,110005,3,1.2,3,0,0,1,0,0,1,Affluent,7,Karol Bagh Branch,Delhi,353800,83,64.0,Home Loan
1181,42,17,90,700009,1,0.1,2,0,0,0,0,0,1,Mass Affluent,5,Park Street Branch,Kolkata,216200,76,53.2,Home Loan
1182,25,0,65,400017,4,0.2,1,0,0,1,0,0,0,Mass Affluent,3,Fort Branch,Mumbai,146500,70,40.1,Credit Card
1183,28,2,19,400013,4,0.4,1,0,0,0,0,1,1,Mass,0,Andheri East Branch,Mumbai,50000,39,13.7,Gold Loan
1184,50,25,35,110008,3,1.7,2,0,0,0,0,1,1,Mass,8,Connaught Place Branch,Delhi,120800,50,31.5,Life Insurance
1185,34,9,71,110069,4,1.3,1,0,0,0,0,1,0,Mass Affluent,8,Dwarka Branch,Delhi,180900,68,49.1,Credit Card
1186,43,19,31,302052,3,0.5,1,0,0,0,0,0,0,Mass,11,Vaishali Nagar Branch,Jaipur,49200,49,24.6,Life Insurance
1187,62,38,43,560016,4,1.2,2,0,0,0,0,1,0,Mass,4,Koramangala Branch,Bengaluru,81100,65,29.9,Life Insurance
1188,61,36,24,395077,1,1.5,2,87,0,1,0,0,0,Mass,6,Vesu Branch,Surat,158800,59,35.5,Life Insurance
1189,45,19,58,400094,2,0.4,3,0,0,1,0,0,1,Mass Affluent,15,Fort Branch,Mumbai,261400,77,58.8,Home Loan
1190,42,17,115,411059,2,0.4,1,0,0,0,0,1,0,Mass Affluent,9,Kothrud Branch,Pune,314400,82,68.5,Fixed Deposit
1191,39,15,168,500034,2,8.0,1,152,0,1,0,0,0,HNI,10,Secunderabad Branch,Hyderabad,1270100,86,80.6,Fixed Deposit
1192,29,5,128,560039,1,1.5,1,0,0,0,0,1,1,Affluent,7,Indiranagar Branch,Bengaluru,442500,83,70.8,Fixed Deposit
1193,45,20,138,160058,1,7.0,1,0,0,0,0,0,1,Affluent,13,Sector 17 Branch,Chandigarh,817300,71,78.2,Fixed Deposit
1194,58,32,81,440046,3,1.7,2,0,0,0,0,1,1,Mass Affluent,11,Dharampeth Branch,Nagpur,320400,77,64.3,Life Insurance
1195,29,3,41,226092,4,1.3,3,0,0,0,0,1,0,Mass,3,Aliganj Branch,Lucknow,60800,48,22.3,Credit Card
1196,32,7,123,110062,2,2.9,2,0,1,0,0,1,0,Affluent,5,Connaught Place Branch,Delhi,405200,68,64.5,Fixed Deposit
1197,37,13,71,110087,2,2.7,1,94,0,0,0,1,0,Mass Affluent,9,Karol Bagh Branch,Delhi,303700,61,57.0,Credit Card
1198,48,23,8,411021,1,0.4,3,0,0,0,0,0,1,Mass,14,Hinjewadi Branch,Pune,52000,49,24.1,Gold Loan
1199,40,14,42,110089,2,0.7,1,101,0,0,0,1,0,Mass,17,Dwarka Branch,Delhi,194300,52,47.3,Credit Card
1200,29,4,62,700039,2,2.5,1,184,0,0,0,1,0,Mass Affluent,3,Howrah Branch,Kolkata,202800,51,41.7,Credit Card
1201,36,12,22,600048,4,1.0,1,91,0,1,0,1,0,Mass,14,OMR Branch,Chennai,191000,45,40.7,Gold Loan
1202,35,8,38,600078,4,1.0,2,0,0,0,0,1,0,Mass,8,OMR Branch,Chennai,75300,55,27.9,Credit Card
1203,35,11,24,302078,4,0.4,2,0,0,0,0,0,0,Mass,3,Vaishali Nagar Branch,Jaipur,26800,49,16.9,Gold Loan
1204,62,37,50,700020,3,2.4,1,0,0,0,0,1,0,Mass,7,Park Street Branch,Kolkata,116100,63,36.6,Life Insurance
1205,26,1,190,400072,4,1.3,2,197,1,0,0,1,0,HNI,3,Bandra West Branch,Mumbai,599400,74,68.3,Fixed Deposit
1206,32,7,94,400073,2,3.1,1,0,0,0,0,1,0,Mass Affluent,3,Fort Branch,Mumbai,244000,70,55.5,Credit Card
1207,63,37,165,600037,4,5.1,3,0,1,0,0,0,0,HNI,24,T Nagar Branch,Chennai,1132600,77,89.2,Home Loan
1208,38,12,43,500069,4,1.2,2,0,0,0,0,0,1,Mass,4,Hitech City Branch,Hyderabad,106600,53,29.2,Life Insurance
1209,50,26,48,110066,1,1.6,2,0,0,0,0,0,1,Mass,4,Karol Bagh Branch,Delhi,135000,62,35.4,Personal Loan
1210,46,21,52,560003,3,2.7,2,228,0,0,0,0,1,Mass Affluent,5,Koramangala Branch,Bengaluru,236400,51,43.8,Life Insurance
1211,50,24,84,380040,4,4.9,1,0,0,0,0,1,0,Mass Affluent,22,Satellite Branch,Ahmedabad,431200,65,75.0,Credit Card
1212,61,36,131,302020,1,0.9,1,0,0,0,0,1,0,Affluent,5,C Scheme Branch,Jaipur,348100,88,70.1,Fixed Deposit
1213,34,8,44,600048,4,0.2,1,0,0,0,0,0,0,Mass,8,T Nagar Branch,Chennai,68400,57,29.0,Credit Card
1214,27,2,78,560050,4,0.2,1,87,0,0,0,0,0,Mass Affluent,4,Koramangala Branch,Bengaluru,193900,65,46.3,Credit Card
1215,61,36,15,110039,4,0.4,2,0,0,0,0,0,0,Mass,25,Karol Bagh Branch,Delhi,37200,49,29.9,Life Insurance
1216,45,20,38,500035,4,1.9,3,144,0,0,0,1,1,Mass,17,Banjara Hills Branch,Hyderabad,271000,45,50.9,Gold Loan
1217,50,25,84,560090,1,1.3,3,0,0,1,0,1,0,Mass Affluent,11,Koramangala Branch,Bengaluru,322900,82,66.2,Credit Card
1218,44,20,122,600020,1,0.3,1,0,0,0,0,1,0,Affluent,13,Anna Nagar Branch,Chennai,374900,85,74.9,Fixed Deposit
1219,62,36,98,411015,2,2.8,1,0,0,0,0,0,0,Mass Affluent,20,Kothrud Branch,Pune,415100,78,77.6,Credit Card
1220,45,18,80,400096,3,2.67,2,0,0,0,0,0,0,Mass Affluent,18,Andheri East Branch,Mumbai,292500,69,66.3,Credit Card
1221,41,17,165,400043,2,8.0,1,0,0,0,0,1,0,HNI,2,Andheri East Branch,Mumbai,702400,76,75.2,Home Loan
1222,30,5,121,110020,2,3.3,1,0,0,0,0,0,1,Affluent,2,Karol Bagh Branch,Delhi,375900,78,64.0,Fixed Deposit
1223,61,37,20,160010,3,0.4,2,94,0,0,0,0,0,Mass,11,Sector 35 Branch,Chandigarh,99500,51,29.2,Life Insurance
1224,45,19,11,411033,1,0.2,1,91,0,0,0,0,0,Mass,10,Hinjewadi Branch,Pune,86900,43,24.2,Gold Loan
1225,59,35,45,110013,1,1.8,3,0,0,0,0,1,0,Mass,25,Connaught Place Branch,Delhi,159500,65,52.7,Life Insurance
1226,30,6,118,160039,2,2.8,2,0,1,0,0,0,0,Affluent,5,IT Park Branch,Chandigarh,353500,69,62.4,Fixed Deposit
1227,60,36,14,500095,2,0.3,1,109,0,0,0,1,1,Mass,15,Banjara Hills Branch,Hyderabad,157900,45,36.6,Life Insurance
1228,39,13,30,500081,3,0.2,2,0,0,0,0,0,0,Mass,10,Secunderabad Branch,Hyderabad,45800,51,24.2,Life Insurance
1229,56,30,45,452013,1,0.2,1,98,0,0,0,0,0,Mass,18,MG Road Branch,Indore,206300,68,53.7,Life Insurance
1230,56,32,80,400082,3,2.67,1,0,0,0,0,1,0,Mass Affluent,15,Fort Branch,Mumbai,287700,68,64.0,Credit Card
1231,27,1,25,110088,4,0.3,2,0,0,0,0,1,1,Mass,4,Karol Bagh Branch,Delhi,63300,44,19.4,Gold Loan
1232,66,41,144,600059,1,2.5,1,0,0,1,1,1,1,HNI,9,Anna Nagar Branch,Chennai,813000,100,77.9,Life Insurance
1233,43,19,84,110033,4,0.2,3,297,0,0,0,1,0,Mass Affluent,14,Karol Bagh Branch,Delhi,324100,74,66.1,Credit Card
1234,53,29,22,411048,2,0.4,1,0,0,0,0,1,0,Mass,3,Hinjewadi Branch,Pune,32100,53,18.0,Life Insurance
1235,44,18,33,110008,3,1.5,1,0,0,0,0,1,1,Mass,7,Connaught Place Branch,Delhi,110000,49,29.1,Life Insurance
1236,54,28,60,400017,4,2.6,3,0,0,0,0,0,0,Mass Affluent,28,Fort Branch,Mumbai,235000,59,61.1,Life Insurance
1237,31,6,81,110074,4,2.2,2,116,0,0,0,1,0,Mass Affluent,6,Dwarka Branch,Delhi,301800,68,57.8,Credit Card
1238,38,13,169,560024,1,6.8,3,0,1,0,1,1,1,HNI,14,Whitefield Branch,Bengaluru,1299900,74,77.2,Home Loan
1239,28,2,63,110019,2,1.6,3,0,0,0,0,1,0,Mass,4,Karol Bagh Branch,Delhi,122200,58,35.9,Credit Card
1240,51,26,12,400055,2,0.7,3,109,0,0,0,1,1,Mass,17,Bandra West Branch,Mumbai,149300,34,34.0,Life Insurance
1241,52,27,15,226083,4,0.8,1,101,0,0,0,0,0,Mass,21,Gomti Nagar Branch,Lucknow,115700,38,33.5,Life Insurance
1242,64,38,39,560004,1,0.5,3,0,0,1,1,1,1,Mass Affluent,13,Koramangala Branch,Bengaluru,299600,84,59.7,Life Insurance
1243,29,4,44,560022,4,2.0,2,0,0,0,0,1,0,Mass,3,Koramangala Branch,Bengaluru,75900,54,26.1,Credit Card
1244,34,10,110,400011,1,4.0,1,0,0,0,0,1,0,Affluent,3,Fort Branch,Mumbai,323000,70,62.1,Fixed Deposit
1245,33,8,130,560091,3,6.3,2,99,1,0,0,0,1,Affluent,7,Whitefield Branch,Bengaluru,750200,60,65.8,Fixed Deposit
1246,46,21,41,110036,1,1.4,3,128,0,0,0,1,0,Mass,3,Dwarka Branch,Delhi,143000,63,35.2,Credit Card
1247,48,22,59,600071,1,1.4,3,241,0,0,0,1,0,Mass Affluent,15,T Nagar Branch,Chennai,270000,61,56.9,Credit Card
1248,52,28,39,110024,2,0.8,1,0,0,0,0,1,0,Mass,24,Dwarka Branch,Delhi,116900,59,44.0,Life Insurance
1249,44,19,35,160063,4,0.0,2,0,0,0,0,1,0,Mass,6,Sector 17 Branch,Chandigarh,54800,57,24.9,Credit Card
1250,51,27,80,452031,1,2.6,2,0,0,0,0,1,1,Mass Affluent,14,MG Road Branch,Indore,361000,74,67.1,Life Insurance
1251,47,20,81,400091,1,2.67,2,0,0,0,0,1,0,Mass Affluent,14,Bandra West Branch,Mumbai,288000,73,64.9,Credit Card
1252,39,13,31,400012,2,0.8,3,0,0,0,0,0,0,Mass,4,Bandra West Branch,Mumbai,41000,51,20.2,Home Loan
1253,42,17,93,400012,4,1.9,3,0,0,0,0,0,0,Mass Affluent,10,Fort Branch,Mumbai,259100,73,61.7,Credit Card
1254,57,33,45,600084,4,1.5,1,204,0,0,0,1,0,Mass,18,OMR Branch,Chennai,234100,54,52.8,Life Insurance
1255,36,12,40,400089,2,0.6,3,0,0,0,0,1,1,Mass,6,Fort Branch,Mumbai,119500,56,32.2,Life Insurance
1256,27,1,80,226096,2,1.6,3,185,0,0,0,1,1,Mass Affluent,4,Hazratganj Branch,Lucknow,294000,61,52.4,Auto Loan
1257,31,7,20,700052,1,0.4,3,0,0,0,0,1,0,Mass,8,Park Street Branch,Kolkata,24900,56,20.8,Credit Card
1258,63,37,41,302077,1,0.5,3,0,0,0,0,0,1,Mass,7,C Scheme Branch,Jaipur,116400,66,35.1,Life Insurance
1259,34,8,31,500021,1,0.3,1,104,0,0,0,1,1,Mass,8,Hitech City Branch,Hyderabad,171800,51,37.0,Gold Loan
1260,52,27,35,395039,4,0.2,2,0,0,0,0,1,0,Mass,13,Ring Road Branch,Surat,69600,57,30.4,Life Insurance
1261,57,31,40,400068,3,1.4,3,137,0,0,0,1,1,Mass,15,Bandra West Branch,Mumbai,259600,53,51.2,Life Insurance
1262,63,39,84,560060,1,1.8,3,0,0,0,0,0,0,Mass Affluent,7,Indiranagar Branch,Bengaluru,216400,81,57.3,Credit Card
1263,26,1,53,560048,2,1.6,3,0,0,0,0,1,0,Mass,3,Whitefield Branch,Bengaluru,99000,56,30.8,Credit Card
1264,35,5,85,641064,4,4.0,3,0,0,0,0,1,0,Mass Affluent,5,Peelamedu Branch,Coimbatore,251100,68,56.1,Credit Card
1265,58,33,138,600033,2,3.9,1,0,0,0,0,1,0,Affluent,15,T Nagar Branch,Chennai,671700,85,83.9,Fixed Deposit
1266,32,2,71,302038,2,1.75,3,108,0,0,0,0,0,Mass Affluent,5,Malviya Nagar Branch,Jaipur,218400,62,48.1,Credit Card
1267,64,39,113,110029,1,0.8,3,0,0,0,0,0,1,Mass Affluent,17,Dwarka Branch,Delhi,445600,85,76.8,Fixed Deposit
1268,50,23,23,440064,2,1.0,2,0,0,1,0,0,0,Mass,24,Dharampeth Branch,Nagpur,134000,61,44.0,Credit Card
1269,34,9,62,500036,3,2.3,1,0,0,0,0,0,0,Mass Affluent,9,Hitech City Branch,Hyderabad,146600,60,42.3,Credit Card
1270,36,11,14,500078,4,0.2,3,100,0,0,0,1,1,Mass,10,Secunderabad Branch,Hyderabad,122000,35,26.7,Life Insurance
1271,43,18,60,440009,2,2.2,3,0,0,0,0,0,1,Mass Affluent,10,Sitabuldi Branch,Nagpur,213800,66,50.5,Home Loan
1272,28,4,94,560091,3,0.8,1,236,0,0,0,1,0,Mass Affluent,3,Indiranagar Branch,Bengaluru,258600,69,54.3,Credit Card
1273,64,39,83,560061,3,1.8,2,0,0,0,0,1,0,Mass Affluent,3,Whitefield Branch,Bengaluru,198200,80,52.6,Credit Card
1274,60,35,130,600031,3,6.3,3,437,1,0,1,1,1,HNI,13,T Nagar Branch,Chennai,1083800,65,70.7,Mutual Funds
1275,62,37,61,400067,4,1.7,1,0,0,0,0,0,0,Mass,19,Bandra West Branch,Mumbai,183300,66,54.4,Credit Card
1276,27,2,92,560042,2,3.1,1,178,0,0,0,1,0,Mass Affluent,5,Whitefield Branch,Bengaluru,359400,70,61.8,Credit Card
1277,42,16,20,110007,2,0.8,3,117,0,0,0,1,1,Mass,16,Connaught Place Branch,Delhi,174800,41,38.8,Gold Loan
1278,45,20,194,400093,2,8.8,1,428,0,0,0,0,0,HNI,3,Andheri East Branch,Mumbai,1064400,81,77.8,Fixed Deposit
1279,36,10,74,226062,1,2.5,1,0,0,0,0,0,1,Mass Affluent,3,Aliganj Branch,Lucknow,202000,64,46.0,Home Loan
1280,48,22,84,600056,2,0.4,3,145,0,0,0,0,0,Mass Affluent,12,Anna Nagar Branch,Chennai,301700,77,64.1,Credit Card
1281,65,40,98,560048,3,1.8,2,333,0,0,0,0,0,Affluent,25,Whitefield Branch,Bengaluru,554900,78,81.7,Credit Card
1282,39,15,52,560014,3,2.33,1,0,0,0,0,1,0,Mass,2,Koramangala Branch,Bengaluru,97100,57,30.0,Life Insurance
1283,51,26,55,560043,1,1.3,2,236,0,0,0,0,1,Mass,16,Whitefield Branch,Bengaluru,320100,68,61.3,Life Insurance
1284,30,6,64,411054,4,3.4,1,117,0,0,0,0,0,Mass Affluent,4,Kothrud Branch,Pune,233200,58,47.2,Credit Card
1285,65,40,128,452086,1,2.5,1,162,0,0,0,1,0,Affluent,18,Palasia Branch,Indore,756800,87,84.2,Fixed Deposit
1286,38,13,113,452031,4,1.7,2,0,1,0,0,0,1,Affluent,10,Palasia Branch,Indore,414600,69,65.3,Fixed Deposit
1287,29,3,50,560031,3,1.1,2,0,0,0,0,0,1,Mass,2,Whitefield Branch,Bengaluru,113100,54,29.8,Auto Loan
1288,42,18,54,560076,4,2.2,2,0,0,0,0,0,0,Mass,6,Whitefield Branch,Bengaluru,109400,56,34.0,Life Insurance
1289,63,38,129,500085,1,0.9,1,366,0,0,0,1,0,Affluent,17,Secunderabad Branch,Hyderabad,589000,80,79.4,Fixed Deposit
1290,46,21,82,600041,4,0.4,1,0,0,0,0,0,0,Mass Affluent,11,OMR Branch,Chennai,189000,71,54.1,Credit Card
1291,62,38,100,500099,4,1.7,2,0,0,0,0,1,0,Mass Affluent,19,Hitech City Branch,Hyderabad,390900,79,76.4,Credit Card
1292,58,34,44,411057,4,2.2,1,0,0,1,0,0,0,Mass Affluent,13,Hinjewadi Branch,Pune,179600,64,46.7,Life Insurance
1293,56,30,164,600013,4,0.5,2,234,1,0,1,1,1,HNI,25,T Nagar Branch,Chennai,1102400,81,82.2,Mutual Funds
1294,56,31,81,560063,2,3.7,1,121,0,0,0,1,1,Mass Affluent,14,Whitefield Branch,Bengaluru,533700,69,69.2,Life Insurance
1295,34,10,71,560009,1,0.1,1,257,0,0,0,1,1,Mass Affluent,10,Koramangala Branch,Bengaluru,292800,67,56.7,Mutual Funds
1296,42,17,28,560031,1,0.5,3,90,0,0,0,0,0,Mass,6,Koramangala Branch,Bengaluru,92400,49,25.5,Gold Loan
1297,30,6,80,400052,3,1.5,1,219,0,0,0,1,0,Mass Affluent,3,Andheri East Branch,Mumbai,248800,69,52.1,Credit Card
1298,61,35,90,110020,4,1.9,2,0,0,0,0,1,0,Mass Affluent,18,Dwarka Branch,Delhi,343900,74,72.0,Credit Card
1299,38,14,74,700052,1,3.6,2,0,0,0,0,1,1,Mass Affluent,7,Salt Lake Branch,Kolkata,290100,68,56.9,Home Loan
1300,50,25,14,560077,2,0.7,3,0,0,1,0,1,0,Mass,15,Indiranagar Branch,Bengaluru,76100,47,27.1,Credit Card
1301,61,36,23,110051,2,0.5,2,103,0,0,0,1,0,Mass,20,Karol Bagh Branch,Delhi,146100,51,40.6,Life Insurance
1302,41,17,153,600039,1,1.7,1,337,0,0,0,0,1,Affluent,7,T Nagar Branch,Chennai,576600,78,70.7,Fixed Deposit
1303,42,16,38,700009,3,0.9,3,0,0,0,0,0,0,Mass,3,Salt Lake Branch,Kolkata,57700,53,22.6,Life Insurance
1304,29,5,112,110097,2,2.0,2,382,0,1,0,0,0,Affluent,5,Dwarka Branch,Delhi,447100,85,67.2,Fixed Deposit
1305,51,26,145,302026,1,8.1,1,397,0,0,0,0,1,HNI,7,C Scheme Branch,Jaipur,941400,74,74.0,Fixed Deposit
1306,32,6,28,452009,2,0.3,2,88,0,0,0,1,0,Mass,6,Vijay Nagar Branch,Indore,94700,45,24.8,Credit Card
1307,34,9,31,600025,4,1.1,3,0,0,0,0,1,1,Mass,7,Anna Nagar Branch,Chennai,99100,48,27.2,Auto Loan
1308,26,2,195,411004,1,6.33,1,0,0,0,0,1,1,HNI,4,Hinjewadi Branch,Pune,915200,78,76.8,Home Loan
1309,54,24,50,400044,3,2.0,3,0,0,0,0,1,1,Mass,18,Bandra West Branch,Mumbai,229100,60,54.2,Life Insurance
1310,38,14,71,641054,4,2.0,3,0,0,0,0,0,0,Mass Affluent,7,RS Puram Branch,Coimbatore,166900,62,45.2,Credit Card
1311,62,36,21,560073,3,0.3,3,0,0,0,0,0,0,Mass,12,Whitefield Branch,Bengaluru,26100,52,22.5,Life Insurance
1312,37,11,35,452011,2,0.8,3,125,0,0,0,0,0,Mass,9,MG Road Branch,Indore,120300,48,31.5,Credit Card
1313,46,21,42,600091,1,2.4,1,0,0,0,0,1,1,Mass,19,OMR Branch,Chennai,214400,58,52.1,Gold Loan
1314,52,27,78,400056,4,3.6,3,141,0,0,0,1,0,Mass Affluent,23,Andheri East Branch,Mumbai,519800,64,74.5,Credit Card
1315,32,6,73,400031,4,2.2,2,0,0,0,0,0,0,Mass Affluent,10,Andheri East Branch,Mumbai,182200,60,48.7,Credit Card
1316,49,25,53,411077,2,1.0,3,181,0,0,0,0,0,Mass,16,Kothrud Branch,Pune,229700,62,54.0,Life Insurance
1317,28,3,51,600066,2,1.6,3,123,0,0,0,0,0,Mass,1,T Nagar Branch,Chennai,139500,55,32.8,Credit Card
1318,55,30,40,400077,2,2.3,3,0,0,0,0,1,0,Mass,10,Fort Branch,Mumbai,92400,57,32.3,Life Insurance
1319,52,26,178,700096,1,1.0,1,0,0,0,0,0,0,Affluent,18,Park Street Branch,Kolkata,685200,88,87.9,Home Loan
1320,32,6,35,226053,2,0.3,1,0,0,0,0,0,1,Mass,6,Hazratganj Branch,Lucknow,90800,56,28.1,Auto Loan
1321,31,7,192,500069,1,0.0,2,0,1,0,0,1,0,HNI,1,Banjara Hills Branch,Hyderabad,419200,77,66.8,Home Loan
1322,27,3,123,500009,1,5.4,1,0,0,0,0,0,0,Affluent,5,Hitech City Branch,Hyderabad,420300,69,67.9,Fixed Deposit
1323,32,5,48,400099,2,1.67,2,0,0,1,1,1,1,Mass Affluent,5,Bandra West Branch,Mumbai,271500,75,51.3,Home Loan
1324,52,26,45,380038,3,0.6,2,0,0,0,0,0,0,Mass,13,Satellite Branch,Ahmedabad,96800,63,37.3,Life Insurance
1325,52,28,15,560017,1,0.2,1,0,0,0,0,1,0,Mass,18,Whitefield Branch,Bengaluru,32400,53,26.3,Life Insurance
1326,50,24,79,160020,1,0.3,1,120,0,0,0,1,0,Mass Affluent,14,IT Park Branch,Chandigarh,309600,71,63.6,Credit Card
1327,32,5,63,560078,4,2.0,2,0,0,1,0,1,0,Mass Affluent,5,Indiranagar Branch,Bengaluru,199000,67,46.7,Credit Card
1328,61,35,30,600069,2,0.2,3,0,0,0,0,1,0,Mass,5,T Nagar Branch,Chennai,45400,60,23.4,Life Insurance
1329,60,36,145,110004,4,6.9,1,380,1,0,0,0,1,HNI,19,Dwarka Branch,Delhi,1276400,69,78.6,Fixed Deposit
1330,28,4,32,110024,3,1.0,2,0,0,0,0,0,0,Mass,3,Dwarka Branch,Delhi,38800,47,18.5,Credit Card
1331,34,9,64,380092,2,0.1,1,224,0,0,0,1,1,Mass Affluent,7,Navrangpura Branch,Ahmedabad,242800,65,50.0,Mutual Funds
1332,31,7,84,500031,1,0.1,1,0,0,0,0,1,0,Mass Affluent,4,Secunderabad Branch,Hyderabad,164500,73,47.6,Credit Card
1333,31,5,21,600099,1,0.4,2,0,0,0,0,1,0,Mass,3,OMR Branch,Chennai,23400,51,16.6,Credit Card
1334,62,38,99,440076,4,1.7,2,0,0,0,0,1,0,Mass Affluent,12,Sitabuldi Branch,Nagpur,338300,85,71.5,Credit Card
1335,47,22,35,440097,2,1.3,1,0,0,0,0,1,0,Mass,22,Sitabuldi Branch,Nagpur,98100,54,38.8,Credit Card
1336,50,24,180,226001,1,1.7,1,0,0,0,0,1,1,HNI,18,Hazratganj Branch,Lucknow,912000,87,87.1,Home Loan
1337,36,12,42,110007,1,1.33,1,0,0,0,0,1,0,Mass,8,Dwarka Branch,Delhi,87600,55,30.4,Credit Card
1338,26,0,179,600061,4,2.1,2,0,1,0,0,0,0,HNI,3,OMR Branch,Chennai,483100,70,67.5,Home Loan
1339,51,27,42,160077,4,0.1,3,0,0,0,0,0,0,Mass,11,Sector 17 Branch,Chandigarh,82600,66,34.4,Life Insurance
1340,52,25,180,560068,2,9.0,2,297,1,0,0,1,0,HNI,22,Whitefield Branch,Bengaluru,1753800,64,82.9,Fixed Deposit
1341,35,11,82,400006,4,3.4,1,0,0,0,0,0,0,Mass Affluent,9,Fort Branch,Mumbai,246700,65,56.8,Credit Card
1342,42,16,55,302082,2,0.7,1,149,0,0,0,0,0,Mass,2,Malviya Nagar Branch,Jaipur,138200,57,34.2,Life Insurance
1343,36,12,79,500092,2,2.2,1,0,0,0,0,1,0,Mass Affluent,14,Secunderabad Branch,Hyderabad,257000,67,60.6,Credit Card
1344,41,17,48,600070,2,0.6,3,215,0,0,0,0,1,Mass,10,Anna Nagar Branch,Chennai,208300,58,45.6,Life Insurance
1345,49,25,93,395080,1,2.7,1,0,0,1,0,1,0,Affluent,5,Ring Road Branch,Surat,331600,80,63.3,Credit Card
1346,57,32,23,600038,2,0.2,3,0,0,0,0,0,0,Mass,1,Anna Nagar Branch,Chennai,18700,57,17.0,Life Insurance
1347,44,20,50,560015,3,2.33,1,200,0,0,0,0,0,Mass,5,Koramangala Branch,Bengaluru,170700,53,38.5,Life Insurance
1348,60,34,85,560046,2,2.0,1,0,0,0,0,1,0,Mass Affluent,16,Whitefield Branch,Bengaluru,309800,78,69.6,Credit Card
1349,38,14,35,560068,1,1.5,2,97,0,0,0,1,0,Mass,6,Indiranagar Branch,Bengaluru,137400,51,32.5,Credit Card
1350,26,2,171,400092,3,6.0,2,0,1,0,0,1,0,HNI,5,Bandra West Branch,Mumbai,708600,63,71.1,Home Loan
1351,29,2,29,380034,4,1.5,2,0,0,0,0,0,1,Mass,6,Satellite Branch,Ahmedabad,86900,42,23.2,Gold Loan
1352,59,35,84,302033,1,1.8,3,0,0,0,0,1,1,Mass Affluent,15,Malviya Nagar Branch,Jaipur,371900,77,69.6,Life Insurance
1353,51,27,20,110027,4,0.5,2,0,0,0,0,1,0,Mass,12,Connaught Place Branch,Delhi,41500,50,23.2,Life Insurance
1354,50,25,14,560049,1,0.4,3,0,0,0,0,1,1,Mass,4,Indiranagar Branch,Bengaluru,60000,45,18.2,Gold Loan
1355,35,10,179,160055,1,8.6,1,357,0,0,0,0,0,HNI,8,Sector 17 Branch,Chandigarh,1113600,74,79.0,Fixed Deposit
1356,61,37,48,400021,1,0.8,1,158,0,0,0,1,0,Mass,15,Bandra West Branch,Mumbai,230100,65,53.6,Life Insurance
1357,42,16,74,500098,1,2.8,1,0,0,0,0,1,0,Mass Affluent,11,Banjara Hills Branch,Hyderabad,239700,71,57.8,Credit Card
1358,55,29,53,500057,1,1.4,1,0,0,0,0,0,0,Mass,22,Banjara Hills Branch,Hyderabad,164200,67,52.9,Life Insurance
1359,50,25,83,411031,1,2.8,2,0,0,0,0,1,1,Mass Affluent,7,Viman Nagar Branch,Pune,310900,74,60.9,Home Loan
1360,64,40,171,110035,2,2.1,1,433,0,0,0,0,0,HNI,9,Karol Bagh Branch,Delhi,696800,89,79.8,Fixed Deposit
1361,54,28,85,411085,4,4.9,1,0,0,0,0,1,0,Mass Affluent,2,Viman Nagar Branch,Pune,265500,72,56.5,Credit Card
1362,50,26,38,560053,4,0.9,2,0,0,0,0,1,0,Mass,17,Koramangala Branch,Bengaluru,96800,54,35.8,Life Insurance
1363,31,5,85,600063,3,1.6,1,157,0,0,0,1,1,Mass Affluent,5,T Nagar Branch,Chennai,327200,64,56.4,Auto Loan
1364,32,8,79,400026,1,0.1,1,0,0,0,0,0,0,Mass Affluent,8,Fort Branch,Mumbai,155300,68,46.7,Credit Card
1365,44,19,69,500060,4,0.4,1,0,0,0,0,0,0,Mass,18,Banjara Hills Branch,Hyderabad,187400,71,56.4,Credit Card
1366,60,35,43,500028,3,0.9,3,0,0,0,0,1,1,Mass,12,Secunderabad Branch,Hyderabad,159100,64,43.1,Life Insurance
1367,60,34,33,110007,2,0.3,1,101,0,0,0,1,0,Mass,20,Connaught Place Branch,Delhi,187000,58,48.7,Life Insurance
1368,62,38,42,400080,3,0.1,3,149,0,0,0,0,1,Mass,9,Bandra West Branch,Mumbai,182500,60,42.4,Life Insurance
1369,46,21,40,110084,4,1.9,3,122,0,0,0,1,0,Mass,16,Connaught Place Branch,Delhi,203000,48,46.2,Life Insurance
1370,57,33,43,560019,1,1.8,3,0,0,0,0,0,0,Mass,3,Whitefield Branch,Bengaluru,76800,62,28.1,Life Insurance
1371,30,5,20,400028,4,0.5,3,117,0,0,0,0,0,Mass,8,Fort Branch,Mumbai,87100,38,22.4,Gold Loan
1372,58,32,65,641024,3,2.5,1,222,0,0,0,1,0,Mass Affluent,28,Gandhipuram Branch,Coimbatore,435300,59,71.5,Credit Card
1373,39,13,139,560067,3,3.4,1,483,1,0,0,1,0,Affluent,8,Indiranagar Branch,Bengaluru,603100,59,66.7,Fixed Deposit
1374,60,35,135,302022,3,0.3,3,0,1,0,0,1,0,Affluent,14,C Scheme Branch,Jaipur,463400,75,73.9,Fixed Deposit
1375,59,34,84,440067,3,1.6,3,0,0,0,0,1,0,Mass Affluent,6,Wardha Road Branch,Nagpur,210200,73,54.1,Credit Card
1376,50,26,179,400094,1,2.9,3,0,1,0,0,0,1,HNI,18,Bandra West Branch,Mumbai,931100,72,80.6,Home Loan
1377,63,39,45,411082,4,1.3,2,86,0,0,0,0,0,Mass,18,Viman Nagar Branch,Pune,226800,65,55.0,Life Insurance
1378,27,3,109,226076,2,2.5,1,0,0,0,0,1,0,Affluent,3,Gomti Nagar Branch,Lucknow,269100,67,57.5,Fixed Deposit
1379,54,29,34,411001,4,0.1,3,0,0,0,0,1,0,Mass,21,Kothrud Branch,Pune,90300,60,38.5,Life Insurance
1380,62,37,162,560092,1,1.3,1,0,0,0,0,1,0,Affluent,24,Indiranagar Branch,Bengaluru,819800,93,93.9,Home Loan
1381,60,34,105,560089,2,1.4,1,0,0,0,0,1,0,Mass Affluent,15,Whitefield Branch,Bengaluru,385500,86,75.8,Fixed Deposit
1382,38,12,22,400040,3,0.2,2,0,0,0,0,1,0,Mass,8,Fort Branch,Mumbai,32000,51,20.5,Life Insurance
1383,34,8,82,600083,2,1.8,1,178,0,0,0,1,1,Mass Affluent,11,OMR Branch,Chennai,415300,71,65.1,Mutual Funds
1384,65,41,105,395047,4,1.7,2,230,0,1,0,1,0,Affluent,4,Vesu Branch,Surat,444900,93,68.4,Fixed Deposit
1385,55,31,62,641012,1,1.8,3,0,0,0,0,1,0,Mass,18,Gandhipuram Branch,Coimbatore,208900,69,57.3,Credit Card
1386,57,31,82,400033,2,2.0,1,83,0,0,0,0,1,Mass Affluent,20,Andheri East Branch,Mumbai,514600,75,74.0,Life Insurance
1387,27,3,72,700032,4,0.0,1,0,0,0,0,1,0,Mass,4,Howrah Branch,Kolkata,137100,71,42.0,Credit Card
1388,35,10,38,560017,4,1.7,1,0,0,0,0,1,1,Mass,6,Koramangala Branch,Bengaluru,113500,45,28.3,Life Insurance
1389,52,28,25,682066,4,1.0,1,0,0,0,0,0,0,Mass,17,MG Road Kochi Branch,Kochi,49300,47,27.0,Life Insurance
1390,45,15,20,400019,1,0.75,3,0,0,0,0,1,0,Mass,7,Andheri East Branch,Mumbai,29400,48,18.6,Credit Card
1391,29,3,80,452088,4,1.8,2,0,0,0,0,1,1,Mass Affluent,5,Palasia Branch,Indore,242800,67,52.2,Home Loan
1392,44,18,84,302039,3,1.1,1,0,0,0,0,0,0,Mass Affluent,12,C Scheme Branch,Jaipur,221800,69,57.9,Credit Card
1393,47,23,33,400096,1,1.0,1,0,0,0,0,1,1,Mass,13,Andheri East Branch,Mumbai,131900,62,38.5,Mutual Funds
1394,62,37,55,400022,3,0.9,3,0,0,0,0,1,0,Mass,13,Andheri East Branch,Mumbai,145000,70,46.2,Life Insurance
1395,52,27,33,302081,2,0.7,2,0,0,0,0,0,1,Mass,16,Malviya Nagar Branch,Jaipur,122400,60,38.7,Life Insurance
1396,47,23,190,110054,4,0.3,3,305,1,0,0,0,0,HNI,23,Karol Bagh Branch,Delhi,845600,70,82.6,Fixed Deposit
1397,42,18,43,600083,1,0.3,3,158,0,0,0,0,0,Mass,18,Anna Nagar Branch,Chennai,183700,57,48.3,Credit Card
1398,65,41,45,682006,3,0.1,3,0,0,0,0,1,0,Mass,26,Kakkanad Branch,Kochi,137300,73,51.9,Life Insurance
1399,42,18,141,600018,1,3.5,1,0,0,0,0,0,0,Affluent,9,Anna Nagar Branch,Chennai,509400,81,76.3,Fixed Deposit
1400,40,16,69,560064,4,2.4,1,0,0,0,0,1,0,Mass Affluent,9,Whitefield Branch,Bengaluru,184000,58,47.4,Credit Card
1401,32,8,78,560024,4,0.1,2,0,0,0,0,1,0,Mass Affluent,2,Indiranagar Branch,Bengaluru,129200,71,40.4,Credit Card
1402,40,15,84,400092,1,3.7,3,0,0,0,0,1,0,Mass Affluent,4,Bandra West Branch,Mumbai,241000,72,55.4,Credit Card
1403,55,29,172,440056,1,5.2,2,0,1,0,0,0,0,HNI,14,Sitabuldi Branch,Nagpur,929500,76,81.9,Home Loan
1404,32,6,51,560044,4,0.2,1,154,0,1,0,0,1,Mass Affluent,8,Indiranagar Branch,Bengaluru,246500,64,48.5,Life Insurance
1405,58,28,75,110063,1,1.4,3,0,0,0,0,1,0,Mass Affluent,9,Connaught Place Branch,Delhi,203100,78,55.1,Credit Card
1406,46,22,183,110051,1,3.1,2,0,1,0,1,1,1,HNI,9,Karol Bagh Branch,Delhi,929600,81,74.6,Home Loan
1407,53,23,20,440078,4,0.4,3,0,0,0,0,1,1,Mass,17,Dharampeth Branch,Nagpur,94700,50,31.8,Life Insurance
1408,63,39,101,400068,2,3.9,3,294,1,0,0,1,0,Affluent,12,Fort Branch,Mumbai,574800,65,68.9,Fixed Deposit
1409,40,14,129,226057,1,5.9,3,0,1,0,0,1,0,Affluent,5,Hazratganj Branch,Lucknow,527900,64,66.9,Fixed Deposit
1410,41,17,63,700035,2,3.2,1,0,0,0,0,0,0,Mass Affluent,14,Salt Lake Branch,Kolkata,195500,60,51.4,Credit Card
1411,60,35,44,302050,4,2.1,1,0,0,0,0,0,0,Mass,14,Vaishali Nagar Branch,Jaipur,108400,56,37.4,Life Insurance
1412,65,39,184,440017,1,5.4,3,176,1,0,1,1,1,HNI,15,Sitabuldi Branch,Nagpur,1585700,85,78.0,Mutual Funds
1413,59,33,100,302024,2,2.0,1,127,0,0,0,0,0,Mass Affluent,21,C Scheme Branch,Jaipur,537300,78,79.1,Credit Card
1414,48,24,12,641031,3,0.4,1,0,0,0,0,0,0,Mass,8,Gandhipuram Branch,Coimbatore,12700,48,17.4,Gold Loan
1415,59,33,68,400009,2,2.3,3,128,0,1,0,1,0,Mass Affluent,14,Bandra West Branch,Mumbai,429100,74,67.0,Credit Card
1416,33,8,48,380010,1,1.0,1,212,0,0,0,1,0,Mass,6,Navrangpura Branch,Ahmedabad,173100,60,40.9,Credit Card
1417,40,15,82,600031,2,0.4,1,0,0,0,0,0,0,Mass Affluent,15,OMR Branch,Chennai,210100,73,59.1,Credit Card
1418,42,18,52,600031,2,2.5,1,0,0,0,0,0,0,Mass,4,OMR Branch,Chennai,106700,61,33.4,Life Insurance
1419,65,41,154,160079,2,4.6,2,0,1,1,1,1,1,HNI,20,Sector 35 Branch,Chandigarh,1479900,95,83.3,Home Loan
1420,30,4,39,440099,1,1.5,1,0,0,0,0,0,1,Mass,3,Dharampeth Branch,Nagpur,98100,53,26.8,Gold Loan
1421,30,4,40,700060,1,0.3,1,0,0,0,1,1,1,Mass,8,Park Street Branch,Kolkata,177800,67,42.6,Mutual Funds
1422,42,17,54,500093,4,1.9,3,164,0,0,0,0,0,Mass,6,Secunderabad Branch,Hyderabad,184000,53,41.3,Life Insurance
1423,32,8,32,500073,2,1.0,2,103,0,0,1,1,1,Mass,6,Hitech City Branch,Hyderabad,222400,54,41.6,Auto Loan
1424,55,30,64,560011,2,2.3,3,0,0,0,0,0,0,Mass Affluent,5,Koramangala Branch,Bengaluru,143300,68,41.8,Credit Card
1425,29,3,92,560070,2,1.3,1,287,0,0,0,1,0,Mass Affluent,7,Indiranagar Branch,Bengaluru,322500,69,61.1,Credit Card
1426,64,38,40,560094,1,2.5,3,94,0,0,0,1,1,Mass,4,Koramangala Branch,Bengaluru,208700,58,41.3,Life Insurance
1427,37,11,60,400004,3,0.5,3,0,0,0,0,1,0,Mass,13,Bandra West Branch,Mumbai,141000,64,44.7,Credit Card
1428,31,5,85,400004,2,1.3,1,119,0,0,0,1,1,Mass Affluent,3,Fort Branch,Mumbai,300700,69,54.8,Auto Loan
1429,25,-1,21,380023,4,0.4,1,90,0,0,0,1,0,Mass,2,Maninagar Branch,Ahmedabad,76800,33,16.4,Life Insurance
1430,31,5,35,560057,1,0.6,3,171,0,0,0,0,0,Mass,3,Whitefield Branch,Bengaluru,106800,52,27.3,Credit Card
1431,32,7,52,452051,2,0.1,1,0,0,0,0,1,0,Mass,1,Vijay Nagar Branch,Indore,71100,66,28.2,Credit Card
1432,58,34,128,600022,1,7.4,1,0,0,0,0,0,0,Affluent,9,T Nagar Branch,Chennai,633400,81,78.2,Fixed Deposit
1433,26,2,195,400086,1,6.33,1,0,0,0,0,0,0,HNI,2,Fort Branch,Mumbai,752500,83,78.3,Home Loan
1434,51,25,68,110003,2,1.5,2,117,0,0,0,0,1,Mass Affluent,4,Karol Bagh Branch,Delhi,258400,70,51.0,Life Insurance
1435,65,41,55,110009,2,1.1,1,0,0,0,0,0,0,Mass,22,Karol Bagh Branch,Delhi,177500,73,56.5,Life Insurance
1436,43,17,55,440093,1,0.2,1,0,0,0,0,1,0,Mass,18,Sitabuldi Branch,Nagpur,154200,70,50.3,Credit Card
1437,46,21,80,110091,4,0.4,1,0,0,0,0,1,1,Mass Affluent,20,Karol Bagh Branch,Delhi,338100,76,70.2,Life Insurance
1438,28,3,123,500072,1,0.8,1,146,0,0,0,0,0,Affluent,1,Secunderabad Branch,Hyderabad,285400,72,57.1,Fixed Deposit
1439,63,37,90,452036,4,1.9,2,106,0,1,0,1,0,Affluent,13,Palasia Branch,Indore,512700,82,72.1,Credit Card
1440,59,29,61,440028,1,1.4,3,0,0,0,0,0,0,Mass,15,Dharampeth Branch,Nagpur,166400,66,49.7,Credit Card
1441,42,15,41,110048,3,2.5,2,0,0,0,0,1,0,Mass,11,Connaught Place Branch,Delhi,110500,53,34.5,Credit Card
1442,58,33,43,400020,2,1.6,3,0,0,0,0,1,0,Mass,16,Andheri East Branch,Mumbai,112300,59,39.6,Life Insurance
1443,39,13,71,400029,3,0.1,1,162,0,1,0,1,0,Mass Affluent,3,Bandra West Branch,Mumbai,245400,74,50.5,Credit Card
1444,36,12,25,400025,4,1.0,1,0,0,0,0,1,0,Mass,6,Fort Branch,Mumbai,38700,44,18.6,Credit Card
1445,60,33,154,110087,1,3.0,2,0,1,1,1,1,0,HNI,7,Connaught Place Branch,Delhi,779200,88,73.5,Home Loan
1446,47,21,141,600047,1,2.4,1,0,0,0,0,0,0,Affluent,15,Anna Nagar Branch,Chennai,558300,84,81.7,Fixed Deposit
1447,29,4,22,682034,2,0.9,3,110,0,0,0,0,0,Mass,2,MG Road Kochi Branch,Kochi,75800,32,16.2,Gold Loan
1448,52,28,145,600010,2,6.8,1,0,0,0,0,1,0,Affluent,13,OMR Branch,Chennai,808600,76,82.3,Fixed Deposit
1449,41,16,49,411055,3,0.5,3,0,0,0,0,1,0,Mass,3,Kothrud Branch,Pune,78800,63,29.3,Credit Card
1450,63,37,109,110022,1,2.0,1,0,0,0,0,1,0,Affluent,4,Dwarka Branch,Delhi,292700,80,63.1,Fixed Deposit
1451,59,34,80,380071,3,0.5,1,0,0,0,0,1,1,Mass Affluent,24,Maninagar Branch,Ahmedabad,390600,81,76.0,Life Insurance
1452,44,20,82,600028,4,1.4,2,201,0,0,0,1,1,Mass Affluent,8,T Nagar Branch,Chennai,357700,69,60.4,Life Insurance
1453,54,28,52,226093,4,2.5,1,0,0,0,0,1,0,Mass,17,Gomti Nagar Branch,Lucknow,159700,61,47.6,Life Insurance
1454,29,5,85,641011,3,2.5,1,0,0,0,0,1,1,Mass Affluent,3,RS Puram Branch,Coimbatore,259600,70,54.1,Auto Loan
1455,51,25,148,560099,1,1.0,1,0,0,0,0,0,0,Affluent,19,Indiranagar Branch,Bengaluru,563700,87,85.2,Fixed Deposit
1456,63,39,160,400037,2,2.1,1,0,0,0,0,0,1,Affluent,12,Bandra West Branch,Mumbai,659600,87,80.4,Home Loan
1457,36,11,39,110058,4,1.7,1,0,0,0,0,1,0,Mass,7,Connaught Place Branch,Delhi,73900,51,26.3,Credit Card
1458,42,16,25,560062,2,0.8,3,0,0,0,0,0,1,Mass,16,Indiranagar Branch,Bengaluru,109000,52,34.2,Life Insurance
1459,51,25,33,641063,1,1.4,3,0,0,0,0,1,1,Mass,22,Gandhipuram Branch,Coimbatore,169600,62,48.7,Life Insurance
1460,47,20,38,560007,3,2.5,2,0,0,0,0,0,0,Mass,15,Indiranagar Branch,Bengaluru,94700,50,33.3,Life Insurance
1461,40,16,85,380001,4,0.2,3,0,0,0,0,1,1,Mass Affluent,6,Satellite Branch,Ahmedabad,229500,74,54.3,Home Loan
1462,54,28,48,600063,1,0.2,1,0,0,0,0,1,0,Mass,17,T Nagar Branch,Chennai,133200,70,46.1,Life Insurance
1463,47,21,15,110079,4,0.6,3,77,0,0,0,1,0,Mass,6,Karol Bagh Branch,Delhi,79800,38,19.9,Life Insurance
1464,35,10,94,560057,1,0.0,1,174,0,0,0,1,0,Mass Affluent,10,Indiranagar Branch,Bengaluru,326300,80,66.0,Credit Card
1465,28,4,120,411011,2,0.6,1,0,0,0,0,1,0,Affluent,6,Hinjewadi Branch,Pune,304400,83,66.5,Fixed Deposit
1466,45,19,60,411035,1,0.7,3,159,0,0,0,1,0,Mass,10,Hinjewadi Branch,Pune,225400,65,51.5,Credit Card
1467,33,9,145,560048,2,4.33,1,277,0,0,0,0,1,Affluent,11,Koramangala Branch,Bengaluru,794900,72,74.6,Fixed Deposit
1468,62,36,29,110059,2,0.7,3,0,0,0,0,0,0,Mass,14,Connaught Place Branch,Delhi,50500,53,27.2,Life Insurance
1469,45,18,78,700090,3,2.67,2,0,0,0,0,1,0,Mass Affluent,13,Park Street Branch,Kolkata,250400,64,58.5,Credit Card
1470,59,35,59,110026,4,1.2,2,0,0,0,0,1,0,Mass,10,Karol Bagh Branch,Delhi,146100,65,43.6,Life Insurance
1471,58,28,80,452013,2,4.5,3,0,0,0,0,0,1,Mass Affluent,28,Vijay Nagar Branch,Indore,564600,72,78.9,Life Insurance
1472,52,26,180,110081,1,1.0,1,0,0,0,0,1,1,Affluent,6,Dwarka Branch,Delhi,609900,94,78.0,Home Loan
1473,34,8,8,400031,3,0.1,2,83,0,0,0,1,0,Mass,7,Andheri East Branch,Mumbai,70100,42,19.8,Credit Card
1474,65,35,23,500006,1,1.5,3,0,0,0,0,1,0,Mass,9,Banjara Hills Branch,Hyderabad,47200,54,23.5,Life Insurance
1475,48,23,79,500040,2,3.8,3,0,0,0,0,1,0,Mass Affluent,15,Hitech City Branch,Hyderabad,306300,65,64.3,Credit Card
1476,44,19,78,500055,2,3.8,3,268,0,0,0,0,0,Mass Affluent,8,Banjara Hills Branch,Hyderabad,313900,57,56.6,Credit Card
1477,61,37,64,560013,1,0.0,2,0,0,0,0,0,1,Mass,9,Whitefield Branch,Bengaluru,174700,74,48.2,Life Insurance
1478,40,14,64,395047,4,0.2,3,0,0,0,0,1,1,Mass,5,Ring Road Branch,Surat,156100,61,40.1,Life Insurance
1479,65,39,160,500010,4,3.8,1,237,1,0,0,1,0,HNI,12,Hitech City Branch,Hyderabad,874800,71,76.0,Fixed Deposit
1480,28,4,43,500061,1,1.0,3,102,0,0,0,0,0,Mass,2,Hitech City Branch,Hyderabad,118000,54,29.6,Mutual Funds
1481,67,42,32,560056,1,1.1,3,0,0,0,0,0,1,Mass,22,Whitefield Branch,Bengaluru,150100,61,45.9,Life Insurance
1482,35,9,179,400060,2,0.0,1,76,0,1,0,1,0,HNI,7,Andheri East Branch,Mumbai,643800,94,76.4,Fixed Deposit
1483,60,35,8,600003,1,0.1,1,0,0,0,0,1,0,Mass,17,Anna Nagar Branch,Chennai,15500,55,24.3,Life Insurance
1484,58,32,63,110095,1,1.6,1,0,0,1,0,1,0,Mass Affluent,22,Karol Bagh Branch,Delhi,344200,80,71.1,Credit Card
1485,55,30,40,411098,2,2.3,3,0,0,1,0,1,0,Mass,22,Kothrud Branch,Pune,218500,61,54.7,Life Insurance
1486,34,9,99,400092,4,2.2,2,155,0,0,0,1,0,Mass Affluent,3,Andheri East Branch,Mumbai,325000,71,59.7,Credit Card
1487,35,9,141,395019,2,4.5,2,0,1,0,0,0,0,Affluent,6,Vesu Branch,Surat,503600,63,67.2,Fixed Deposit
1488,28,4,159,500023,1,1.5,1,0,0,0,0,1,1,Affluent,1,Secunderabad Branch,Hyderabad,441000,85,68.7,Home Loan
1489,38,12,39,160081,2,0.3,1,174,0,0,0,1,0,Mass,14,IT Park Branch,Chandigarh,160200,53,41.0,Credit Card
1490,62,38,99,500011,4,1.7,2,0,0,0,0,0,0,Mass Affluent,7,Hitech City Branch,Hyderabad,260200,83,62.8,Credit Card
1491,30,4,18,400016,4,0.3,2,0,0,0,0,1,1,Mass,8,Andheri East Branch,Mumbai,64900,39,19.8,Gold Loan
1492,38,12,38,302074,2,0.3,1,0,0,0,0,1,1,Mass,8,Malviya Nagar Branch,Jaipur,113100,59,33.0,Home Loan
1493,33,8,133,411079,1,0.0,1,0,0,0,0,1,0,Affluent,9,Viman Nagar Branch,Pune,349800,84,71.6,Fixed Deposit
1494,58,34,84,380099,2,2.8,1,0,0,0,0,1,1,Mass Affluent,14,Maninagar Branch,Ahmedabad,383700,69,67.4,Life Insurance
1495,59,35,60,560025,1,0.0,2,0,0,0,0,1,1,Mass,7,Whitefield Branch,Bengaluru,183400,78,48.6,Life Insurance
1496,52,28,178,411038,3,5.4,3,147,1,0,0,1,0,HNI,16,Kothrud Branch,Pune,1212800,69,79.9,Fixed Deposit
1497,36,12,18,226069,1,0.5,3,0,0,0,0,0,1,Mass,10,Aliganj Branch,Lucknow,64100,50,23.6,Gold Loan
1498,45,21,73,411056,1,0.8,3,0,0,0,0,1,0,Mass Affluent,8,Hinjewadi Branch,Pune,182500,79,52.4,Credit Card
1499,49,23,125,560063,1,7.3,1,0,0,0,0,0,0,Affluent,25,Whitefield Branch,Bengaluru,901300,78,90.0,Fixed Deposit
1500,52,26,91,411001,1,4.3,2,0,1,0,1,1,1,Affluent,20,Kothrud Branch,Pune,717100,66,73.9,Life Insurance
1501,54,28,74,411090,2,1.1,1,0,0,0,0,1,0,Mass Affluent,23,Hinjewadi Branch,Pune,275700,73,68.4,Credit Card
1502,30,4,35,641077,2,0.3,2,0,0,1,0,0,1,Mass,7,Peelamedu Branch,Coimbatore,139900,67,36.8,Home Loan
1503,65,39,113,560045,1,2.0,1,0,0,0,0,1,1,Affluent,25,Whitefield Branch,Bengaluru,657200,82,85.3,Fixed Deposit
1504,34,8,52,560059,4,2.2,2,0,0,0,0,0,0,Mass,3,Koramangala Branch,Bengaluru,85700,53,28.1,Credit Card
1505,30,6,191,302031,2,4.4,2,0,1,0,0,1,0,HNI,2,C Scheme Branch,Jaipur,662700,70,70.9,Home Loan
1506,51,25,18,500083,1,0.3,3,93,0,0,0,0,1,Mass,21,Hitech City Branch,Hyderabad,188400,51,45.7,Life Insurance
1507,52,27,25,700093,2,0.0,1,0,0,0,0,1,1,Mass,12,Salt Lake Branch,Kolkata,90900,55,30.3,Life Insurance
1508,43,18,50,500020,4,1.9,3,0,0,0,0,0,0,Mass,4,Secunderabad Branch,Hyderabad,91300,58,30.5,Life Insurance
1509,35,10,75,110077,4,0.7,3,0,0,0,0,1,1,Mass Affluent,8,Connaught Place Branch,Delhi,218900,67,51.7,Life Insurance
1510,56,26,92,700024,2,4.5,3,0,0,1,0,0,1,Affluent,9,Park Street Branch,Kolkata,499700,80,68.9,Life Insurance
1511,57,32,33,400005,2,2.0,2,0,0,0,0,1,0,Mass,11,Andheri East Branch,Mumbai,70400,52,27.8,Life Insurance
1512,58,32,65,110014,3,2.2,3,0,0,0,0,0,0,Mass Affluent,7,Dwarka Branch,Delhi,159700,70,45.7,Credit Card
1513,53,28,44,411030,3,1.7,1,0,0,0,0,0,0,Mass,15,Kothrud Branch,Pune,104100,59,38.3,Life Insurance
1514,45,21,183,700074,2,1.4,1,354,0,0,0,0,0,HNI,22,Salt Lake Branch,Kolkata,973000,90,90.8,Fixed Deposit
1515,44,20,175,160024,2,1.4,1,0,0,0,0,1,1,Affluent,8,Sector 35 Branch,Chandigarh,651400,90,79.0,Home Loan
1516,54,28,28,110034,4,1.5,3,0,0,0,0,1,1,Mass,18,Dwarka Branch,Delhi,132800,44,36.4,Life Insurance
1517,41,17,49,400096,4,2.2,2,0,0,0,0,0,0,Mass,7,Andheri East Branch,Mumbai,105400,59,34.1,Life Insurance
1518,52,26,45,641094,4,1.8,1,0,0,0,0,1,0,Mass,20,RS Puram Branch,Coimbatore,138200,58,45.4,Life Insurance
1519,43,17,64,400020,4,3.0,3,221,1,0,0,1,0,Mass Affluent,2,Andheri East Branch,Mumbai,229600,45,40.9,Credit Card
1520,63,38,22,110082,3,0.1,3,90,0,0,0,1,0,Mass,9,Karol Bagh Branch,Delhi,111700,55,30.7,Life Insurance
1521,54,30,120,110019,1,7.4,1,119,0,0,0,1,1,Affluent,21,Karol Bagh Branch,Delhi,1160700,71,82.0,Fixed Deposit
1522,33,8,175,500089,2,6.7,1,102,0,0,0,1,0,HNI,10,Secunderabad Branch,Hyderabad,1063000,74,79.9,Fixed Deposit
1523,25,-1,101,160030,4,2.3,3,256,0,0,0,0,1,Affluent,2,IT Park Branch,Chandigarh,345200,68,57.1,Fixed Deposit
1524,41,16,104,380009,1,1.0,3,0,0,0,0,1,0,Mass Affluent,6,Navrangpura Branch,Ahmedabad,260800,77,61.0,Fixed Deposit
1525,40,16,155,700089,4,0.1,3,0,1,0,1,1,1,Affluent,8,Park Street Branch,Kolkata,585600,89,71.4,Home Loan
1526,43,18,58,110002,1,2.4,1,0,0,0,0,0,0,Mass,5,Karol Bagh Branch,Delhi,123800,60,36.4,Credit Card
1527,36,10,80,560029,4,2.2,2,0,0,0,0,1,0,Mass Affluent,13,Whitefield Branch,Bengaluru,253500,67,59.8,Credit Card
1528,57,33,45,500057,1,1.8,3,195,0,0,0,0,0,Mass,10,Secunderabad Branch,Hyderabad,181400,59,44.1,Life Insurance
1529,34,9,134,400058,1,4.6,1,164,0,1,0,1,0,Affluent,6,Fort Branch,Mumbai,749400,87,74.6,Fixed Deposit
1530,38,14,58,110073,4,2.0,3,153,0,1,0,0,0,Mass Affluent,10,Karol Bagh Branch,Delhi,287600,61,53.9,Life Insurance
1531,47,21,20,560081,1,0.2,1,0,0,0,0,1,1,Mass,11,Koramangala Branch,Bengaluru,76900,51,26.2,Gold Loan
1532,39,13,25,400038,4,1.5,3,0,0,0,0,1,0,Mass,4,Fort Branch,Mumbai,33200,45,17.2,Life Insurance
1533,45,20,55,600084,1,0.3,1,0,0,0,0,1,1,Mass,14,Anna Nagar Branch,Chennai,196200,69,51.5,Fixed Deposit
1534,62,37,155,700037,1,1.3,1,0,0,0,0,0,0,Affluent,11,Park Street Branch,Kolkata,511200,93,81.0,Home Loan
1535,59,34,30,400080,1,1.3,1,0,0,0,0,1,1,Mass,25,Fort Branch,Mumbai,173400,59,49.8,Life Insurance
1536,61,37,39,500027,4,0.4,1,0,0,0,0,1,1,Mass,14,Hitech City Branch,Hyderabad,146600,64,42.1,Life Insurance
1537,36,12,73,380065,4,2.0,3,188,0,0,0,1,0,Mass Affluent,9,Satellite Branch,Ahmedabad,284800,61,55.9,Credit Card
1538,58,34,41,700057,4,1.3,1,0,0,0,0,1,0,Mass,13,Park Street Branch,Kolkata,98000,56,34.8,Life Insurance
1539,55,30,34,302040,4,0.1,3,157,0,0,0,1,0,Mass,11,Vaishali Nagar Branch,Jaipur,133800,47,33.9,Life Insurance
1540,29,5,21,500065,3,0.9,3,119,0,0,0,0,0,Mass,5,Banjara Hills Branch,Hyderabad,75400,33,18.0,Life Insurance
1541,34,8,11,302036,4,0.3,1,0,0,1,1,1,1,Mass,4,C Scheme Branch,Jaipur,136900,57,30.2,Auto Loan
1542,61,35,154,110071,2,6.9,1,0,0,0,0,0,0,HNI,19,Karol Bagh Branch,Delhi,1005100,81,89.1,Home Loan
1543,50,20,19,560097,4,0.4,3,0,0,0,0,0,0,Mass,12,Indiranagar Branch,Bengaluru,34900,43,20.7,Life Insurance
1544,52,26,101,110040,2,2.4,2,0,0,0,0,1,0,Mass Affluent,13,Connaught Place Branch,Delhi,365300,78,71.7,Fixed Deposit
1545,39,15,24,500096,1,1.0,1,116,0,0,0,1,1,Mass,7,Hitech City Branch,Hyderabad,151100,49,32.8,Gold Loan
1546,55,29,131,560055,2,2.7,1,0,0,1,0,0,0,Affluent,15,Koramangala Branch,Bengaluru,642200,91,82.0,Fixed Deposit
1547,33,9,105,110017,1,4.0,1,0,0,0,0,1,0,Affluent,7,Connaught Place Branch,Delhi,351700,69,65.4,Fixed Deposit
1548,47,21,52,700041,1,1.2,2,194,0,0,0,0,0,Mass,18,Howrah Branch,Kolkata,252100,64,57.3,Credit Card
1549,57,32,21,560046,4,0.9,2,113,0,1,0,0,0,Mass,6,Whitefield Branch,Bengaluru,131200,46,28.5,Life Insurance
1550,57,31,45,110080,3,1.4,1,198,0,0,0,1,0,Mass,4,Dwarka Branch,Delhi,167600,60,38.9,Life Insurance
1551,40,14,39,400053,1,2.0,1,0,0,0,0,1,0,Mass,12,Fort Branch,Mumbai,91800,52,31.9,Credit Card
1552,50,25,192,560017,2,2.8,1,238,0,0,0,0,1,HNI,7,Indiranagar Branch,Bengaluru,850700,87,77.3,Fixed Deposit
1553,29,5,195,560066,1,4.3,1,0,0,0,0,0,0,HNI,6,Indiranagar Branch,Bengaluru,761700,87,81.8,Home Loan
1554,46,22,83,560011,3,0.7,1,0,0,0,0,0,0,Mass Affluent,7,Whitefield Branch,Bengaluru,177900,72,50.8,Credit Card
1555,42,15,34,110052,3,1.0,2,0,0,1,0,1,0,Mass,8,Connaught Place Branch,Delhi,117500,57,32.7,Credit Card
1556,59,33,49,380002,4,1.7,2,104,0,0,0,1,0,Mass,14,Maninagar Branch,Ahmedabad,236800,57,51.6,Life Insurance
1557,31,1,60,452056,4,4.0,3,244,0,0,0,0,0,Mass Affluent,1,Palasia Branch,Indore,187700,45,37.3,Life Insurance
1558,51,25,41,500005,4,1.8,1,0,0,0,0,0,0,Mass,14,Hitech City Branch,Hyderabad,88000,61,35.3,Life Insurance
1559,35,10,72,411064,3,2.3,1,285,0,0,0,0,0,Mass Affluent,11,Kothrud Branch,Pune,279700,57,55.6,Credit Card
1560,59,35,102,226081,4,3.0,2,115,1,0,0,1,0,Affluent,5,Aliganj Branch,Lucknow,410800,62,60.0,Fixed Deposit
1561,35,10,31,395029,3,1.3,1,0,0,0,0,0,0,Mass,4,Vesu Branch,Surat,42100,45,18.8,Gold Loan
1562,46,20,73,600005,1,1.5,2,128,0,0,0,1,0,Mass Affluent,9,OMR Branch,Chennai,286700,70,58.3,Credit Card
1563,34,9,89,160038,1,0.0,1,0,0,0,0,1,0,Mass Affluent,3,IT Park Branch,Chandigarh,174800,78,50.1,Credit Card
1564,55,29,19,682071,4,0.7,3,121,0,1,0,0,1,Mass,7,Edappally Branch,Kochi,168000,46,33.4,Life Insurance
1565,64,40,63,380076,4,1.2,2,0,0,0,0,1,0,Mass,9,Maninagar Branch,Ahmedabad,153100,70,45.8,Credit Card
1566,34,9,104,500003,3,1.2,3,0,0,0,0,1,0,Mass Affluent,9,Secunderabad Branch,Hyderabad,297600,82,66.8,Fixed Deposit
1567,61,35,40,400089,1,0.8,2,128,0,0,0,1,0,Mass,9,Fort Branch,Mumbai,170800,61,41.6,Life Insurance
1568,63,39,92,400012,2,0.0,3,0,0,0,0,1,0,Mass Affluent,8,Bandra West Branch,Mumbai,220000,85,60.2,Credit Card
1569,59,33,72,500088,2,0.7,2,226,0,0,0,0,0,Mass Affluent,10,Hitech City Branch,Hyderabad,256400,77,58.2,Credit Card
1570,51,27,44,500084,3,1.9,2,141,0,0,0,0,0,Mass,27,Secunderabad Branch,Hyderabad,278900,52,59.9,Life Insurance
1571,41,16,114,560048,4,3.5,1,0,1,0,0,0,1,Affluent,12,Indiranagar Branch,Bengaluru,512700,62,67.4,Fixed Deposit
1572,37,13,73,600014,4,2.4,1,0,0,0,0,0,0,Mass Affluent,9,Anna Nagar Branch,Chennai,185600,63,49.3,Credit Card
1573,64,40,63,600022,4,1.2,2,0,0,1,0,0,1,Mass Affluent,23,Anna Nagar Branch,Chennai,381600,77,71.1,Life Insurance
1574,44,20,69,302043,1,0.8,3,184,0,0,1,1,1,Mass Affluent,8,Malviya Nagar Branch,Jaipur,349400,71,57.9,Personal Loan
1575,62,37,42,400018,3,1.5,1,0,0,0,0,1,0,Mass,13,Andheri East Branch,Mumbai,98400,61,36.4,Life Insurance
1576,50,26,88,110042,1,2.7,1,0,0,0,0,1,0,Mass Affluent,2,Connaught Place Branch,Delhi,216700,76,53.5,Credit Card
1577,43,18,98,380045,2,0.4,1,0,0,0,0,1,0,Mass Affluent,12,Satellite Branch,Ahmedabad,273900,79,65.7,Credit Card
1578,34,8,65,226036,1,3.0,1,227,1,0,0,1,0,Mass Affluent,6,Aliganj Branch,Lucknow,277900,47,47.9,Credit Card
1579,38,13,12,395066,2,0.3,2,104,0,1,0,1,0,Mass,10,Ring Road Branch,Surat,134400,50,31.8,Credit Card
1580,29,5,122,226024,4,3.0,1,0,1,0,0,0,1,Affluent,2,Hazratganj Branch,Lucknow,364700,60,56.6,Fixed Deposit
1581,39,14,12,160079,2,0.0,3,0,0,0,0,0,0,Mass,15,Sector 35 Branch,Chandigarh,12000,53,22.7,Life Insurance
1582,53,29,24,560006,2,0.2,1,0,0,0,0,0,1,Mass,25,Indiranagar Branch,Bengaluru,121300,59,42.7,Life Insurance
1583,43,19,170,560045,4,4.25,1,318,1,0,1,1,1,HNI,7,Koramangala Branch,Bengaluru,983800,73,68.8,Mutual Funds
1584,61,36,184,110004,4,2.3,2,342,1,0,1,1,1,HNI,5,Connaught Place Branch,Delhi,904700,90,71.3,Mutual Funds
1585,46,20,25,600099,4,0.6,3,125,0,0,0,0,0,Mass,9,T Nagar Branch,Chennai,96800,39,25.2,Life Insurance
1586,57,31,131,452062,2,2.7,1,0,0,0,0,0,0,Affluent,24,Palasia Branch,Indore,636700,80,87.1,Fixed Deposit
1587,59,33,50,560087,2,2.3,3,0,0,0,0,0,1,Mass,22,Koramangala Branch,Bengaluru,247500,62,58.7,Life Insurance
1588,52,28,21,600009,2,0.4,1,0,0,1,0,1,0,Mass,24,OMR Branch,Chennai,134600,64,44.6,Life Insurance
1589,29,3,55,110008,3,1.1,2,0,0,0,0,1,0,Mass,6,Karol Bagh Branch,Delhi,109200,62,35.7,Credit Card
1590,57,32,124,110052,1,0.2,2,0,1,0,0,1,0,Affluent,6,Dwarka Branch,Delhi,333700,78,64.8,Fixed Deposit
1591,49,23,58,110008,4,2.6,1,188,0,0,0,0,0,Mass Affluent,5,Dwarka Branch,Delhi,201800,54,43.0,Life Insurance
1592,39,13,72,400022,2,2.8,1,0,0,0,0,1,0,Mass Affluent,5,Bandra West Branch,Mumbai,174600,65,45.9,Credit Card
1593,56,31,192,641054,1,7.0,3,0,1,0,1,1,0,HNI,21,RS Puram Branch,Coimbatore,1719100,82,86.9,Home Loan
1594,63,38,83,560021,3,1.8,2,0,0,0,0,1,0,Mass Affluent,20,Whitefield Branch,Bengaluru,324200,78,72.5,Credit Card
1595,37,12,93,302050,1,2.8,1,0,0,1,0,1,0,Affluent,9,C Scheme Branch,Jaipur,382500,81,68.1,Credit Card
1596,56,26,38,411053,3,1.0,3,110,0,1,0,1,0,Mass,14,Hinjewadi Branch,Pune,253500,60,51.5,Life Insurance
1597,45,20,55,110044,4,1.9,3,164,0,1,0,0,0,Mass Affluent,3,Dwarka Branch,Delhi,221100,63,44.7,Life Insurance
1598,66,41,11,110062,3,0.1,3,0,0,1,0,0,1,Mass,9,Karol Bagh Branch,Delhi,99700,57,28.8,Life Insurance
1599,40,15,85,302046,2,0.4,1,0,0,1,0,0,0,Mass Affluent,11,C Scheme Branch,Jaipur,270700,87,63.9,Credit Card
1600,50,24,124,110058,1,4.9,1,266,0,0,0,1,0,Affluent,8,Karol Bagh Branch,Delhi,638600,77,74.0,Fixed Deposit
1601,60,36,129,682012,2,6.0,1,0,0,0,0,1,0,Affluent,10,Edappally Branch,Kochi,589600,73,76.0,Fixed Deposit
1602,31,7,180,400002,1,4.3,1,0,0,0,0,0,0,HNI,6,Fort Branch,Mumbai,682400,84,79.7,Home Loan
1603,40,14,74,411024,4,1.4,2,0,0,0,0,1,0,Mass Affluent,11,Hinjewadi Branch,Pune,197400,67,52.8,Credit Card
1604,36,6,138,302016,1,7.0,3,86,1,0,0,1,0,Affluent,9,Vaishali Nagar Branch,Jaipur,829300,59,70.3,Fixed Deposit
1605,55,29,111,110048,2,3.6,3,0,1,0,0,0,1,Affluent,16,Karol Bagh Branch,Delhi,574400,64,71.3,Fixed Deposit
1606,54,28,83,110071,3,0.8,1,0,0,0,0,1,0,Mass Affluent,15,Dwarka Branch,Delhi,253400,75,63.6,Credit Card
1607,35,10,33,440043,4,1.7,1,87,0,0,0,1,0,Mass,11,Sitabuldi Branch,Nagpur,147800,39,33.6,Life Insurance
1608,55,29,21,110044,4,0.7,3,0,0,0,0,0,0,Mass,9,Connaught Place Branch,Delhi,30000,45,19.2,Life Insurance
1609,36,10,35,560046,2,0.3,1,98,0,0,0,1,0,Mass,7,Whitefield Branch,Bengaluru,132700,59,34.5,Credit Card
1610,66,41,105,560065,1,0.8,3,0,0,1,1,1,1,Affluent,8,Koramangala Branch,Bengaluru,512000,100,71.8,Life Insurance
1611,38,14,103,110037,1,0.8,2,0,0,0,0,0,1,Mass Affluent,2,Dwarka Branch,Delhi,247800,85,57.2,Fixed Deposit
1612,58,32,75,380002,2,2.3,3,0,0,0,0,0,0,Mass Affluent,12,Maninagar Branch,Ahmedabad,225700,73,57.9,Credit Card
1613,41,17,33,380035,1,0.7,1,104,0,0,0,0,0,Mass,20,Satellite Branch,Ahmedabad,177000,55,46.7,Credit Card
1614,60,34,52,560043,4,1.7,2,0,0,1,0,1,0,Mass Affluent,13,Indiranagar Branch,Bengaluru,216100,68,52.3,Life Insurance
1615,47,23,89,302018,1,2.6,2,0,0,1,1,1,1,Affluent,9,Malviya Nagar Branch,Jaipur,542900,91,70.4,Personal Loan
1616,62,36,63,110016,1,2.5,3,0,0,0,0,0,0,Mass Affluent,9,Connaught Place Branch,Delhi,166200,69,47.1,Credit Card
1617,48,23,84,400060,4,3.1,2,0,1,1,1,1,0,Affluent,23,Andheri East Branch,Mumbai,706600,77,78.0,Credit Card
1618,61,36,44,600018,4,2.1,1,0,0,0,0,0,0,Mass,10,Anna Nagar Branch,Chennai,97600,57,33.9,Life Insurance
1619,29,3,29,395065,3,1.0,1,0,0,0,0,1,1,Mass,7,Adajan Branch,Surat,87900,47,25.2,Gold Loan
1620,45,21,29,400046,1,0.3,3,0,0,0,0,1,0,Mass,12,Andheri East Branch,Mumbai,62200,60,28.8,Credit Card
1621,39,14,22,110068,2,0.3,2,0,0,0,0,1,0,Mass,2,Connaught Place Branch,Delhi,34800,51,17.2,Credit Card
1622,31,6,53,500082,4,2.2,1,114,0,0,0,1,0,Mass,6,Hitech City Branch,Hyderabad,188700,50,40.9,Credit Card
1623,39,14,24,302031,2,0.3,2,0,0,0,0,1,0,Mass,4,C Scheme Branch,Jaipur,35600,51,18.8,Credit Card
1624,63,38,153,400083,1,1.3,1,455,0,0,0,0,0,Affluent,5,Fort Branch,Mumbai,501900,90,73.6,Fixed Deposit
1625,28,2,31,560029,2,0.3,2,0,0,1,0,1,0,Mass,4,Indiranagar Branch,Bengaluru,84000,60,26.4,Credit Card
1626,56,30,21,700058,2,0.7,2,0,0,0,0,1,0,Mass,14,Park Street Branch,Kolkata,32300,53,24.5,Life Insurance
1627,31,6,180,560040,2,6.7,1,0,0,0,0,0,0,HNI,5,Whitefield Branch,Bengaluru,777800,78,78.8,Home Loan
1628,46,20,82,110044,3,0.7,2,0,0,0,0,1,1,Mass Affluent,14,Connaught Place Branch,Delhi,311300,78,66.0,Life Insurance
1629,42,18,90,110041,4,0.8,1,245,0,1,0,0,0,Affluent,7,Connaught Place Branch,Delhi,326800,75,60.6,Credit Card
1630,53,29,154,560050,4,7.4,3,0,1,0,0,0,0,HNI,18,Whitefield Branch,Bengaluru,1045400,70,83.1,Home Loan
1631,41,17,99,500079,2,1.8,2,0,0,0,0,1,1,Mass Affluent,6,Secunderabad Branch,Hyderabad,317400,73,61.5,Home Loan
1632,61,36,153,226058,1,2.6,2,0,1,1,1,0,1,HNI,18,Gomti Nagar Branch,Lucknow,1094500,94,81.2,Home Loan
1633,31,5,93,411025,2,3.1,2,0,1,0,0,1,0,Mass Affluent,7,Viman Nagar Branch,Pune,307100,59,57.7,Credit Card
1634,62,38,53,411015,1,0.0,2,0,0,0,0,0,0,Mass,13,Viman Nagar Branch,Pune,112100,69,41.7,Life Insurance
1635,59,34,18,395099,3,1.3,2,104,0,0,1,1,1,Mass,20,Vesu Branch,Surat,285600,46,52.3,Life Insurance
1636,49,24,70,560024,1,2.9,1,0,0,0,0,0,0,Mass Affluent,11,Indiranagar Branch,Bengaluru,211800,68,54.0,Credit Card
1637,65,39,100,560058,4,1.7,3,0,0,0,0,0,1,Mass Affluent,19,Indiranagar Branch,Bengaluru,458500,81,76.8,Life Insurance
1638,30,6,193,452075,3,6.3,3,0,1,0,0,1,0,HNI,5,Palasia Branch,Indore,867300,69,74.7,Home Loan
1639,32,7,125,110058,1,0.0,1,0,0,0,0,1,1,Affluent,2,Connaught Place Branch,Delhi,292900,82,60.9,Fixed Deposit
1640,56,31,68,700028,2,0.0,3,0,0,1,0,1,0,Mass Affluent,20,Howrah Branch,Kolkata,287600,87,68.7,Credit Card
1641,36,10,55,700020,1,2.0,1,95,0,0,0,1,0,Mass,10,Salt Lake Branch,Kolkata,233300,58,49.9,Credit Card
1642,58,34,152,400005,4,3.6,3,0,1,0,0,0,0,Affluent,6,Fort Branch,Mumbai,557100,78,72.4,Home Loan
1643,27,3,84,500008,3,1.5,1,0,0,0,0,1,1,Mass Affluent,1,Secunderabad Branch,Hyderabad,215700,70,48.9,Home Loan
1644,41,16,13,110056,2,0.0,3,0,0,0,0,1,0,Mass,8,Dwarka Branch,Delhi,25400,57,20.5,Credit Card
1645,59,35,33,110023,4,0.4,1,131,0,0,0,0,1,Mass,11,Dwarka Branch,Delhi,177300,53,40.2,Life Insurance
1646,56,32,89,500066,4,1.0,2,90,0,1,0,1,0,Mass Affluent,20,Hitech City Branch,Hyderabad,558500,83,77.4,Credit Card
1647,52,26,93,110044,1,2.4,1,0,0,0,0,1,0,Mass Affluent,12,Dwarka Branch,Delhi,315500,74,67.2,Credit Card
1648,35,5,68,380018,4,1.8,3,0,0,0,0,0,0,Mass Affluent,6,Maninagar Branch,Ahmedabad,148000,61,41.6,Credit Card
1649,47,21,85,682029,2,1.7,2,0,0,0,0,0,1,Mass Affluent,7,Edappally Branch,Kochi,261700,73,57.4,Home Loan
1650,29,4,73,380023,1,0.8,2,0,0,0,0,1,0,Mass Affluent,2,Maninagar Branch,Ahmedabad,143900,73,42.3,Credit Card
1651,31,6,83,110034,4,2.2,2,106,0,0,0,1,0,Mass Affluent,2,Dwarka Branch,Delhi,257500,63,51.2,Credit Card
1652,62,36,158,110097,2,6.3,3,0,1,0,0,1,0,HNI,10,Connaught Place Branch,Delhi,841400,71,77.2,Home Loan
1653,48,18,182,110020,4,6.0,3,0,1,0,0,1,0,HNI,9,Karol Bagh Branch,Delhi,933600,73,78.5,Home Loan
1654,26,1,24,400003,2,0.9,3,123,0,0,0,0,1,Mass,2,Andheri East Branch,Mumbai,117200,43,24.1,Gold Loan
1655,60,34,102,641047,2,2.0,1,0,0,0,0,1,1,Mass Affluent,16,Peelamedu Branch,Coimbatore,486400,83,76.2,Fixed Deposit
1656,35,11,53,560065,3,2.8,1,0,0,0,0,0,0,Mass,11,Koramangala Branch,Bengaluru,139800,58,41.0,Life Insurance
1657,40,15,175,110022,2,3.3,1,0,0,0,0,1,0,HNI,1,Connaught Place Branch,Delhi,527700,84,73.7,Home Loan
1658,31,5,28,226047,3,1.0,1,0,0,0,0,1,0,Mass,1,Aliganj Branch,Lucknow,38100,46,16.3,Credit Card
1659,50,25,14,560053,4,0.8,1,0,0,0,0,1,0,Mass,12,Koramangala Branch,Bengaluru,28100,46,20.4,Credit Card
1660,33,7,139,400025,1,4.0,3,106,1,0,1,1,1,Affluent,4,Andheri East Branch,Mumbai,770200,79,66.4,Mutual Funds
1661,37,11,34,110053,3,0.9,1,0,0,0,0,1,0,Mass,13,Dwarka Branch,Delhi,74400,54,30.1,Credit Card
1662,38,14,64,411008,1,1.5,3,0,0,0,0,0,1,Mass Affluent,9,Hinjewadi Branch,Pune,204100,70,50.5,Life Insurance
1663,63,38,84,380045,4,0.1,2,0,0,0,0,0,0,Mass Affluent,10,Maninagar Branch,Ahmedabad,196600,83,57.6,Credit Card
1664,57,32,42,110019,3,0.5,2,0,0,1,0,1,0,Mass,14,Karol Bagh Branch,Delhi,163300,68,45.7,Life Insurance
1665,61,35,63,682071,1,1.6,1,0,0,0,0,1,0,Mass,20,Kakkanad Branch,Kochi,218600,71,60.2,Credit Card
1666,37,12,100,226019,3,1.2,3,341,0,0,0,1,1,Affluent,7,Aliganj Branch,Lucknow,412000,77,65.0,Life Insurance
1667,51,25,190,226061,2,4.2,2,0,1,0,0,1,0,HNI,20,Aliganj Branch,Lucknow,1188600,78,87.6,Home Loan
1668,44,20,22,110017,1,1.0,1,91,0,0,0,0,0,Mass,9,Dwarka Branch,Delhi,101300,45,27.0,Gold Loan
1669,63,37,20,400025,1,0.8,2,0,0,1,0,0,1,Mass,18,Bandra West Branch,Mumbai,174600,67,46.4,Life Insurance
1670,43,18,21,226050,2,1.4,2,0,0,0,0,1,1,Mass,13,Aliganj Branch,Lucknow,96600,44,28.3,Home Loan
1671,38,14,25,560032,4,0.4,2,101,0,0,0,1,0,Mass,11,Whitefield Branch,Bengaluru,109500,46,29.8,Credit Card
1672,34,9,20,600068,4,1.1,3,0,0,0,0,1,0,Mass,1,T Nagar Branch,Chennai,24600,39,12.3,Credit Card
1673,48,23,173,380023,3,0.2,1,0,1,0,1,1,1,HNI,18,Satellite Branch,Ahmedabad,855900,87,80.8,Home Loan
1674,29,5,81,400036,2,2.5,1,0,0,0,0,0,1,Mass Affluent,2,Andheri East Branch,Mumbai,219400,69,49.2,Mutual Funds
1675,37,11,139,380012,2,0.8,2,421,1,0,0,1,0,Affluent,4,Satellite Branch,Ahmedabad,429600,72,63.7,Fixed Deposit
1676,60,35,119,452074,2,3.9,1,0,0,1,0,1,0,Affluent,11,Palasia Branch,Indore,627900,93,79.4,Fixed Deposit
1677,46,20,74,700020,4,2.6,3,104,0,0,0,1,0,Mass Affluent,9,Salt Lake Branch,Kolkata,309300,63,58.2,Credit Card
1678,34,10,42,560073,1,1.5,2,131,0,0,0,0,0,Mass,8,Whitefield Branch,Bengaluru,161400,54,38.4,Credit Card
1679,56,30,73,160053,2,1.1,1,0,0,0,0,0,0,Mass Affluent,5,Sector 35 Branch,Chandigarh,147600,78,45.8,Credit Card
1680,57,31,114,500032,4,5.2,1,0,1,1,1,1,0,Affluent,26,Hitech City Branch,Hyderabad,1157700,81,84.3,Credit Card
1681,62,36,44,700054,2,1.0,3,0,0,0,0,0,0,Mass,14,Park Street Branch,Kolkata,95200,61,37.0,Life Insurance
1682,32,8,141,302046,2,4.33,1,0,0,0,0,0,0,Affluent,8,Malviya Nagar Branch,Jaipur,519000,75,74.4,Fixed Deposit
1683,51,26,14,700038,2,0.0,1,103,0,0,0,1,0,Mass,5,Park Street Branch,Kolkata,80200,47,21.5,Life Insurance
1684,55,29,33,110083,2,0.4,3,0,0,0,0,0,0,Mass,5,Karol Bagh Branch,Delhi,50300,59,24.0,Life Insurance
1685,60,34,83,400056,2,2.0,1,249,0,0,0,0,0,Mass Affluent,15,Bandra West Branch,Mumbai,371400,71,67.9,Credit Card
1686,40,16,89,110045,4,0.8,1,155,0,0,0,1,0,Mass Affluent,18,Karol Bagh Branch,Delhi,416000,76,73.2,Credit Card
1687,62,38,39,500062,4,2.2,1,0,0,1,0,1,0,Mass,25,Banjara Hills Branch,Hyderabad,227300,60,56.9,Life Insurance
1688,63,39,83,500082,3,2.0,3,0,0,0,0,1,1,Mass Affluent,27,Banjara Hills Branch,Hyderabad,508900,81,80.5,Life Insurance
1689,60,34,108,600023,2,2.0,1,359,0,0,0,1,0,Affluent,15,Anna Nagar Branch,Chennai,519600,75,74.6,Fixed Deposit
1690,59,34,21,560056,3,1.3,2,0,0,0,0,1,1,Mass,3,Koramangala Branch,Bengaluru,62600,45,18.4,Life Insurance
1691,26,1,102,380025,1,1.9,1,0,0,0,0,0,0,Mass Affluent,1,Navrangpura Branch,Ahmedabad,212500,74,52.9,Fixed Deposit
1692,56,32,48,682099,1,1.6,3,0,0,0,0,0,1,Mass,9,Edappally Branch,Kochi,167300,67,43.7,Life Insurance
1693,58,32,32,110029,3,1.4,1,0,0,0,0,1,0,Mass,12,Dwarka Branch,Delhi,70000,56,29.1,Life Insurance
1694,57,31,43,700039,1,0.2,1,0,0,0,0,0,0,Mass,18,Salt Lake Branch,Kolkata,100100,66,41.1,Life Insurance
1695,48,23,35,411028,4,0.4,2,118,0,0,0,0,0,Mass,8,Viman Nagar Branch,Pune,116900,55,32.3,Life Insurance
1696,30,6,184,500005,1,6.0,1,0,0,0,0,1,0,HNI,4,Hitech City Branch,Hyderabad,737800,75,77.1,Home Loan
1697,45,21,140,110044,2,7.6,1,132,0,0,0,0,0,HNI,17,Dwarka Branch,Delhi,1081900,78,84.4,Fixed Deposit
1698,64,38,32,380047,3,0.7,2,0,0,0,0,1,1,Mass,22,Maninagar Branch,Ahmedabad,151900,54,44.3,Life Insurance
1699,44,20,149,641004,1,1.7,1,0,0,0,0,1,0,Affluent,13,Peelamedu Branch,Coimbatore,566900,86,81.4,Fixed Deposit
1700,51,25,15,700093,4,0.6,3,0,0,0,0,0,1,Mass,24,Howrah Branch,Kolkata,94400,47,34.9,Life Insurance
1701,43,16,71,682082,3,2.33,2,0,0,0,0,0,0,Mass Affluent,16,Kakkanad Branch,Kochi,226600,68,58.6,Credit Card
1702,29,3,108,395058,4,1.8,2,0,0,0,0,0,0,Affluent,6,Ring Road Branch,Surat,265000,69,59.4,Fixed Deposit
1703,56,30,122,560048,2,0.5,1,0,0,0,0,0,1,Affluent,10,Indiranagar Branch,Bengaluru,380600,84,70.6,Fixed Deposit
1704,65,41,40,411056,3,0.1,3,0,0,0,0,1,0,Mass,18,Hinjewadi Branch,Pune,99200,68,40.8,Life Insurance
1705,46,22,198,500029,2,6.67,1,0,0,0,0,0,1,HNI,16,Secunderabad Branch,Hyderabad,1393100,86,87.8,Home Loan
1706,48,24,79,395089,4,1.4,2,0,0,1,0,0,1,Mass Affluent,13,Adajan Branch,Surat,356500,80,65.8,Life Insurance
1707,56,31,84,400029,1,0.1,3,0,0,0,0,1,0,Mass Affluent,15,Fort Branch,Mumbai,239800,75,62.7,Credit Card
1708,61,37,31,560099,3,0.4,2,0,0,0,0,0,1,Mass,23,Whitefield Branch,Bengaluru,139600,63,45.5,Life Insurance
1709,46,20,12,160028,4,0.6,3,0,0,0,0,0,1,Mass,8,Sector 17 Branch,Chandigarh,48400,44,19.1,Life Insurance
1710,58,34,88,110022,2,1.6,1,0,0,0,0,1,1,Mass Affluent,12,Karol Bagh Branch,Delhi,352200,79,67.6,Life Insurance
1711,31,5,29,380093,2,0.3,2,131,0,0,0,1,1,Mass,7,Navrangpura Branch,Ahmedabad,146000,48,32.1,Auto Loan
1712,27,3,201,560006,1,6.33,1,158,0,0,0,1,0,HNI,3,Whitefield Branch,Bengaluru,979400,81,77.5,Fixed Deposit
1713,44,20,20,440023,1,1.4,3,0,0,0,0,0,0,Mass,16,Sitabuldi Branch,Nagpur,38300,49,25.0,Credit Card
1714,44,20,15,160072,1,1.0,1,0,0,0,0,1,0,Mass,5,IT Park Branch,Chandigarh,23800,45,15.7,Credit Card
1715,51,27,155,560010,2,0.4,1,107,0,0,0,0,1,Affluent,7,Indiranagar Branch,Bengaluru,523600,87,71.8,Fixed Deposit
1716,39,13,25,380042,3,0.2,2,0,0,0,0,1,0,Mass,11,Maninagar Branch,Ahmedabad,47600,53,24.8,Credit Card
1717,32,8,200,560017,2,6.5,1,565,0,0,0,1,0,HNI,3,Indiranagar Branch,Bengaluru,967900,78,76.6,Fixed Deposit
1718,33,7,101,600032,1,2.7,2,233,0,0,0,0,0,Affluent,4,Anna Nagar Branch,Chennai,334700,71,60.9,Fixed Deposit
1719,40,16,19,411095,4,0.4,2,0,0,0,0,1,1,Mass,14,Hinjewadi Branch,Pune,76000,40,25.0,Gold Loan
1720,36,12,188,302005,2,6.5,1,0,0,0,0,1,1,HNI,6,Malviya Nagar Branch,Jaipur,991200,83,79.7,Home Loan
1721,52,28,8,400048,1,0.3,1,0,0,0,0,1,0,Mass,19,Andheri East Branch,Mumbai,22300,54,25.6,Life Insurance
1722,54,29,59,110018,2,2.3,3,152,0,0,0,1,0,Mass Affluent,5,Karol Bagh Branch,Delhi,224300,65,48.2,Life Insurance
1723,26,2,72,700052,4,2.6,1,0,0,1,1,1,0,Affluent,2,Park Street Branch,Kolkata,286900,79,54.6,Credit Card
1724,39,15,55,600010,1,1.5,3,0,0,0,0,1,0,Mass,16,Anna Nagar Branch,Chennai,166600,64,49.1,Credit Card
1725,46,19,24,500012,3,0.67,2,0,0,0,0,1,0,Mass,21,Secunderabad Branch,Hyderabad,56600,50,30.7,Life Insurance
1726,57,32,19,400091,1,1.3,1,0,0,0,0,1,0,Mass,7,Andheri East Branch,Mumbai,28000,51,19.0,Life Insurance
1727,59,33,71,560030,2,2.3,3,150,0,0,0,1,1,Mass Affluent,5,Indiranagar Branch,Bengaluru,330500,71,57.1,Life Insurance
1728,52,26,54,226073,2,1.5,2,0,0,0,0,0,1,Mass,19,Gomti Nagar Branch,Lucknow,233900,69,58.0,Life Insurance
1729,52,26,28,400032,1,0.3,3,0,0,0,0,1,0,Mass,4,Andheri East Branch,Mumbai,41900,57,21.2,Life Insurance
1730,50,20,25,560061,4,0.4,3,0,0,0,0,1,0,Mass,10,Indiranagar Branch,Bengaluru,43400,48,22.6,Life Insurance
1731,41,17,51,641052,2,0.6,3,0,0,0,0,0,1,Mass,14,RS Puram Branch,Coimbatore,166600,63,45.9,Home Loan
1732,43,19,125,400029,3,2.4,1,0,1,0,0,1,0,Affluent,18,Andheri East Branch,Mumbai,565100,66,75.9,Fixed Deposit
1733,25,0,88,700059,2,1.8,2,319,0,0,0,1,1,Mass Affluent,2,Salt Lake Branch,Kolkata,306100,62,52.8,Auto Loan
1734,40,16,125,110013,2,2.2,1,0,0,0,0,1,0,Affluent,14,Karol Bagh Branch,Delhi,483100,81,77.9,Fixed Deposit
1735,35,10,79,226047,4,2.1,3,182,0,0,0,1,0,Mass Affluent,11,Aliganj Branch,Lucknow,341600,65,62.1,Credit Card
1736,60,36,31,700098,3,0.4,2,0,0,0,0,1,1,Mass,4,Howrah Branch,Kolkata,86600,60,26.7,Life Insurance
1737,57,31,131,160086,2,2.7,1,394,0,0,0,0,1,Affluent,28,Sector 35 Branch,Chandigarh,994800,81,86.6,Fixed Deposit
1738,44,19,70,110093,1,0.2,2,230,0,1,0,0,0,Mass Affluent,14,Connaught Place Branch,Delhi,308700,73,61.6,Credit Card
1739,61,36,38,500033,3,0.9,3,82,0,0,0,1,1,Mass,7,Hitech City Branch,Hyderabad,190600,55,40.2,Life Insurance
1740,33,7,83,380005,1,2.5,1,0,0,1,1,1,1,Affluent,6,Navrangpura Branch,Ahmedabad,454300,85,64.8,Personal Loan
1741,45,20,59,110091,1,2.4,1,0,0,1,1,1,0,Mass Affluent,18,Connaught Place Branch,Delhi,415300,80,69.7,Credit Card
1742,45,21,121,110037,1,4.7,1,0,0,0,0,0,0,Affluent,6,Connaught Place Branch,Delhi,415100,73,69.1,Fixed Deposit
1743,64,38,42,400051,2,0.7,3,137,0,0,0,1,0,Mass,10,Fort Branch,Mumbai,165900,59,41.4,Life Insurance
1744,50,24,32,641033,4,1.8,1,109,0,0,0,1,0,Mass,7,Peelamedu Branch,Coimbatore,131100,41,29.4,Life Insurance
1745,28,3,29,700030,4,0.8,1,135,0,0,0,1,0,Mass,5,Howrah Branch,Kolkata,105200,43,25.2,Credit Card
1746,37,12,40,411022,2,1.1,2,0,0,1,0,0,1,Mass,7,Viman Nagar Branch,Pune,167300,65,40.1,Home Loan
1747,62,36,25,700090,3,0.3,3,0,0,0,0,1,1,Mass,9,Park Street Branch,Kolkata,94900,60,30.2,Life Insurance
1748,29,5,21,500066,4,0.4,2,89,0,0,0,0,1,Mass,5,Hitech City Branch,Hyderabad,107200,39,23.4,Gold Loan
1749,49,23,79,500024,3,0.7,2,151,0,0,0,1,0,Mass Affluent,12,Banjara Hills Branch,Hyderabad,302500,71,61.9,Credit Card
1750,46,22,52,500011,2,2.1,3,221,0,0,0,0,0,Mass Affluent,5,Banjara Hills Branch,Hyderabad,170600,57,39.7,Credit Card
1751,60,34,61,411073,4,1.7,2,229,0,0,0,0,0,Mass Affluent,10,Kothrud Branch,Pune,237300,61,51.5,Credit Card
1752,55,31,25,110031,2,0.2,1,0,0,0,0,0,0,Mass,13,Karol Bagh Branch,Delhi,41000,57,26.3,Life Insurance
1753,33,8,155,160075,1,7.4,3,0,1,0,0,0,0,HNI,2,Sector 35 Branch,Chandigarh,588100,60,66.2,Home Loan
1754,53,29,25,302039,2,0.4,1,0,0,0,0,1,0,Mass,3,Malviya Nagar Branch,Jaipur,30100,55,18.9,Life Insurance
1755,50,24,80,560012,4,4.9,1,0,0,0,0,1,0,Mass Affluent,21,Whitefield Branch,Bengaluru,405200,67,73.1,Credit Card
1756,28,3,55,600063,4,1.7,2,0,0,0,0,1,1,Mass,1,OMR Branch,Chennai,134200,60,33.8,Auto Loan
1757,42,17,23,400068,2,0.0,3,0,0,0,0,0,0,Mass,13,Fort Branch,Mumbai,32200,54,24.5,Credit Card
1758,33,9,60,440078,1,1.2,1,0,0,0,0,1,1,Mass,7,Dharampeth Branch,Nagpur,177200,60,43.3,Mutual Funds
1759,40,14,54,160073,2,0.7,1,0,0,0,0,0,0,Mass,14,IT Park Branch,Chandigarh,126800,67,43.6,Credit Card
1760,31,6,44,682076,4,0.8,1,0,0,0,0,0,0,Mass,5,MG Road Kochi Branch,Kochi,72100,55,27.1,Home Loan
1761,41,16,33,560081,4,0.0,2,0,0,0,0,1,0,Mass,8,Whitefield Branch,Bengaluru,49600,51,23.7,Life Insurance
1762,52,27,45,110047,2,2.0,2,121,0,0,0,0,1,Mass,10,Connaught Place Branch,Delhi,232100,47,45.0,Life Insurance
1763,65,35,55,110019,4,1.67,3,89,0,0,0,1,1,Mass,8,Karol Bagh Branch,Delhi,265400,59,50.4,Life Insurance
1764,48,24,134,400020,1,5.0,1,0,0,0,0,0,1,Affluent,9,Fort Branch,Mumbai,625600,78,75.0,Fixed Deposit
1765,45,21,44,400004,3,0.6,2,0,0,0,0,1,0,Mass,13,Fort Branch,Mumbai,93300,58,35.4,Life Insurance
1766,26,0,149,400014,2,7.2,1,154,0,0,0,0,0,HNI,3,Bandra West Branch,Mumbai,700900,74,72.0,Fixed Deposit
1767,64,38,22,395056,2,0.2,3,0,0,1,0,0,0,Mass,4,Vesu Branch,Surat,62700,65,24.2,Life Insurance
1768,41,14,74,400028,3,2.33,2,0,0,0,0,1,0,Mass Affluent,11,Bandra West Branch,Mumbai,222800,66,55.2,Credit Card
1769,43,18,128,400097,4,5.3,1,84,1,0,0,0,0,Affluent,7,Fort Branch,Mumbai,654600,71,69.8,Fixed Deposit
1770,60,36,62,302043,4,2.2,1,0,0,0,0,0,0,Mass Affluent,25,C Scheme Branch,Jaipur,232100,66,62.9,Credit Card
1771,62,37,9,600031,1,0.1,1,94,0,0,0,0,0,Mass,13,Anna Nagar Branch,Chennai,80700,51,27.1,Life Insurance
1772,46,21,9,380040,2,0.7,3,0,0,0,0,1,0,Mass,3,Navrangpura Branch,Ahmedabad,12000,39,11.8,Credit Card
1773,36,11,15,411048,2,0.3,2,119,0,0,0,0,0,Mass,9,Hinjewadi Branch,Pune,86200,44,24.0,Gold Loan
1774,31,5,28,160022,4,0.8,1,0,0,0,0,0,0,Mass,1,Sector 17 Branch,Chandigarh,39000,47,16.6,Gold Loan
1775,43,18,83,411007,3,0.5,3,0,0,0,0,0,1,Mass Affluent,5,Kothrud Branch,Pune,207900,72,50.8,Life Insurance
1776,46,22,73,500095,1,0.8,3,117,0,0,0,0,0,Mass Affluent,10,Hitech City Branch,Hyderabad,245200,70,55.5,Credit Card
1777,50,26,42,700008,4,1.1,2,151,0,0,0,1,0,Mass,7,Park Street Branch,Kolkata,147100,51,35.3,Credit Card
1778,52,27,34,500006,2,0.7,2,114,0,0,0,1,1,Mass,17,Banjara Hills Branch,Hyderabad,246500,54,50.9,Life Insurance
1779,27,3,32,560090,3,1.0,2,0,0,0,0,0,0,Mass,2,Indiranagar Branch,Bengaluru,41900,53,19.8,Gold Loan
1780,34,9,68,500034,1,2.8,1,0,0,0,0,1,0,Mass Affluent,3,Hitech City Branch,Hyderabad,151800,65,41.3,Credit Card
1781,49,24,82,110077,1,2.9,1,267,0,0,0,1,0,Mass Affluent,15,Dwarka Branch,Delhi,434700,68,69.3,Credit Card
1782,52,26,19,380087,2,0.7,2,0,0,0,0,0,1,Mass,6,Satellite Branch,Ahmedabad,67000,54,22.6,Life Insurance
1783,37,11,60,110012,2,2.8,1,181,0,0,0,0,1,Mass Affluent,8,Karol Bagh Branch,Delhi,291700,56,51.8,Life Insurance
1784,53,27,192,400005,1,1.7,1,601,0,0,0,1,0,HNI,1,Bandra West Branch,Mumbai,559700,81,71.1,Fixed Deposit
1785,54,29,119,110022,3,2.0,1,0,1,1,1,0,0,Affluent,3,Karol Bagh Branch,Delhi,463800,92,66.0,Credit Card
1786,29,3,190,302011,2,4.5,1,0,0,0,0,1,0,HNI,4,C Scheme Branch,Jaipur,714400,80,78.2,Home Loan
1787,35,11,34,560099,1,1.5,2,0,0,0,0,0,0,Mass,10,Koramangala Branch,Bengaluru,58700,45,24.4,Credit Card
1788,32,6,44,411044,4,0.2,1,0,0,1,1,1,1,Mass Affluent,6,Kothrud Branch,Pune,224300,69,46.4,Auto Loan
1789,38,13,23,226096,4,0.2,3,0,0,0,0,1,0,Mass,4,Gomti Nagar Branch,Lucknow,25700,53,18.3,Credit Card
1790,44,20,171,400080,4,0.7,1,567,1,0,1,1,1,HNI,7,Bandra West Branch,Mumbai,693200,75,66.5,Mutual Funds
1791,44,20,43,380037,1,0.3,3,0,0,1,0,0,1,Mass,6,Navrangpura Branch,Ahmedabad,173400,77,43.7,Life Insurance
1792,48,22,139,560031,1,0.0,1,0,0,0,1,1,1,Affluent,8,Indiranagar Branch,Bengaluru,494300,95,73.4,Mutual Funds
1793,46,20,118,110011,1,5.7,1,0,0,0,1,1,1,Affluent,8,Connaught Place Branch,Delhi,722400,85,74.5,Personal Loan
1794,35,9,113,411066,3,0.8,3,0,1,0,0,1,0,Mass Affluent,12,Kothrud Branch,Pune,363900,66,66.2,Fixed Deposit
1795,56,32,98,682039,3,3.9,3,0,1,0,0,0,0,Affluent,20,MG Road Kochi Branch,Kochi,502000,66,74.6,Credit Card
1796,49,24,70,110026,1,2.9,1,0,0,0,0,0,1,Mass Affluent,14,Connaught Place Branch,Delhi,299300,68,61.3,Personal Loan
1797,57,32,42,600049,2,2.1,3,0,0,0,0,1,0,Mass,13,Anna Nagar Branch,Chennai,106500,58,36.6,Life Insurance
1798,35,10,143,110054,1,8.6,1,0,0,0,0,1,1,HNI,8,Karol Bagh Branch,Delhi,844100,70,75.4,Fixed Deposit
1799,44,20,185,600098,3,2.7,1,0,1,0,0,1,0,HNI,5,T Nagar Branch,Chennai,644200,77,74.0,Home Loan
1800,38,14,28,411073,4,0.4,2,100,0,0,0,1,0,Mass,7,Viman Nagar Branch,Pune,97200,40,24.5,Life Insurance
1801,57,33,45,600096,3,1.5,1,181,0,1,1,1,1,Mass Affluent,22,OMR Branch,Chennai,570100,75,71.6,Life Insurance
1802,35,10,78,411031,1,2.6,2,0,0,0,0,0,0,Mass Affluent,5,Kothrud Branch,Pune,182800,68,48.3,Credit Card
1803,29,3,121,400068,2,1.3,1,0,0,0,0,0,0,Affluent,1,Andheri East Branch,Mumbai,241500,79,57.7,Fixed Deposit
1804,58,32,59,411087,1,1.6,1,0,0,0,0,1,0,Mass,11,Viman Nagar Branch,Pune,147600,61,43.4,Life Insurance
1805,40,16,64,411062,4,2.67,1,0,0,1,0,1,0,Mass Affluent,11,Kothrud Branch,Pune,257100,65,55.2,Credit Card
1806,51,26,15,411029,2,0.0,1,114,0,0,0,1,0,Mass,11,Kothrud Branch,Pune,93600,48,27.2,Life Insurance
1807,61,36,10,400085,1,0.1,1,0,0,0,0,0,0,Mass,19,Bandra West Branch,Mumbai,12300,60,26.8,Life Insurance
1808,46,20,61,500016,2,0.4,3,0,0,0,0,0,0,Mass,5,Banjara Hills Branch,Hyderabad,106700,66,36.4,Credit Card
1809,55,31,50,560076,4,1.5,1,0,0,0,0,1,0,Mass,14,Koramangala Branch,Bengaluru,146400,69,45.9,Life Insurance
1810,35,10,79,400061,4,2.1,3,0,0,1,0,1,0,Mass Affluent,9,Andheri East Branch,Mumbai,297000,74,60.5,Credit Card
1811,60,34,35,110084,1,0.2,1,0,0,0,0,1,0,Mass,9,Karol Bagh Branch,Delhi,58900,62,28.3,Life Insurance
1812,28,3,11,560077,4,0.5,3,0,0,0,0,0,0,Mass,4,Koramangala Branch,Bengaluru,12000,36,11.8,Credit Card
1813,43,19,128,700032,1,4.7,1,0,0,0,0,1,0,Affluent,13,Salt Lake Branch,Kolkata,590200,75,78.2,Fixed Deposit
1814,61,36,55,110089,3,0.9,3,0,0,0,0,1,1,Mass,5,Dwarka Branch,Delhi,146900,65,39.1,Life Insurance
1815,48,22,79,302055,3,0.7,2,0,0,0,0,1,0,Mass Affluent,9,C Scheme Branch,Jaipur,193700,76,53.9,Credit Card
1816,65,39,18,600034,2,0.4,1,0,0,1,1,1,1,Mass,15,Anna Nagar Branch,Chennai,225700,73,51.2,Life Insurance
1817,45,19,91,380093,2,1.7,2,0,0,1,0,1,0,Affluent,11,Maninagar Branch,Ahmedabad,370700,85,69.7,Credit Card
1818,36,11,9,500067,4,0.2,3,0,0,0,0,0,1,Mass,14,Secunderabad Branch,Hyderabad,66300,46,24.7,Gold Loan
1819,45,20,62,500032,2,2.2,3,0,0,0,0,1,0,Mass Affluent,12,Banjara Hills Branch,Hyderabad,176200,66,49.4,Credit Card
1820,60,34,59,600015,1,1.6,1,231,0,0,0,1,0,Mass Affluent,13,Anna Nagar Branch,Chennai,265800,61,55.5,Life Insurance
1821,47,22,25,452083,1,0.1,1,148,0,0,0,1,0,Mass,10,MG Road Branch,Indore,115100,55,32.1,Credit Card
1822,32,7,54,500065,4,1.3,1,0,0,1,0,1,0,Mass Affluent,3,Hitech City Branch,Hyderabad,140800,63,36.5,Credit Card
1823,48,23,112,500029,1,5.1,2,86,1,1,1,1,0,Affluent,17,Hitech City Branch,Hyderabad,1093500,78,76.2,Credit Card
1824,33,8,125,600092,1,0.0,1,0,0,0,0,1,1,Affluent,8,OMR Branch,Chennai,372600,81,68.4,Fixed Deposit
1825,49,23,194,700080,4,8.3,2,0,1,0,0,0,1,HNI,9,Howrah Branch,Kolkata,1220400,71,76.5,Home Loan
1826,56,32,161,400090,1,5.8,3,0,1,1,0,0,0,HNI,7,Andheri East Branch,Mumbai,819600,76,73.8,Home Loan
1827,59,33,35,500066,1,0.2,1,171,0,0,0,0,0,Mass,19,Secunderabad Branch,Hyderabad,164400,56,44.9,Life Insurance
1828,56,30,113,500031,2,2.7,1,352,0,0,0,0,1,Affluent,13,Banjara Hills Branch,Hyderabad,597800,77,73.4,Fixed Deposit
1829,30,4,25,682049,2,0.3,2,0,0,0,0,0,0,Mass,6,MG Road Kochi Branch,Kochi,34300,49,19.5,Gold Loan
1830,59,29,45,500082,3,2.0,3,0,0,0,0,1,0,Mass,28,Secunderabad Branch,Hyderabad,176100,62,54.1,Life Insurance
1831,38,13,119,500081,2,7.8,1,221,0,0,0,0,0,Affluent,12,Banjara Hills Branch,Hyderabad,796400,71,76.7,Fixed Deposit
1832,47,22,30,440059,4,0.4,2,115,0,0,0,1,1,Mass,15,Dharampeth Branch,Nagpur,191500,45,42.0,Life Insurance
1833,54,29,79,500034,4,3.8,2,0,0,1,0,1,0,Affluent,17,Banjara Hills Branch,Hyderabad,443100,75,72.0,Credit Card
1834,34,9,178,110027,1,0.8,3,0,1,0,0,0,0,Affluent,9,Dwarka Branch,Delhi,534200,79,74.5,Home Loan
1835,41,16,23,110089,2,0.3,2,118,0,0,0,0,0,Mass,17,Karol Bagh Branch,Delhi,125500,47,35.2,Credit Card
1836,47,23,171,400090,2,1.4,1,284,0,0,0,1,1,HNI,9,Bandra West Branch,Mumbai,745700,84,76.3,Fixed Deposit
1837,44,19,74,400083,4,1.9,3,0,0,0,0,0,0,Mass Affluent,13,Fort Branch,Mumbai,216700,70,56.8,Credit Card
1838,43,18,103,560042,3,1.0,1,180,0,0,0,1,1,Mass Affluent,3,Whitefield Branch,Bengaluru,355600,76,60.1,Fixed Deposit
1839,31,7,99,380022,1,4.0,1,0,0,0,0,1,0,Affluent,5,Navrangpura Branch,Ahmedabad,320400,75,63.9,Credit Card
1840,28,2,43,700048,4,1.3,3,0,0,0,0,1,1,Mass,6,Howrah Branch,Kolkata,129100,50,32.4,Auto Loan
1841,55,25,23,400097,4,0.4,3,88,0,0,0,0,0,Mass,28,Andheri East Branch,Mumbai,164800,45,44.4,Life Insurance
1842,42,17,91,600065,1,0.1,2,199,0,0,0,1,1,Mass Affluent,9,Anna Nagar Branch,Chennai,355300,79,64.0,Mutual Funds
1843,53,29,93,400079,1,2.7,2,256,0,0,0,1,0,Affluent,18,Fort Branch,Mumbai,533800,75,76.1,Credit Card
1844,30,6,154,452041,1,6.0,1,0,0,0,0,0,0,HNI,4,MG Road Branch,Indore,571800,77,74.0,Home Loan
1845,65,40,21,110056,3,0.1,3,0,0,0,0,0,1,Mass,9,Connaught Place Branch,Delhi,73800,52,24.9,Life Insurance
1846,43,18,65,411075,2,2.2,3,0,0,0,0,1,0,Mass Affluent,7,Kothrud Branch,Pune,163600,64,44.7,Credit Card
1847,56,32,15,560061,1,0.1,2,0,0,0,0,1,0,Mass,5,Whitefield Branch,Bengaluru,18100,61,19.4,Life Insurance
1848,25,0,52,411065,3,2.6,3,159,0,0,0,0,0,Mass Affluent,1,Kothrud Branch,Pune,135700,46,30.1,Auto Loan
1849,35,10,30,560066,3,1.3,1,0,0,1,1,1,1,Mass Affluent,9,Whitefield Branch,Bengaluru,234300,65,47.0,Life Insurance
1850,50,26,42,380047,1,1.6,2,0,0,0,0,1,0,Mass,13,Maninagar Branch,Ahmedabad,107400,61,37.5,Credit Card
1851,36,10,20,110085,4,0.3,1,97,0,0,0,1,0,Mass,3,Connaught Place Branch,Delhi,75600,39,18.2,Credit Card
1852,34,8,60,682036,4,2.2,2,0,0,0,0,0,1,Mass Affluent,11,Edappally Branch,Kochi,211500,62,49.9,Auto Loan
1853,32,6,54,500051,4,1.8,3,167,0,0,0,0,0,Mass,8,Hitech City Branch,Hyderabad,182400,51,41.8,Life Insurance
1854,51,25,60,700011,4,2.6,1,97,0,0,0,1,0,Mass Affluent,9,Park Street Branch,Kolkata,256000,58,51.6,Life Insurance
1855,52,25,41,226005,3,1.0,2,0,0,0,0,1,0,Mass,18,Hazratganj Branch,Lucknow,104600,58,39.2,Life Insurance
1856,65,39,30,395097,3,0.7,2,0,0,0,0,1,1,Mass,9,Ring Road Branch,Surat,109500,58,32.1,Life Insurance
1857,51,24,21,110064,2,1.0,2,0,0,0,0,1,0,Mass,22,Connaught Place Branch,Delhi,50300,50,30.2,Life Insurance
1858,37,13,105,110057,1,0.8,2,0,0,0,0,0,1,Mass Affluent,7,Dwarka Branch,Delhi,282800,75,60.6,Fixed Deposit
1859,35,11,65,110042,3,2.8,1,240,0,0,0,1,0,Mass Affluent,11,Connaught Place Branch,Delhi,297800,59,56.9,Credit Card
1860,67,41,20,110077,2,0.4,1,80,0,0,0,0,0,Mass,19,Dwarka Branch,Delhi,129500,52,37.8,Life Insurance
1861,30,6,179,600089,3,4.9,1,142,1,0,0,1,0,HNI,5,Anna Nagar Branch,Chennai,846600,70,71.6,Fixed Deposit
1862,62,38,161,395089,1,2.9,1,0,0,1,1,1,1,HNI,21,Vesu Branch,Surat,1295400,100,87.8,Home Loan
1863,42,17,82,395076,1,3.7,3,0,0,0,0,1,0,Mass Affluent,3,Adajan Branch,Surat,213000,67,50.7,Credit Card
1864,48,22,43,500066,1,1.2,2,112,0,0,0,1,0,Mass,9,Banjara Hills Branch,Hyderabad,178100,55,41.6,Credit Card
1865,61,36,61,411074,2,2.8,1,0,0,0,0,0,0,Mass Affluent,19,Viman Nagar Branch,Pune,208700,67,57.2,Credit Card
1866,36,6,90,226071,4,1.8,3,0,0,1,0,0,0,Affluent,11,Gomti Nagar Branch,Lucknow,332800,80,66.7,Credit Card
1867,48,24,90,452025,1,2.6,2,334,0,0,0,1,0,Affluent,21,MG Road Branch,Indore,549100,74,77.8,Credit Card
1868,65,39,21,110081,2,0.4,1,0,0,0,0,0,0,Mass,3,Connaught Place Branch,Delhi,31300,55,18.3,Life Insurance
1869,25,1,118,500054,1,5.4,1,0,0,0,0,1,1,Affluent,2,Banjara Hills Branch,Hyderabad,445700,68,63.8,Fixed Deposit
1870,55,30,44,302031,2,2.0,2,0,0,0,0,1,0,Mass,7,C Scheme Branch,Jaipur,98300,55,31.7,Life Insurance
1871,63,37,110,560055,1,4.1,3,0,1,0,0,0,0,Affluent,3,Whitefield Branch,Bengaluru,340200,65,59.3,Fixed Deposit
1872,31,5,99,560095,4,1.8,2,268,0,0,0,0,0,Affluent,6,Indiranagar Branch,Bengaluru,318900,68,60.4,Credit Card
1873,43,17,98,395009,3,1.1,1,0,0,0,0,0,0,Mass Affluent,4,Vesu Branch,Surat,210300,77,55.0,Credit Card
1874,28,4,69,395088,3,0.7,2,80,0,0,0,1,0,Mass Affluent,4,Adajan Branch,Surat,207600,70,48.1,Credit Card
1875,37,11,82,682086,3,0.9,2,218,0,0,0,1,1,Mass Affluent,5,MG Road Kochi Branch,Kochi,292800,64,53.9,Life Insurance
1876,27,3,112,380025,3,2.5,1,389,0,1,0,1,0,Affluent,3,Satellite Branch,Ahmedabad,456900,78,64.5,Fixed Deposit
1877,62,38,123,110055,1,2.9,1,0,0,0,0,0,0,Affluent,19,Karol Bagh Branch,Delhi,550200,82,82.6,Fixed Deposit
1878,51,24,78,560020,1,2.67,2,0,0,0,0,1,0,Mass Affluent,13,Whitefield Branch,Bengaluru,274000,71,62.0,Credit Card
1879,56,30,59,600084,3,0.8,1,159,0,1,0,1,0,Mass Affluent,7,T Nagar Branch,Chennai,261100,71,52.6,Life Insurance
1880,56,30,78,600046,3,1.7,2,0,0,0,0,0,0,Mass Affluent,23,OMR Branch,Chennai,293700,76,70.9,Credit Card
1881,44,19,49,500065,4,1.9,3,89,0,0,0,1,0,Mass,3,Hitech City Branch,Hyderabad,167800,57,37.8,Credit Card
1882,46,19,82,411036,3,2.67,2,0,0,0,0,0,0,Mass Affluent,6,Viman Nagar Branch,Pune,212400,70,53.2,Credit Card
1883,56,32,125,560056,3,0.6,1,342,1,0,1,1,1,Affluent,10,Indiranagar Branch,Bengaluru,636300,84,69.3,Mutual Funds
1884,56,30,185,700031,1,2.9,1,0,0,0,0,0,0,HNI,5,Salt Lake Branch,Kolkata,622100,91,80.0,Home Loan
1885,57,33,163,560029,1,7.4,1,0,0,0,0,1,0,HNI,2,Whitefield Branch,Bengaluru,716000,87,78.1,Home Loan
1886,31,6,19,560021,4,1.1,3,104,0,0,1,1,1,Mass,7,Whitefield Branch,Bengaluru,174800,39,32.6,Gold Loan
1887,65,41,115,400057,4,1.7,2,0,0,0,0,0,0,Affluent,22,Bandra West Branch,Mumbai,492700,87,84.0,Fixed Deposit
1888,31,7,81,110045,2,2.0,2,0,0,0,1,1,1,Mass Affluent,5,Connaught Place Branch,Delhi,323300,74,58.2,Home Loan
1889,36,10,93,226089,1,2.8,3,0,0,0,0,1,0,Mass Affluent,6,Hazratganj Branch,Lucknow,264900,70,59.0,Credit Card
1890,56,30,111,560092,4,0.3,1,372,1,1,1,1,0,Affluent,11,Whitefield Branch,Bengaluru,602600,91,70.9,Credit Card
1891,52,27,184,110066,1,8.1,1,0,0,0,0,0,0,HNI,19,Karol Bagh Branch,Delhi,1341100,80,90.8,Home Loan
1892,42,18,50,380041,4,2.2,2,0,0,0,0,0,0,Mass,2,Maninagar Branch,Ahmedabad,86500,54,27.5,Life Insurance
1893,55,30,55,600031,3,1.7,1,0,0,0,0,0,1,Mass,8,T Nagar Branch,Chennai,163700,59,41.5,Life Insurance
1894,49,24,13,400028,1,0.4,3,101,0,1,0,0,0,Mass,8,Fort Branch,Mumbai,126200,51,29.9,Credit Card
1895,51,25,29,560072,4,0.1,1,0,0,0,0,1,1,Mass,13,Koramangala Branch,Bengaluru,106700,52,32.4,Life Insurance
1896,26,2,72,110042,4,2.6,1,0,0,0,0,1,0,Mass Affluent,3,Karol Bagh Branch,Delhi,158400,59,41.0,Credit Card
1897,32,7,83,411050,1,2.6,2,0,0,1,0,0,1,Mass Affluent,3,Kothrud Branch,Pune,307000,78,57.2,Home Loan
1898,54,29,98,110014,1,0.1,3,0,0,0,0,0,0,Mass Affluent,24,Connaught Place Branch,Delhi,339300,85,78.7,Credit Card
1899,50,24,43,400041,4,0.1,1,0,0,0,0,1,0,Mass,10,Fort Branch,Mumbai,82100,59,32.2,Credit Card
1900,59,33,34,400074,1,0.2,1,0,0,0,0,1,0,Mass,11,Fort Branch,Mumbai,61400,62,29.5,Life Insurance
1901,61,36,10,600050,4,0.4,2,0,0,0,0,1,0,Mass,20,T Nagar Branch,Chennai,16800,49,24.8,Life Insurance
1902,43,19,201,400099,2,6.67,1,0,0,1,0,1,0,HNI,8,Andheri East Branch,Mumbai,1259700,97,85.6,Home Loan
1903,39,14,85,226022,3,1.2,3,107,0,0,0,1,1,Mass Affluent,10,Aliganj Branch,Lucknow,406300,76,65.7,Life Insurance
1904,56,26,50,110064,3,1.4,3,0,0,0,0,0,0,Mass,11,Dwarka Branch,Delhi,110900,57,36.9,Life Insurance
1905,38,14,91,600008,2,0.0,1,0,0,0,0,1,0,Mass Affluent,2,T Nagar Branch,Chennai,178700,82,51.2,Credit Card
1906,25,-1,112,560083,2,2.0,1,241,0,0,0,1,0,Affluent,2,Koramangala Branch,Bengaluru,349600,77,62.2,Fixed Deposit
1907,42,17,98,560004,2,0.4,1,275,0,0,0,1,0,Mass Affluent,3,Koramangala Branch,Bengaluru,260100,71,55.1,Credit Card
1908,42,18,115,400092,1,0.3,1,0,0,0,0,0,0,Mass Affluent,16,Bandra West Branch,Mumbai,358500,86,75.9,Fixed Deposit
1909,50,26,22,380051,4,0.5,2,112,0,0,0,1,0,Mass,22,Maninagar Branch,Ahmedabad,144600,44,39.8,Gold Loan
1910,56,30,101,160074,3,1.7,2,0,0,0,0,0,1,Mass Affluent,10,Sector 17 Branch,Chandigarh,350700,79,67.1,Fixed Deposit
1911,43,18,83,400033,2,3.8,3,112,0,0,0,0,0,Mass Affluent,17,Fort Branch,Mumbai,464100,67,71.1,Credit Card
1912,60,35,52,110049,3,0.5,2,0,0,0,0,0,0,Mass,6,Karol Bagh Branch,Delhi,101300,69,36.0,Life Insurance
1913,42,16,191,682083,3,4.8,2,0,1,1,1,1,0,HNI,6,MG Road Kochi Branch,Kochi,1089600,92,76.6,Home Loan
1914,57,33,134,600009,4,0.9,1,198,1,0,0,1,0,Affluent,13,OMR Branch,Chennai,593500,77,73.9,Fixed Deposit
1915,48,24,54,400096,1,1.6,2,186,0,0,0,1,0,Mass,5,Bandra West Branch,Mumbai,186700,57,42.0,Credit Card
1916,37,11,69,110049,3,2.1,1,0,0,1,0,0,0,Mass Affluent,1,Karol Bagh Branch,Delhi,168900,70,42.0,Credit Card
1917,57,32,64,411040,3,1.6,3,0,0,0,0,1,0,Mass Affluent,16,Viman Nagar Branch,Pune,201100,69,55.6,Credit Card
1918,62,32,53,700083,4,1.67,3,142,0,0,0,0,0,Mass,15,Park Street Branch,Kolkata,243400,64,54.9,Life Insurance
1919,39,9,118,600045,2,6.0,3,246,1,0,1,1,1,Affluent,12,Anna Nagar Branch,Chennai,917500,58,67.2,Life Insurance
1920,38,13,19,641019,2,1.4,2,120,0,0,0,0,1,Mass,11,RS Puram Branch,Coimbatore,147700,32,30.0,Life Insurance
1921,54,28,31,500091,2,0.4,3,0,0,0,0,0,0,Mass,18,Secunderabad Branch,Hyderabad,62400,54,31.3,Life Insurance
1922,45,21,63,110065,1,0.8,3,245,0,0,0,1,1,Mass Affluent,19,Dwarka Branch,Delhi,361000,61,63.8,Personal Loan
1923,39,15,25,500076,1,1.4,3,0,0,0,0,0,0,Mass,3,Hitech City Branch,Hyderabad,44700,51,19.3,Credit Card
1924,45,19,22,560069,1,0.2,1,0,0,0,0,1,0,Mass,15,Koramangala Branch,Bengaluru,39500,55,26.4,Credit Card
1925,62,38,78,110043,1,1.8,3,0,0,0,0,0,0,Mass Affluent,19,Karol Bagh Branch,Delhi,254300,69,63.7,Credit Card
1926,43,19,81,400014,1,0.3,1,218,0,0,0,1,0,Mass Affluent,9,Bandra West Branch,Mumbai,281400,73,59.5,Credit Card
1927,30,6,41,560020,1,2.4,2,0,0,0,0,1,0,Mass,5,Whitefield Branch,Bengaluru,84400,57,28.5,Credit Card
1928,35,10,62,700037,3,2.3,1,0,0,0,0,0,0,Mass Affluent,4,Salt Lake Branch,Kolkata,121600,55,35.0,Credit Card
1929,58,34,35,400048,1,1.2,3,0,0,0,0,1,0,Mass,21,Andheri East Branch,Mumbai,110300,62,41.7,Life Insurance
1930,44,19,30,560099,1,0.6,3,0,0,0,0,1,0,Mass,21,Indiranagar Branch,Bengaluru,73000,62,36.1,Credit Card
1931,56,29,51,411032,3,1.0,2,0,0,0,0,1,0,Mass,14,Viman Nagar Branch,Pune,130500,64,42.8,Life Insurance
1932,28,2,140,600004,2,2.0,1,0,0,0,0,1,0,Affluent,4,OMR Branch,Chennai,396000,84,70.8,Fixed Deposit
1933,64,39,73,380054,3,2.4,1,185,0,0,0,0,0,Mass Affluent,6,Navrangpura Branch,Ahmedabad,262900,67,53.9,Credit Card
1934,63,39,40,302033,4,1.2,2,0,0,0,0,1,0,Mass,16,Vaishali Nagar Branch,Jaipur,103500,63,38.9,Life Insurance
1935,44,20,69,700008,1,0.8,3,0,0,0,0,1,1,Mass Affluent,5,Salt Lake Branch,Kolkata,194000,75,48.6,Personal Loan
1936,34,9,191,400091,1,4.8,3,0,1,0,1,1,1,HNI,4,Fort Branch,Mumbai,938800,79,71.3,Home Loan
1937,50,24,82,500041,3,3.0,2,0,0,0,0,1,0,Mass Affluent,16,Banjara Hills Branch,Hyderabad,305300,66,65.6,Credit Card
1938,51,25,181,600076,1,3.3,3,589,1,1,1,1,0,HNI,13,T Nagar Branch,Chennai,1229700,85,76.4,Credit Card
1939,30,4,38,110095,1,1.9,3,0,0,0,0,1,0,Mass,3,Connaught Place Branch,Delhi,56000,43,19.9,Credit Card
1940,55,31,23,400049,2,0.2,1,0,0,0,0,1,0,Mass,29,Fort Branch,Mumbai,64500,60,36.2,Life Insurance
1941,57,33,55,110087,1,1.8,3,0,0,0,0,1,0,Mass,12,Dwarka Branch,Delhi,147300,69,45.6,Life Insurance
1942,43,19,58,500072,2,3.2,1,0,0,0,0,1,0,Mass Affluent,10,Banjara Hills Branch,Hyderabad,166600,59,44.5,Credit Card
1943,61,36,29,560038,2,0.5,2,0,0,0,0,1,0,Mass,10,Indiranagar Branch,Bengaluru,59700,59,27.2,Life Insurance
1944,49,23,39,110040,4,2.6,1,0,0,0,0,0,0,Mass,10,Dwarka Branch,Delhi,89100,52,30.4,Life Insurance
1945,52,28,39,302032,3,1.9,2,83,0,0,1,1,1,Mass,13,Vaishali Nagar Branch,Jaipur,336600,60,56.0,Life Insurance
1946,57,33,30,452048,3,1.5,1,151,0,1,0,1,0,Mass,13,MG Road Branch,Indore,222600,52,45.7,Life Insurance
1947,53,23,58,110057,4,2.0,3,0,0,0,0,1,1,Mass,16,Connaught Place Branch,Delhi,245100,61,55.3,Life Insurance
1948,52,28,62,452094,1,1.8,3,231,0,0,0,1,0,Mass Affluent,21,Palasia Branch,Indore,364600,70,68.8,Credit Card
1949,39,15,62,400011,4,2.4,1,86,0,0,0,0,0,Mass Affluent,6,Bandra West Branch,Mumbai,218400,60,47.4,Credit Card
1950,58,34,19,452084,1,1.2,3,0,0,0,0,0,0,Mass,12,Palasia Branch,Indore,28200,48,21.3,Life Insurance
1951,36,12,38,641057,1,1.5,2,0,0,0,0,0,0,Mass,4,Gandhipuram Branch,Coimbatore,63600,54,23.9,Credit Card
1952,45,21,84,400089,4,2.0,3,0,0,0,0,1,1,Mass Affluent,8,Andheri East Branch,Mumbai,292700,74,60.4,Home Loan
1953,30,5,78,380081,1,2.6,2,0,0,0,0,1,0,Mass Affluent,7,Satellite Branch,Ahmedabad,205200,65,51.0,Credit Card
1954,49,25,22,440056,4,0.2,1,83,0,0,0,1,0,Mass,5,Wardha Road Branch,Nagpur,84600,46,22.6,Credit Card
1955,44,20,81,682051,4,2.0,3,277,0,0,0,1,0,Mass Affluent,2,Kakkanad Branch,Kochi,247300,66,50.8,Credit Card
1956,43,17,32,440055,3,0.5,2,0,0,0,0,1,0,Mass,16,Sitabuldi Branch,Nagpur,77600,59,33.3,Credit Card
1957,42,18,89,600096,4,0.8,1,184,0,0,0,0,0,Mass Affluent,1,OMR Branch,Chennai,223000,75,51.3,Credit Card
1958,29,4,121,400022,2,3.3,1,0,0,0,0,1,0,Affluent,4,Andheri East Branch,Mumbai,358400,73,65.7,Fixed Deposit
1959,28,2,42,226058,1,1.5,1,0,0,0,0,1,1,Mass,6,Gomti Nagar Branch,Lucknow,131900,57,34.3,Auto Loan
1960,50,24,130,600096,1,1.0,1,0,0,0,0,0,0,Affluent,13,T Nagar Branch,Chennai,407900,85,76.5,Fixed Deposit
1961,44,19,30,600088,4,0.0,2,0,0,0,0,1,0,Mass,9,Anna Nagar Branch,Chennai,55700,56,25.6,Credit Card
1962,52,26,114,560008,1,4.9,1,0,0,0,0,0,0,Affluent,18,Whitefield Branch,Bengaluru,568300,78,80.9,Fixed Deposit
1963,28,4,155,600005,1,6.33,1,0,0,0,0,0,0,HNI,0,T Nagar Branch,Chennai,489700,70,68.1,Home Loan
1964,62,38,50,400093,2,1.1,1,0,0,0,0,0,1,Mass,6,Bandra West Branch,Mumbai,131200,58,35.3,Life Insurance
1965,34,10,34,700036,1,1.5,2,111,0,0,0,0,1,Mass,6,Salt Lake Branch,Kolkata,169800,49,35.4,Auto Loan
1966,45,20,94,400034,3,0.5,3,0,0,0,0,1,0,Mass Affluent,13,Andheri East Branch,Mumbai,270300,76,65.2,Credit Card
1967,52,26,114,700026,2,2.4,2,0,0,0,0,0,0,Affluent,5,Park Street Branch,Kolkata,304300,76,63.9,Fixed Deposit
1968,43,18,89,226072,3,0.5,3,108,0,0,0,0,1,Mass Affluent,10,Hazratganj Branch,Lucknow,347000,73,62.7,Life Insurance
1969,54,24,49,500074,1,1.4,3,0,0,0,0,1,0,Mass,27,Banjara Hills Branch,Hyderabad,176800,67,55.8,Life Insurance
1970,64,38,115,500032,1,2.0,1,0,0,0,0,1,1,Affluent,12,Hitech City Branch,Hyderabad,501900,86,75.5,Fixed Deposit
1971,27,3,148,560026,1,1.5,1,397,0,0,0,1,1,Affluent,5,Indiranagar Branch,Bengaluru,556300,80,69.4,Fixed Deposit
1972,42,17,72,440088,4,1.1,2,203,0,0,0,0,1,Mass Affluent,15,Sitabuldi Branch,Nagpur,350000,66,62.8,Life Insurance
1973,28,2,114,700033,4,2.1,3,0,0,0,0,1,0,Affluent,2,Howrah Branch,Kolkata,277900,71,58.9,Fixed Deposit
1974,47,22,11,560058,2,0.0,1,78,0,0,0,0,0,Mass,20,Whitefield Branch,Bengaluru,105900,50,34.4,Gold Loan
1975,39,13,63,110055,4,0.2,3,242,0,0,0,0,0,Mass Affluent,9,Dwarka Branch,Delhi,190100,64,47.4,Credit Card
1976,29,3,113,110052,2,0.2,1,0,0,0,0,1,1,Mass Affluent,3,Connaught Place Branch,Delhi,280400,78,59.0,Fixed Deposit
1977,39,13,80,500069,2,1.8,1,0,0,0,0,1,0,Mass Affluent,7,Secunderabad Branch,Hyderabad,205800,70,52.7,Credit Card
1978,41,15,54,641098,3,0.5,3,0,0,0,0,1,1,Mass,2,Peelamedu Branch,Coimbatore,128300,66,35.1,Life Insurance
1979,37,11,32,700035,2,1.4,3,0,0,1,0,1,0,Mass,4,Salt Lake Branch,Kolkata,96300,55,26.9,Credit Card
1980,41,17,11,110007,1,1.0,1,0,0,0,0,0,0,Mass,2,Dwarka Branch,Delhi,12400,43,12.4,Gold Loan
1981,45,19,141,226041,1,2.4,1,0,0,0,0,1,0,Affluent,12,Gomti Nagar Branch,Lucknow,551300,85,80.0,Fixed Deposit
1982,52,26,84,560073,3,3.0,2,0,0,0,0,1,0,Mass Affluent,12,Whitefield Branch,Bengaluru,293800,72,64.4,Credit Card
1983,58,33,18,226091,3,0.1,2,110,0,0,0,1,0,Mass,7,Hazratganj Branch,Lucknow,96300,53,26.5,Life Insurance
1984,31,5,20,110004,2,0.3,1,0,0,0,0,0,0,Mass,1,Connaught Place Branch,Delhi,20600,45,13.5,Credit Card
1985,26,1,55,600098,4,1.7,2,175,0,0,0,1,0,Mass,3,T Nagar Branch,Chennai,174200,50,37.6,Credit Card
1986,31,7,31,452019,4,0.4,2,79,0,0,0,0,0,Mass,8,Palasia Branch,Indore,106600,45,28.0,Life Insurance
1987,42,17,114,110042,2,0.4,1,0,0,0,0,0,0,Mass Affluent,8,Connaught Place Branch,Delhi,276500,82,65.1,Fixed Deposit
1988,56,31,52,411037,3,2.0,2,0,0,1,1,1,1,Mass Affluent,20,Hinjewadi Branch,Pune,479600,81,71.2,Life Insurance
1989,52,28,18,395099,1,0.3,1,120,0,0,0,1,0,Mass,8,Vesu Branch,Surat,100000,47,26.2,Life Insurance
1990,59,35,55,400010,1,1.8,3,0,0,1,0,0,0,Mass Affluent,9,Fort Branch,Mumbai,217900,86,55.0,Life Insurance
1991,32,8,29,400071,1,0.2,3,76,0,0,0,1,1,Mass,9,Bandra West Branch,Mumbai,157100,51,35.5,Gold Loan
1992,46,22,30,411028,3,0.5,1,0,0,0,0,0,0,Mass,12,Kothrud Branch,Pune,54800,56,27.4,Credit Card
1993,52,28,38,560096,2,0.8,1,0,0,0,0,0,1,Mass,9,Whitefield Branch,Bengaluru,116700,60,34.3,Life Insurance
1994,30,5,122,400079,2,3.1,1,0,0,0,0,0,0,Affluent,1,Bandra West Branch,Mumbai,300400,76,61.6,Fixed Deposit
1995,32,8,183,500064,1,6.0,1,0,0,0,0,0,0,HNI,3,Hitech City Branch,Hyderabad,689300,78,76.6,Home Loan
1996,35,11,41,700093,1,2.4,2,0,0,0,0,0,0,Mass,9,Howrah Branch,Kolkata,86900,55,30.7,Credit Card
1997,49,24,38,110044,1,1.4,3,0,0,0,0,0,0,Mass,26,Karol Bagh Branch,Delhi,107400,55,42.2,Credit Card
1998,54,30,61,560083,1,1.8,3,0,0,0,0,1,0,Mass,14,Koramangala Branch,Bengaluru,176900,63,49.7,Credit Card
1999,56,32,103,226035,3,4.0,3,0,1,0,0,0,0,Affluent,19,Aliganj Branch,Lucknow,508700,62,73.4,Fixed Deposit
2000,48,22,80,500005,2,2.4,2,0,0,0,0,1,0,Mass Affluent,4,Secunderabad Branch,Hyderabad,201800,75,51.7,Credit Card
2001,28,2,22,302017,1,0.1,2,0,0,0,0,1,0,Mass,0,C Scheme Branch,Jaipur,24000,57,16.6,Credit Card
2002,44,17,128,560074,2,3.25,2,0,1,0,0,0,1,Affluent,14,Whitefield Branch,Bengaluru,587300,62,70.4,Fixed Deposit
2003,30,4,142,641094,3,4.2,1,359,1,0,0,0,0,Affluent,4,Peelamedu Branch,Coimbatore,558800,65,65.1,Fixed Deposit
2004,44,20,124,411005,1,4.7,1,0,0,0,0,1,1,Affluent,5,Viman Nagar Branch,Pune,501800,72,68.2,Fixed Deposit
2005,30,4,44,400063,1,1.9,3,143,0,0,0,0,0,Mass,3,Andheri East Branch,Mumbai,138800,51,32.2,Credit Card
2006,47,23,170,160031,2,6.5,2,0,1,0,1,1,1,HNI,8,Sector 35 Branch,Chandigarh,1083100,75,73.3,Home Loan
2007,64,39,75,500080,4,0.1,2,0,0,0,1,1,1,Mass Affluent,15,Secunderabad Branch,Hyderabad,354100,88,68.6,Life Insurance
2008,48,21,78,400066,3,2.0,2,0,0,0,0,1,1,Mass Affluent,13,Bandra West Branch,Mumbai,320500,71,63.6,Life Insurance
2009,63,38,31,400007,1,1.1,3,125,0,0,0,1,0,Mass,13,Bandra West Branch,Mumbai,167800,57,41.5,Life Insurance
2010,25,0,99,411018,1,1.9,1,323,0,0,0,0,0,Affluent,3,Hinjewadi Branch,Pune,281600,68,56.1,Credit Card
2011,61,36,41,400041,2,1.5,1,0,0,0,0,0,0,Mass,25,Fort Branch,Mumbai,131000,60,47.0,Life Insurance
2012,46,21,39,110029,4,0.0,2,0,0,0,0,1,0,Mass,14,Karol Bagh Branch,Delhi,76400,54,31.7,Credit Card
2013,57,31,51,400017,1,1.4,1,0,0,0,0,1,1,Mass,8,Fort Branch,Mumbai,171900,63,43.1,Life Insurance
2014,40,15,52,560044,3,0.8,3,113,0,0,0,1,0,Mass,5,Indiranagar Branch,Bengaluru,169600,62,40.8,Life Insurance
2015,49,19,169,560062,3,5.67,3,167,1,0,1,0,1,HNI,6,Whitefield Branch,Bengaluru,1048500,79,70.0,Mutual Funds
2016,30,5,141,500038,1,0.8,1,0,0,0,0,1,0,Affluent,1,Banjara Hills Branch,Hyderabad,314600,82,64.9,Fixed Deposit
2017,41,17,93,110064,4,0.8,1,218,0,0,0,0,0,Mass Affluent,4,Karol Bagh Branch,Delhi,260800,77,57.0,Credit Card
2018,42,15,14,400060,3,1.0,2,0,0,1,0,0,0,Mass,3,Bandra West Branch,Mumbai,53600,42,16.3,Gold Loan
2019,63,39,160,600016,2,2.1,1,0,0,0,0,1,1,Affluent,20,T Nagar Branch,Chennai,904000,92,89.1,Home Loan
2020,43,17,44,560091,1,0.2,1,0,0,1,1,1,0,Mass Affluent,9,Koramangala Branch,Bengaluru,200300,78,49.0,Credit Card
2021,59,34,33,411067,3,0.2,1,0,0,1,0,0,0,Mass,13,Hinjewadi Branch,Pune,120600,73,39.9,Life Insurance
2022,46,20,103,400096,4,4.8,3,0,1,0,0,1,0,Affluent,7,Andheri East Branch,Mumbai,406400,62,63.4,Fixed Deposit
2023,33,3,71,400057,4,1.8,3,236,0,0,0,0,0,Mass Affluent,2,Andheri East Branch,Mumbai,190800,61,43.2,Credit Card
2024,55,29,55,110018,1,0.2,1,151,0,0,0,1,0,Mass,3,Connaught Place Branch,Delhi,158300,66,39.5,Life Insurance
2025,36,12,113,500087,4,0.2,1,0,1,0,0,0,0,Mass Affluent,5,Banjara Hills Branch,Hyderabad,260900,75,58.0,Fixed Deposit
2026,47,20,79,560038,3,2.0,2,185,0,1,0,0,0,Mass Affluent,17,Whitefield Branch,Bengaluru,489900,81,72.7,Credit Card
2027,59,33,80,302019,2,0.7,2,0,0,0,0,1,0,Mass Affluent,19,Malviya Nagar Branch,Jaipur,277200,79,68.3,Credit Card
2028,38,12,179,560044,2,0.0,1,380,0,0,0,0,0,HNI,4,Koramangala Branch,Bengaluru,465100,88,72.2,Fixed Deposit
2029,42,17,9,500021,2,0.0,3,0,0,0,0,0,0,Mass,7,Hitech City Branch,Hyderabad,12000,51,17.2,Credit Card
2030,30,3,61,600068,4,2.0,2,0,0,0,0,1,0,Mass Affluent,5,T Nagar Branch,Chennai,125200,54,35.5,Credit Card
2031,63,38,111,400020,2,3.9,1,207,0,1,1,1,1,Affluent,20,Andheri East Branch,Mumbai,1202900,96,82.7,Life Insurance
2032,60,35,80,500099,3,0.5,1,0,0,0,0,1,0,Mass Affluent,17,Banjara Hills Branch,Hyderabad,246900,75,63.7,Credit Card
2033,62,37,32,560058,3,0.2,1,0,0,1,0,0,1,Mass,28,Koramangala Branch,Bengaluru,246400,73,60.3,Life Insurance
2034,49,23,83,560057,1,0.3,1,0,0,0,0,1,1,Mass Affluent,12,Indiranagar Branch,Bengaluru,284700,81,63.8,Home Loan
2035,59,33,91,400070,4,1.9,2,329,0,0,0,0,0,Mass Affluent,6,Bandra West Branch,Mumbai,308300,74,60.7,Credit Card
2036,36,10,29,380008,4,1.0,1,0,0,0,0,1,1,Mass,6,Satellite Branch,Ahmedabad,91100,46,24.8,Life Insurance
2037,46,19,19,641042,3,0.67,2,0,0,0,0,1,0,Mass,12,Gandhipuram Branch,Coimbatore,25300,49,21.4,Gold Loan
2038,35,8,52,400048,2,1.0,2,0,0,0,0,0,1,Mass,12,Bandra West Branch,Mumbai,160100,62,43.8,Life Insurance
2039,50,24,150,600038,1,7.3,1,0,0,0,0,1,1,HNI,10,Anna Nagar Branch,Chennai,918300,78,79.4,Fixed Deposit
2040,51,25,32,380030,2,0.4,3,0,0,0,0,1,0,Mass,27,Satellite Branch,Ahmedabad,86500,54,38.5,Life Insurance
2041,41,16,91,110029,3,0.5,3,0,0,0,0,0,0,Mass Affluent,8,Dwarka Branch,Delhi,210000,80,57.6,Credit Card
2042,45,20,180,380095,3,8.5,2,535,1,0,0,0,0,HNI,14,Navrangpura Branch,Ahmedabad,1370700,67,78.6,Fixed Deposit
2043,41,17,121,411045,1,0.3,1,0,0,0,0,1,0,Affluent,12,Kothrud Branch,Pune,372100,91,75.6,Fixed Deposit
2044,57,32,25,452082,2,0.2,3,0,0,0,0,1,1,Mass,11,Palasia Branch,Indore,89300,59,30.5,Life Insurance
2045,51,25,102,395092,1,0.3,1,0,0,0,0,1,0,Mass Affluent,3,Adajan Branch,Surat,214600,83,56.6,Fixed Deposit
2046,52,28,44,400075,4,0.9,2,107,0,0,0,1,0,Mass,6,Bandra West Branch,Mumbai,153300,58,37.6,Life Insurance
2047,43,16,161,560049,3,8.0,2,0,1,0,1,1,1,HNI,2,Whitefield Branch,Bengaluru,918800,76,68.8,Home Loan
2048,63,38,134,600039,3,4.0,2,0,1,0,0,0,1,Affluent,5,T Nagar Branch,Chennai,528700,70,66.0,Fixed Deposit
2049,28,4,43,400039,1,1.8,2,0,0,0,0,1,1,Mass,1,Andheri East Branch,Mumbai,112700,54,28.5,Gold Loan
2050,43,18,94,560041,4,1.1,2,0,0,0,0,1,0,Mass Affluent,12,Indiranagar Branch,Bengaluru,286400,79,66.6,Credit Card
2051,41,15,29,395056,2,0.8,3,98,0,0,0,0,0,Mass,15,Vesu Branch,Surat,140800,47,36.5,Life Insurance
2052,34,8,38,400045,4,0.2,1,0,0,0,0,0,0,Mass,2,Andheri East Branch,Mumbai,50900,56,22.1,Credit Card
2053,28,3,120,500020,1,0.8,1,170,0,0,0,0,0,Affluent,5,Secunderabad Branch,Hyderabad,339400,77,64.0,Fixed Deposit
2054,58,32,85,302087,2,2.0,1,161,0,1,1,1,1,Affluent,8,Malviya Nagar Branch,Jaipur,599600,92,69.0,Life Insurance
2055,39,15,89,560025,2,1.9,1,0,0,0,0,0,0,Mass Affluent,3,Indiranagar Branch,Bengaluru,192100,77,51.9,Credit Card
2056,49,23,25,500072,1,1.4,3,0,0,0,0,1,0,Mass,16,Secunderabad Branch,Hyderabad,60100,49,27.9,Credit Card
2057,33,8,20,440023,3,1.3,1,83,0,0,0,0,1,Mass,10,Dharampeth Branch,Nagpur,132700,29,26.8,Gold Loan
2058,37,12,125,500049,2,3.9,1,0,0,0,0,1,1,Affluent,3,Hitech City Branch,Hyderabad,445500,76,66.7,Fixed Deposit
2059,33,7,18,400027,1,0.6,3,0,0,0,0,0,0,Mass,6,Bandra West Branch,Mumbai,20900,45,16.2,Gold Loan
2060,28,3,173,400005,2,6.7,1,222,0,0,0,1,0,HNI,1,Fort Branch,Mumbai,738400,69,70.6,Fixed Deposit
2061,54,29,34,641063,4,0.1,3,0,0,0,0,1,1,Mass,19,Peelamedu Branch,Coimbatore,137600,58,42.0,Life Insurance
2062,63,38,159,110011,4,4.9,2,111,1,0,0,0,0,HNI,6,Karol Bagh Branch,Delhi,765600,75,72.3,Fixed Deposit
2063,57,31,55,500065,3,2.5,1,219,0,0,1,1,1,Mass Affluent,20,Banjara Hills Branch,Hyderabad,529800,68,69.3,Life Insurance
2064,56,30,32,400055,2,0.4,3,0,0,0,0,1,0,Mass,14,Fort Branch,Mumbai,66900,57,30.3,Life Insurance
2065,54,29,65,560066,4,1.8,3,0,0,0,0,0,1,Mass Affluent,4,Indiranagar Branch,Bengaluru,175600,67,43.7,Life Insurance
2066,29,5,83,452043,3,1.5,1,0,0,0,0,1,1,Mass Affluent,5,Vijay Nagar Branch,Indore,251400,73,54.9,Home Loan
2067,41,16,30,500080,2,1.4,2,0,0,0,0,0,1,Mass,16,Banjara Hills Branch,Hyderabad,115200,48,34.4,Life Insurance
2068,58,32,180,440036,1,2.9,1,0,0,0,0,0,1,HNI,7,Dharampeth Branch,Nagpur,711500,91,79.6,Home Loan
2069,61,37,13,110007,2,0.3,3,0,0,0,0,1,0,Mass,10,Karol Bagh Branch,Delhi,16100,59,21.6,Life Insurance
2070,30,4,35,500021,4,0.8,1,0,0,0,0,1,1,Mass,1,Hitech City Branch,Hyderabad,78900,44,20.5,Gold Loan
2071,62,37,95,226042,3,0.5,1,0,0,0,0,0,0,Mass Affluent,11,Hazratganj Branch,Lucknow,241800,84,63.7,Credit Card
2072,52,28,83,500011,1,0.0,1,0,0,0,0,1,0,Mass Affluent,20,Banjara Hills Branch,Hyderabad,274100,84,70.5,Credit Card
2073,29,3,39,110042,4,0.2,1,137,0,0,0,1,1,Mass,3,Connaught Place Branch,Delhi,149700,48,31.2,Gold Loan
2074,46,20,54,226008,1,0.7,3,154,0,0,0,1,1,Mass,15,Gomti Nagar Branch,Lucknow,316000,68,60.3,Mutual Funds
2075,52,27,81,560029,1,1.3,3,293,0,0,0,0,1,Mass Affluent,14,Whitefield Branch,Bengaluru,396300,74,66.7,Life Insurance
2076,40,16,53,500084,4,2.0,3,0,0,0,0,0,0,Mass,7,Banjara Hills Branch,Hyderabad,111800,63,36.5,Life Insurance
2077,49,23,119,440090,1,7.3,1,398,0,0,0,0,0,Affluent,15,Sitabuldi Branch,Nagpur,832600,71,78.9,Fixed Deposit
2078,34,9,160,110053,4,8.0,3,0,1,0,0,0,1,HNI,6,Connaught Place Branch,Delhi,890200,70,72.3,Home Loan
2079,35,11,21,560078,2,1.0,2,0,0,0,0,0,0,Mass,8,Whitefield Branch,Bengaluru,28300,46,18.8,Life Insurance
2080,26,2,40,400024,1,1.0,3,0,0,0,0,1,0,Mass,2,Fort Branch,Mumbai,57800,51,22.0,Credit Card
2081,65,40,69,560091,4,0.1,2,0,0,0,0,1,0,Mass,19,Whitefield Branch,Bengaluru,203100,73,59.0,Credit Card
2082,52,27,45,110056,1,1.3,2,0,0,0,0,0,0,Mass,23,Connaught Place Branch,Delhi,130800,67,48.4,Life Insurance
2083,32,7,55,411082,4,2.0,2,0,0,0,0,1,0,Mass,4,Kothrud Branch,Pune,114300,59,34.3,Credit Card
2084,31,7,38,110062,1,0.2,3,0,0,0,0,1,0,Mass,1,Dwarka Branch,Delhi,55800,58,22.4,Credit Card
2085,36,9,44,411037,4,1.0,2,101,0,1,0,1,0,Mass,5,Hinjewadi Branch,Pune,208300,66,44.4,Life Insurance
2086,50,24,45,110022,3,0.6,2,117,0,0,0,1,0,Mass,11,Connaught Place Branch,Delhi,175100,59,43.8,Credit Card
2087,36,12,84,560052,1,0.8,2,0,0,0,0,1,1,Mass Affluent,8,Indiranagar Branch,Bengaluru,271100,76,59.3,Personal Loan
2088,51,27,188,560025,2,6.9,2,343,1,0,0,1,0,HNI,10,Whitefield Branch,Bengaluru,1237600,73,77.5,Fixed Deposit
2089,39,9,29,700061,3,2.0,3,151,0,1,0,0,0,Mass,14,Salt Lake Branch,Kolkata,201100,39,40.7,Gold Loan
2090,53,29,95,500072,1,2.7,2,0,0,0,0,1,0,Mass Affluent,22,Secunderabad Branch,Hyderabad,437400,78,79.4,Credit Card
2091,50,25,79,560046,1,2.9,1,307,0,0,0,0,1,Mass Affluent,16,Koramangala Branch,Bengaluru,491300,73,70.1,Personal Loan
2092,31,4,41,226042,1,2.0,2,0,0,1,0,1,0,Mass,7,Gomti Nagar Branch,Lucknow,143200,57,36.1,Credit Card
2093,53,23,19,600061,4,0.4,3,84,0,0,0,1,0,Mass,22,OMR Branch,Chennai,142300,44,39.1,Life Insurance
2094,48,23,75,110045,4,3.6,3,0,0,0,0,1,1,Mass Affluent,9,Connaught Place Branch,Delhi,294700,61,56.8,Home Loan
2095,57,31,64,160079,3,2.5,1,208,0,0,0,0,1,Mass Affluent,9,IT Park Branch,Chandigarh,307300,59,54.6,Life Insurance
2096,47,21,174,560031,4,3.2,3,0,1,0,0,0,0,HNI,14,Whitefield Branch,Bengaluru,746500,70,78.7,Home Loan
2097,55,29,54,400083,2,2.3,3,93,0,0,0,0,0,Mass,8,Fort Branch,Mumbai,214400,64,48.4,Life Insurance
2098,37,11,14,500043,3,0.1,2,113,0,0,0,1,0,Mass,7,Secunderabad Branch,Hyderabad,76400,40,20.6,Life Insurance
2099,59,35,94,400035,1,3.8,1,272,0,0,0,0,0,Affluent,13,Fort Branch,Mumbai,501600,78,73.2,Credit Card
2100,53,29,10,110037,2,0.4,1,0,0,0,0,0,0,Mass,12,Karol Bagh Branch,Delhi,12000,47,19.2,Life Insurance
2101,31,6,145,700006,1,0.8,1,84,0,0,0,1,0,Affluent,2,Park Street Branch,Kolkata,412300,82,67.3,Fixed Deposit
2102,35,5,203,400033,1,10.0,3,0,1,0,0,0,0,HNI,5,Fort Branch,Mumbai,1114200,68,76.1,Home Loan
2103,25,-1,81,302028,2,1.6,3,0,0,0,0,1,1,Mass Affluent,1,Vaishali Nagar Branch,Jaipur,203100,63,45.3,Auto Loan
2104,37,13,153,452019,2,6.5,1,0,0,0,0,1,1,HNI,6,Palasia Branch,Indore,776600,78,75.8,Home Loan
2105,40,14,58,600005,4,0.2,3,0,0,0,0,1,0,Mass,11,T Nagar Branch,Chennai,131000,65,42.1,Home Loan
2106,31,5,49,700085,4,1.8,3,0,0,0,0,1,1,Mass,4,Salt Lake Branch,Kolkata,150300,57,36.3,Auto Loan
2107,62,38,132,700033,1,2.9,1,0,0,0,0,0,0,Affluent,16,Salt Lake Branch,Kolkata,552300,83,81.5,Fixed Deposit
2108,41,17,85,395017,4,0.2,3,229,0,0,0,0,0,Mass Affluent,3,Adajan Branch,Surat,204900,70,49.1,Credit Card
2109,56,32,85,560096,3,2.67,1,0,0,1,0,1,0,Affluent,19,Koramangala Branch,Bengaluru,473100,85,77.3,Credit Card
2110,47,23,178,110009,1,6.5,3,0,1,0,0,0,0,HNI,8,Connaught Place Branch,Delhi,894200,76,78.2,Home Loan
2111,28,4,104,500032,3,2.5,1,0,0,0,0,0,0,Affluent,2,Secunderabad Branch,Hyderabad,238100,71,55.2,Fixed Deposit
2112,60,34,40,500062,1,1.6,1,0,0,0,0,1,0,Mass,9,Banjara Hills Branch,Hyderabad,91000,57,31.6,Life Insurance
2113,27,2,103,110065,1,1.9,1,120,0,0,0,1,0,Affluent,2,Karol Bagh Branch,Delhi,313800,72,58.8,Fixed Deposit
2114,57,33,25,600090,2,1.0,1,0,0,0,0,1,0,Mass,10,T Nagar Branch,Chennai,40500,50,22.7,Life Insurance
2115,62,36,69,400026,2,1.7,3,0,0,0,0,1,0,Mass Affluent,24,Andheri East Branch,Mumbai,276600,73,68.4,Credit Card
2116,57,31,30,452076,3,1.4,1,0,0,0,0,0,0,Mass,6,Palasia Branch,Indore,43400,48,20.7,Life Insurance
2117,44,17,70,110015,3,2.67,2,0,0,0,0,0,0,Mass Affluent,11,Dwarka Branch,Delhi,198000,67,52.4,Credit Card
2118,31,7,15,400061,3,0.9,3,0,0,0,0,1,0,Mass,7,Fort Branch,Mumbai,22900,39,15.3,Credit Card
2119,31,5,125,400058,2,1.3,1,0,0,0,0,1,1,Affluent,6,Andheri East Branch,Mumbai,404600,82,68.6,Fixed Deposit
2120,39,13,50,110069,3,0.5,3,0,0,0,0,0,0,Mass,2,Dwarka Branch,Delhi,72300,55,26.0,Home Loan
2121,41,17,44,110071,1,0.3,3,0,0,0,0,1,0,Mass,8,Karol Bagh Branch,Delhi,79900,59,30.9,Credit Card
2122,41,17,38,400073,4,2.2,2,180,0,0,0,0,1,Mass,3,Andheri East Branch,Mumbai,168900,45,32.7,Life Insurance
2123,55,29,64,110021,3,0.8,1,119,0,0,0,0,1,Mass Affluent,27,Dwarka Branch,Delhi,415800,66,70.9,Life Insurance
2124,28,2,9,110068,1,0.1,2,0,0,0,0,1,0,Mass,4,Dwarka Branch,Delhi,12000,44,13.6,Credit Card
2125,35,9,44,560092,3,0.9,1,89,0,0,0,0,0,Mass,5,Koramangala Branch,Bengaluru,129800,54,33.0,Life Insurance
2126,44,20,93,560007,4,0.8,1,101,0,0,0,1,0,Mass Affluent,9,Indiranagar Branch,Bengaluru,330500,77,64.9,Credit Card
2127,44,19,83,560014,4,0.4,1,141,0,0,0,0,0,Mass Affluent,3,Koramangala Branch,Bengaluru,202800,72,49.1,Credit Card
2128,40,14,179,560030,2,0.0,1,0,0,0,0,0,0,Affluent,16,Koramangala Branch,Bengaluru,576300,89,85.0,Home Loan
2129,65,40,40,400088,1,1.1,3,0,0,0,0,0,0,Mass,11,Bandra West Branch,Mumbai,81900,66,33.8,Life Insurance
2130,35,10,58,400062,4,0.7,3,232,0,0,0,0,0,Mass,6,Bandra West Branch,Mumbai,161000,58,39.8,Life Insurance
2131,55,31,74,110095,3,2.67,1,0,0,0,0,0,1,Mass Affluent,3,Connaught Place Branch,Delhi,221800,74,50.6,Life Insurance
2132,55,31,15,700071,1,0.2,1,0,0,0,0,0,0,Mass,17,Howrah Branch,Kolkata,27400,57,26.2,Life Insurance
2133,59,35,11,395075,2,1.0,1,0,0,0,0,0,1,Mass,4,Ring Road Branch,Surat,49300,42,16.2,Life Insurance
2134,39,15,41,452031,1,2.0,2,176,0,0,0,1,0,Mass,13,Vijay Nagar Branch,Indore,201900,52,45.5,Credit Card
2135,50,24,68,500020,1,1.5,2,120,0,0,0,1,1,Mass Affluent,9,Hitech City Branch,Hyderabad,332700,70,59.2,Life Insurance
2136,45,15,28,500074,1,0.75,3,0,0,1,0,0,0,Mass,9,Banjara Hills Branch,Hyderabad,92600,59,29.8,Credit Card
2137,50,26,115,560029,1,1.2,3,0,1,0,0,0,1,Affluent,10,Koramangala Branch,Bengaluru,408400,72,65.9,Fixed Deposit
2138,65,40,83,380003,4,0.1,2,247,0,0,0,1,0,Mass Affluent,12,Satellite Branch,Ahmedabad,309900,78,64.8,Credit Card
2139,36,11,40,380060,2,1.1,2,166,0,1,0,0,0,Mass,8,Navrangpura Branch,Ahmedabad,194300,57,42.0,Life Insurance
2140,57,32,113,302094,1,0.1,3,0,0,0,0,1,0,Mass Affluent,12,C Scheme Branch,Jaipur,327800,84,71.5,Fixed Deposit
2141,53,27,89,160089,1,0.8,3,0,0,1,0,1,0,Mass Affluent,22,IT Park Branch,Chandigarh,434900,84,78.2,Credit Card
2142,28,4,38,560047,4,1.6,1,0,0,0,0,0,0,Mass,6,Indiranagar Branch,Bengaluru,57600,38,20.6,Home Loan
2143,55,31,62,380062,4,1.5,1,0,0,0,0,1,0,Mass,4,Maninagar Branch,Ahmedabad,127400,66,38.4,Credit Card
2144,56,31,65,302056,3,1.7,1,109,0,0,0,0,0,Mass Affluent,8,Malviya Nagar Branch,Jaipur,235100,67,52.2,Credit Card
2145,33,6,168,560089,3,5.67,2,0,1,1,1,1,0,HNI,5,Indiranagar Branch,Bengaluru,925300,80,71.8,Home Loan
2146,57,32,40,452036,3,1.7,1,0,0,0,0,1,1,Mass,11,Palasia Branch,Indore,162000,61,41.6,Life Insurance
2147,27,3,30,400060,1,1.0,3,80,0,0,0,0,0,Mass,6,Bandra West Branch,Mumbai,102600,44,26.0,Credit Card
2148,27,3,20,395040,4,1.0,1,0,0,0,0,0,0,Mass,4,Vesu Branch,Surat,27400,40,14.6,Gold Loan
2149,54,30,58,380025,2,3.2,3,0,0,0,0,0,0,Mass Affluent,15,Satellite Branch,Ahmedabad,184800,63,50.9,Life Insurance
2150,48,22,150,400047,1,7.3,1,193,0,0,0,0,0,HNI,13,Fort Branch,Mumbai,1069100,84,83.7,Fixed Deposit
2151,62,38,54,411026,1,0.8,1,0,0,1,0,0,1,Mass Affluent,12,Kothrud Branch,Pune,256100,81,57.4,Life Insurance
2152,41,16,19,400076,2,0.3,2,105,0,0,0,0,0,Mass,6,Fort Branch,Mumbai,81100,41,21.1,Credit Card
2153,62,38,30,380012,3,0.1,3,128,0,0,0,1,0,Mass,14,Maninagar Branch,Ahmedabad,145300,59,39.7,Life Insurance
2154,40,14,123,380054,1,5.2,1,0,0,0,0,1,0,Affluent,10,Navrangpura Branch,Ahmedabad,548500,80,76.7,Fixed Deposit
2155,32,8,45,600055,1,2.4,2,0,0,0,0,0,0,Mass,5,T Nagar Branch,Chennai,83200,49,27.2,Credit Card
2156,62,38,154,226006,1,2.9,1,0,0,0,0,1,0,Affluent,13,Aliganj Branch,Lucknow,678100,90,84.7,Home Loan
2157,35,11,93,400069,2,2.7,1,0,0,0,0,1,1,Mass Affluent,12,Bandra West Branch,Mumbai,403500,75,69.1,Home Loan
2158,25,0,71,110027,4,0.2,1,78,0,1,0,0,0,Mass Affluent,0,Connaught Place Branch,Delhi,187200,72,42.8,Credit Card
2159,50,25,83,560026,4,3.1,1,0,1,0,0,0,1,Mass Affluent,1,Indiranagar Branch,Bengaluru,235200,52,44.0,Life Insurance
2160,61,35,99,400010,1,4.8,3,255,1,0,0,0,1,Affluent,21,Andheri East Branch,Mumbai,810300,61,74.4,Life Insurance
2161,43,17,55,500062,3,2.2,2,0,0,0,0,0,0,Mass,18,Banjara Hills Branch,Hyderabad,164400,58,48.6,Life Insurance
2162,52,28,38,110025,4,0.9,2,95,0,0,0,1,1,Mass,8,Dwarka Branch,Delhi,201100,57,42.4,Life Insurance
2163,39,13,74,560092,3,0.9,2,155,0,0,0,1,0,Mass Affluent,8,Indiranagar Branch,Bengaluru,258300,67,54.9,Credit Card
2164,33,3,69,560003,4,1.8,3,0,0,0,0,1,0,Mass Affluent,5,Whitefield Branch,Bengaluru,147900,60,40.9,Credit Card
2165,27,3,104,160079,2,2.5,1,184,0,1,0,1,0,Affluent,2,Sector 17 Branch,Chandigarh,414700,77,62.2,Fixed Deposit
2166,27,0,38,110096,4,1.0,3,154,0,0,0,1,0,Mass,1,Connaught Place Branch,Delhi,107800,44,24.4,Credit Card
2167,32,8,25,160046,3,0.9,3,0,0,0,0,1,1,Mass,4,Sector 35 Branch,Chandigarh,72400,46,20.9,Home Loan
2168,65,40,162,560084,1,1.3,1,0,0,0,0,1,0,Affluent,11,Whitefield Branch,Bengaluru,579300,89,81.6,Home Loan
2169,55,29,64,560071,4,2.6,3,0,0,0,0,1,0,Mass Affluent,23,Whitefield Branch,Bengaluru,262300,65,64.3,Credit Card
2170,52,27,30,500040,2,0.7,2,0,0,0,0,1,1,Mass,14,Hitech City Branch,Hyderabad,117400,55,35.2,Life Insurance
2171,39,13,52,560035,3,0.5,3,0,0,1,0,0,1,Mass Affluent,8,Whitefield Branch,Bengaluru,180400,63,43.1,Life Insurance
2172,35,11,42,110064,1,1.5,3,0,0,0,0,1,0,Mass,7,Karol Bagh Branch,Delhi,81200,59,30.0,Credit Card
2173,39,15,79,500078,2,1.8,2,219,0,0,0,0,0,Mass Affluent,4,Secunderabad Branch,Hyderabad,240700,68,51.6,Credit Card
2174,34,10,34,400039,1,1.7,1,164,0,0,0,0,0,Mass,5,Bandra West Branch,Mumbai,119900,46,28.4,Gold Loan
2175,30,5,123,560065,2,3.1,1,0,0,0,0,1,0,Affluent,3,Whitefield Branch,Bengaluru,340300,74,64.7,Fixed Deposit
2176,37,12,160,600081,2,3.3,1,0,0,0,0,0,0,Affluent,10,OMR Branch,Chennai,606500,82,79.8,Home Loan
2177,41,14,51,560097,3,2.33,2,0,0,0,0,1,0,Mass,11,Koramangala Branch,Bengaluru,132800,58,39.8,Credit Card
2178,31,7,108,302059,1,4.0,1,0,0,0,0,1,0,Affluent,2,Vaishali Nagar Branch,Jaipur,303300,70,60.1,Fixed Deposit
2179,37,13,158,110087,2,2.3,2,0,1,0,1,1,1,HNI,11,Dwarka Branch,Delhi,817500,83,75.0,Home Loan
2180,49,23,68,440060,1,1.5,2,0,0,0,0,0,0,Mass Affluent,7,Wardha Road Branch,Nagpur,149500,66,43.7,Credit Card
2181,58,33,42,380007,2,1.6,3,0,0,0,0,1,0,Mass,13,Navrangpura Branch,Ahmedabad,113700,61,38.3,Life Insurance
2182,45,15,32,440089,1,0.75,3,105,0,0,0,1,0,Mass,17,Dharampeth Branch,Nagpur,174500,52,43.7,Credit Card
2183,40,14,22,302088,2,1.4,3,0,0,0,0,0,0,Mass,17,Malviya Nagar Branch,Jaipur,45300,46,26.0,Credit Card
2184,34,8,29,400043,2,2.0,3,0,0,0,0,1,1,Mass,7,Bandra West Branch,Mumbai,94000,40,24.2,Auto Loan
2185,62,36,183,500027,2,3.4,3,0,1,0,0,0,0,HNI,24,Secunderabad Branch,Hyderabad,1075400,76,89.1,Home Loan
2186,54,30,69,110086,1,1.6,3,0,0,0,0,1,1,Mass Affluent,22,Connaught Place Branch,Delhi,332300,68,68.1,Life Insurance
2187,26,2,92,302061,2,0.2,1,0,0,0,0,1,0,Mass Affluent,3,Vaishali Nagar Branch,Jaipur,177200,73,49.5,Credit Card
2188,54,30,40,600092,2,1.0,3,0,0,0,0,0,0,Mass,16,OMR Branch,Chennai,95700,62,37.5,Life Insurance
2189,29,4,9,110086,4,0.5,3,86,0,0,0,1,1,Mass,6,Dwarka Branch,Delhi,97500,23,18.1,Gold Loan
2190,48,23,128,452071,1,0.6,1,0,0,0,0,1,1,Affluent,26,MG Road Branch,Indore,652800,83,86.1,Fixed Deposit
2191,27,3,110,400087,2,0.2,1,294,0,1,0,0,1,Affluent,3,Bandra West Branch,Mumbai,367600,84,60.6,Fixed Deposit
2192,42,18,171,600090,2,8.0,1,0,0,0,0,1,0,HNI,5,Anna Nagar Branch,Chennai,843000,79,79.4,Home Loan
2193,25,1,13,700096,4,1.0,1,95,0,0,0,0,1,Mass,1,Park Street Branch,Kolkata,77000,25,13.2,Gold Loan
2194,45,19,25,400019,2,0.1,3,102,0,0,0,1,0,Mass,13,Bandra West Branch,Mumbai,118300,47,32.3,Credit Card
2195,34,9,123,600018,1,1.6,2,0,1,0,0,1,0,Affluent,9,T Nagar Branch,Chennai,401000,68,66.7,Fixed Deposit
2196,51,27,33,302024,4,0.2,1,83,0,0,0,1,0,Mass,4,C Scheme Branch,Jaipur,106500,54,28.0,Life Insurance
2197,51,24,189,400079,4,4.75,2,0,1,0,0,1,0,HNI,19,Bandra West Branch,Mumbai,1178500,74,86.0,Home Loan
2198,60,35,34,500074,1,0.3,3,0,0,0,0,1,0,Mass,11,Secunderabad Branch,Hyderabad,70100,65,31.1,Life Insurance
2199,59,35,58,110024,1,0.0,2,0,0,0,0,1,0,Mass,24,Dwarka Branch,Delhi,182300,73,58.5,Life Insurance
2200,49,24,51,411085,1,1.3,2,98,0,0,0,0,1,Mass,19,Kothrud Branch,Pune,315400,61,60.6,Life Insurance
2201,50,25,29,400035,2,1.3,1,0,0,0,0,0,0,Mass,11,Bandra West Branch,Mumbai,48600,48,24.0,Gold Loan
2202,41,16,111,452056,2,0.4,1,0,0,0,0,0,0,Mass Affluent,6,Vijay Nagar Branch,Indore,248900,83,61.8,Fixed Deposit
2203,49,24,43,160052,4,1.9,3,0,0,0,0,1,0,Mass,11,Sector 35 Branch,Chandigarh,100600,51,33.2,Credit Card
2204,50,25,130,110058,1,0.6,1,311,0,0,0,0,0,Affluent,13,Connaught Place Branch,Delhi,476600,83,75.3,Fixed Deposit
2205,63,37,20,560028,2,0.4,1,76,0,0,0,0,0,Mass,22,Koramangala Branch,Bengaluru,137400,57,41.8,Life Insurance
2206,63,37,101,600057,2,2.8,1,0,0,0,0,0,0,Mass Affluent,13,T Nagar Branch,Chennai,376500,84,73.6,Fixed Deposit
2207,33,7,48,700061,4,2.2,2,207,0,0,0,0,0,Mass,2,Park Street Branch,Kolkata,147900,48,32.4,Gold Loan
2208,38,12,180,560077,1,2.8,3,158,1,0,0,1,0,HNI,10,Koramangala Branch,Bengaluru,846100,73,75.4,Fixed Deposit
2209,64,40,92,110055,2,0.0,3,185,0,1,0,1,0,Mass Affluent,18,Karol Bagh Branch,Delhi,495400,90,76.7,Credit Card
2210,36,10,33,400062,3,0.9,1,0,0,0,0,0,0,Mass,11,Andheri East Branch,Mumbai,62100,48,25.9,Life Insurance
2211,58,33,51,395037,2,1.9,2,0,0,0,0,0,0,Mass,14,Adajan Branch,Surat,135900,63,43.3,Life Insurance
2212,39,14,31,500046,2,1.4,2,94,0,0,0,1,1,Mass,12,Secunderabad Branch,Hyderabad,207600,48,42.6,Life Insurance
2213,46,22,83,226061,1,2.7,1,0,0,0,0,1,0,Mass Affluent,12,Aliganj Branch,Lucknow,288300,74,64.3,Credit Card
2214,61,37,45,500009,1,0.8,1,0,0,0,0,0,0,Mass,9,Hitech City Branch,Hyderabad,88700,71,35.9,Life Insurance
2215,53,27,89,452027,1,0.8,3,146,0,0,0,1,1,Mass Affluent,5,MG Road Branch,Indore,341600,81,61.5,Life Insurance
2216,28,3,193,400084,3,4.0,2,0,1,0,0,1,0,HNI,2,Andheri East Branch,Mumbai,648700,70,70.7,Home Loan
2217,64,40,89,400095,1,3.8,1,0,0,0,0,0,0,Mass Affluent,4,Fort Branch,Mumbai,254000,78,58.5,Credit Card
2218,48,24,162,452079,4,3.3,2,446,1,0,1,1,0,HNI,13,MG Road Branch,Indore,966000,73,75.0,Credit Card
2219,38,13,9,641041,2,0.3,2,0,0,0,0,0,0,Mass,8,Peelamedu Branch,Coimbatore,15600,52,18.3,Gold Loan
2220,52,22,58,560068,4,2.0,3,223,0,0,0,1,0,Mass Affluent,10,Whitefield Branch,Bengaluru,230800,55,49.1,Life Insurance
2221,65,40,80,560054,1,0.8,3,0,0,0,0,1,0,Mass Affluent,25,Koramangala Branch,Bengaluru,321200,82,75.7,Credit Card
2222,59,33,73,500019,2,1.7,3,0,0,0,0,1,1,Mass Affluent,6,Secunderabad Branch,Hyderabad,243400,72,53.5,Life Insurance
2223,45,20,41,560093,1,0.3,1,0,0,0,0,1,0,Mass,10,Koramangala Branch,Bengaluru,79100,62,32.0,Credit Card
2224,53,28,74,110021,3,2.0,2,0,0,1,0,0,0,Mass Affluent,17,Dwarka Branch,Delhi,328300,78,68.0,Credit Card
2225,38,12,29,160005,2,1.4,3,0,0,0,0,1,0,Mass,3,IT Park Branch,Chandigarh,33200,44,16.8,Credit Card
2226,54,24,25,110056,4,0.4,3,115,0,0,0,0,0,Mass,25,Karol Bagh Branch,Delhi,143800,39,40.6,Life Insurance
2227,25,1,98,700063,1,5.4,1,0,0,0,0,1,0,Affluent,4,Salt Lake Branch,Kolkata,329800,70,62.5,Credit Card
2228,61,35,59,400013,4,1.7,2,0,0,0,0,1,1,Mass,18,Bandra West Branch,Mumbai,272100,67,60.4,Life Insurance
2229,48,23,43,400025,4,1.9,3,0,0,0,0,1,0,Mass,4,Fort Branch,Mumbai,73900,51,25.5,Life Insurance
2230,46,22,72,411014,4,1.4,2,149,0,0,0,1,1,Mass Affluent,18,Kothrud Branch,Pune,430600,67,68.0,Life Insurance
2231,36,11,183,560075,1,3.0,3,0,1,0,1,1,1,HNI,6,Whitefield Branch,Bengaluru,847200,83,72.6,Home Loan
2232,46,20,134,411091,1,5.7,1,146,0,1,0,1,0,HNI,13,Kothrud Branch,Pune,988800,82,79.7,Fixed Deposit
2233,59,33,140,400062,2,0.5,1,262,0,0,0,1,0,Affluent,29,Fort Branch,Mumbai,822700,87,89.6,Fixed Deposit
2234,59,35,39,641098,1,1.8,3,0,0,0,0,1,0,Mass,14,Gandhipuram Branch,Coimbatore,103700,62,37.2,Life Insurance
2235,36,12,35,700007,4,0.4,2,0,0,0,0,1,0,Mass,12,Howrah Branch,Kolkata,62600,49,27.2,Credit Card
2236,63,37,141,160008,2,6.9,1,0,0,0,0,1,1,Affluent,6,Sector 17 Branch,Chandigarh,748000,83,76.4,Fixed Deposit
2237,51,24,23,400031,1,0.5,2,0,0,0,0,1,0,Mass,19,Fort Branch,Mumbai,54900,57,30.9,Life Insurance
2238,30,5,134,560030,1,0.0,1,0,0,0,0,1,1,Affluent,1,Indiranagar Branch,Bengaluru,312200,87,63.1,Fixed Deposit
2239,48,22,35,560096,1,1.4,3,0,0,0,0,1,0,Mass,11,Whitefield Branch,Bengaluru,79800,58,30.7,Credit Card
2240,55,29,42,600092,4,2.5,1,0,0,1,0,0,0,Mass Affluent,20,Anna Nagar Branch,Chennai,205400,59,52.0,Life Insurance
2241,41,17,81,110021,4,0.2,3,167,0,1,0,0,0,Mass Affluent,14,Dwarka Branch,Delhi,357700,78,66.2,Credit Card
2242,26,0,14,400090,4,0.4,1,94,0,0,0,1,0,Mass,1,Bandra West Branch,Mumbai,67600,39,15.7,Gold Loan
2243,41,17,45,560024,1,1.8,1,172,0,1,0,1,0,Mass Affluent,10,Whitefield Branch,Bengaluru,274400,62,52.2,Credit Card
2244,54,28,79,110027,3,1.7,2,150,0,0,0,1,1,Mass Affluent,21,Connaught Place Branch,Delhi,529900,72,73.8,Life Insurance
2245,57,31,53,560035,1,0.8,2,120,0,0,0,0,0,Mass,20,Whitefield Branch,Bengaluru,254700,66,59.4,Life Insurance
2246,54,28,33,110043,2,0.7,2,0,0,0,0,0,1,Mass,19,Dwarka Branch,Delhi,135300,62,42.5,Life Insurance
2247,35,11,190,110050,3,3.1,2,266,1,0,0,0,0,HNI,10,Dwarka Branch,Delhi,868300,75,76.2,Fixed Deposit
2248,60,34,60,411061,1,2.5,3,103,0,0,0,0,0,Mass Affluent,23,Viman Nagar Branch,Pune,354700,65,68.0,Life Insurance
2249,63,37,8,560082,1,0.8,2,97,0,0,0,1,0,Mass,13,Koramangala Branch,Bengaluru,85600,37,24.1,Life Insurance
2250,41,14,38,560069,3,1.0,2,150,0,0,0,1,0,Mass,7,Whitefield Branch,Bengaluru,146500,48,33.7,Credit Card
2251,46,22,154,500073,1,5.0,1,0,0,0,0,1,0,Affluent,9,Banjara Hills Branch,Hyderabad,670800,77,78.9,Home Loan
2252,31,5,54,380020,4,2.2,2,0,0,0,0,0,0,Mass,3,Maninagar Branch,Ahmedabad,88000,55,29.2,Home Loan
2253,58,32,41,560027,3,1.4,1,0,0,0,0,1,0,Mass,13,Indiranagar Branch,Bengaluru,103000,59,36.3,Life Insurance
2254,59,35,25,600071,2,0.3,1,75,0,0,0,1,0,Mass,10,Anna Nagar Branch,Chennai,116000,53,31.7,Life Insurance
2255,46,22,53,440041,2,1.7,1,109,0,0,0,0,0,Mass,17,Wardha Road Branch,Nagpur,246000,55,54.1,Life Insurance
2256,33,9,79,500058,1,0.1,1,0,0,0,0,1,0,Mass Affluent,10,Hitech City Branch,Hyderabad,182500,74,52.9,Credit Card
2257,56,31,13,682087,4,0.9,2,76,0,0,1,1,1,Mass,17,MG Road Kochi Branch,Kochi,229500,43,45.1,Life Insurance
2258,47,23,130,380069,2,1.4,1,0,0,0,0,0,0,Affluent,17,Maninagar Branch,Ahmedabad,482700,85,80.9,Fixed Deposit
2259,59,33,93,400077,2,0.7,2,0,0,0,0,0,0,Mass Affluent,2,Bandra West Branch,Mumbai,169500,79,49.5,Credit Card
2260,24,0,82,560034,3,0.8,1,0,0,0,0,1,0,Mass Affluent,2,Koramangala Branch,Bengaluru,155900,70,44.2,Credit Card
2261,39,14,15,411044,2,0.3,2,92,0,0,0,0,0,Mass,5,Viman Nagar Branch,Pune,71800,43,19.6,Life Insurance
2262,30,3,150,395069,4,5.0,2,0,1,0,0,1,0,Affluent,4,Adajan Branch,Surat,570000,68,68.9,Fixed Deposit
2263,55,29,131,500029,2,0.7,2,0,1,0,0,0,1,Affluent,19,Secunderabad Branch,Hyderabad,547700,72,75.3,Fixed Deposit
2264,47,21,28,400059,3,1.5,1,0,0,0,0,1,0,Mass,17,Bandra West Branch,Mumbai,66900,50,29.6,Credit Card
2265,35,11,9,600060,4,0.7,2,0,0,0,0,1,0,Mass,8,OMR Branch,Chennai,13100,37,14.4,Credit Card
2266,47,23,88,400043,4,1.4,2,0,0,0,0,0,0,Mass Affluent,18,Andheri East Branch,Mumbai,299300,76,69.6,Credit Card
2267,38,13,143,700091,1,4.1,1,0,0,0,0,0,0,Affluent,4,Park Street Branch,Kolkata,476000,81,72.6,Fixed Deposit
2268,38,13,168,500068,2,1.3,3,0,1,0,0,0,0,Affluent,12,Hitech City Branch,Hyderabad,577700,76,76.3,Home Loan
2269,27,3,105,700099,1,3.0,2,0,1,1,0,0,0,Affluent,4,Park Street Branch,Kolkata,361700,67,58.9,Fixed Deposit
2270,42,18,62,226052,3,2.1,3,0,0,0,0,1,0,Mass Affluent,8,Gomti Nagar Branch,Lucknow,154600,61,43.0,Credit Card
2271,26,2,51,411023,4,2.6,1,0,0,0,0,1,0,Mass,2,Kothrud Branch,Pune,94000,51,27.9,Credit Card
2272,60,34,101,600047,3,4.4,1,0,0,0,0,1,1,Affluent,18,OMR Branch,Chennai,625000,82,80.1,Fixed Deposit
2273,27,3,90,700044,3,0.8,1,0,0,0,0,1,0,Mass Affluent,3,Park Street Branch,Kolkata,180500,69,48.7,Credit Card
2274,27,1,83,302040,4,2.1,3,0,0,0,0,1,1,Mass Affluent,1,Malviya Nagar Branch,Jaipur,230500,71,50.3,Auto Loan
2275,40,15,21,226098,2,0.0,3,0,0,0,0,1,0,Mass,13,Gomti Nagar Branch,Lucknow,30700,54,24.0,Credit Card
2276,40,16,115,400008,1,3.4,1,0,0,0,0,1,0,Affluent,5,Andheri East Branch,Mumbai,358900,77,67.1,Fixed Deposit
2277,29,3,172,600038,4,4.4,1,0,1,0,0,0,0,HNI,3,OMR Branch,Chennai,586300,72,70.1,Home Loan
2278,30,6,32,110047,2,1.0,2,0,0,0,0,0,0,Mass,1,Karol Bagh Branch,Delhi,43900,57,20.4,Credit Card
2279,30,4,204,226063,2,4.5,1,0,0,0,0,1,0,HNI,5,Hazratganj Branch,Lucknow,827300,83,81.0,Home Loan
2280,47,23,34,411098,4,0.6,1,0,0,0,1,1,1,Mass,12,Hinjewadi Branch,Pune,186800,66,45.4,Life Insurance
2281,33,7,30,560059,2,2.0,3,132,0,0,0,0,0,Mass,7,Whitefield Branch,Bengaluru,115400,36,26.0,Credit Card
2282,57,32,31,110074,3,1.3,2,0,0,0,0,1,1,Mass,24,Dwarka Branch,Delhi,163500,51,46.0,Life Insurance
2283,38,14,90,560014,2,2.7,1,0,0,0,0,1,1,Mass Affluent,14,Whitefield Branch,Bengaluru,395300,68,68.0,Home Loan
2284,54,28,79,700054,4,2.6,3,0,0,0,0,0,0,Mass Affluent,19,Salt Lake Branch,Kolkata,286300,68,66.1,Credit Card
2285,47,23,22,110066,4,0.6,1,0,0,0,0,1,1,Mass,2,Dwarka Branch,Delhi,62300,50,19.2,Life Insurance
2286,48,22,114,400034,1,2.4,3,0,1,0,0,1,0,Affluent,19,Andheri East Branch,Mumbai,551800,70,76.8,Fixed Deposit
2287,62,36,42,160082,1,0.5,3,128,0,0,0,1,0,Mass,23,Sector 17 Branch,Chandigarh,253400,69,60.6,Life Insurance
2288,30,6,29,380090,1,0.2,3,90,0,0,0,1,0,Mass,3,Satellite Branch,Ahmedabad,99900,58,27.2,Credit Card
2289,35,11,72,110039,3,2.6,2,0,0,0,0,1,0,Mass Affluent,4,Karol Bagh Branch,Delhi,173700,63,44.6,Credit Card
2290,59,35,68,110017,1,1.8,3,95,0,0,0,0,0,Mass Affluent,22,Dwarka Branch,Delhi,368400,69,69.9,Credit Card
2291,38,13,78,440027,4,0.7,3,0,0,0,0,1,0,Mass Affluent,6,Sitabuldi Branch,Nagpur,173600,73,48.9,Credit Card
2292,47,23,90,700067,1,2.7,1,323,0,0,0,0,0,Affluent,15,Howrah Branch,Kolkata,445700,75,72.1,Credit Card
2293,57,33,170,600007,2,2.1,2,0,1,0,0,0,0,Affluent,24,T Nagar Branch,Chennai,883100,79,88.3,Home Loan
2294,42,17,14,560005,2,0.1,2,0,0,0,0,1,0,Mass,12,Koramangala Branch,Bengaluru,17500,54,21.7,Credit Card
2295,39,15,129,110021,2,1.9,1,0,0,0,0,0,0,Affluent,12,Connaught Place Branch,Delhi,423900,82,75.7,Fixed Deposit
2296,53,23,39,400094,3,1.0,3,87,0,0,0,1,0,Mass,22,Bandra West Branch,Mumbai,219700,51,52.2,Life Insurance
2297,27,3,82,700008,2,0.2,1,0,0,0,0,0,1,Mass Affluent,3,Park Street Branch,Kolkata,173600,69,44.9,Auto Loan
2298,59,35,31,400011,3,0.4,2,0,0,0,0,1,1,Mass,20,Andheri East Branch,Mumbai,145800,59,43.4,Life Insurance
2299,48,24,9,400030,4,0.5,2,0,0,0,0,0,1,Mass,16,Andheri East Branch,Mumbai,56300,39,23.2,Life Insurance
2300,62,37,15,700085,3,0.1,3,91,0,0,0,0,0,Mass,1,Howrah Branch,Kolkata,57600,50,17.5,Life Insurance
2301,66,41,70,641077,3,2.2,1,0,0,0,0,0,0,Mass Affluent,14,Peelamedu Branch,Coimbatore,216400,71,57.0,Credit Card
2302,38,13,84,700096,4,0.7,3,0,0,0,0,0,0,Mass Affluent,7,Howrah Branch,Kolkata,172400,68,49.3,Credit Card
2303,42,17,155,500033,1,7.0,1,0,0,0,0,0,1,HNI,5,Secunderabad Branch,Hyderabad,721600,72,73.2,Home Loan
2304,47,21,89,500008,2,0.8,3,0,0,0,0,1,1,Mass Affluent,3,Banjara Hills Branch,Hyderabad,240200,80,55.1,Life Insurance
2305,27,2,170,560074,3,4.7,1,0,1,0,0,1,0,HNI,3,Indiranagar Branch,Bengaluru,613800,66,69.1,Home Loan
2306,32,7,185,560033,2,6.7,1,0,0,0,1,1,1,HNI,4,Indiranagar Branch,Bengaluru,1036800,87,76.7,Home Loan
2307,37,13,82,500093,2,2.2,1,0,0,0,0,0,0,Mass Affluent,8,Hitech City Branch,Hyderabad,213100,69,54.2,Credit Card
2308,56,31,60,560010,3,1.7,1,0,0,0,0,1,0,Mass,18,Koramangala Branch,Bengaluru,194700,64,54.2,Life Insurance
2309,39,13,58,600064,2,2.4,2,0,0,0,0,1,0,Mass,15,OMR Branch,Chennai,173100,57,47.8,Credit Card
2310,36,12,29,160088,1,1.33,1,81,0,0,0,1,0,Mass,5,Sector 35 Branch,Chandigarh,112100,50,27.9,Credit Card
2311,32,6,32,395031,2,0.3,1,0,0,0,0,0,0,Mass,3,Vesu Branch,Surat,42400,54,20.7,Credit Card
2312,62,37,115,400047,4,3.4,2,0,0,0,0,1,1,Affluent,28,Andheri East Branch,Mumbai,832400,83,87.8,Fixed Deposit
2313,48,22,83,560069,2,2.4,2,0,0,0,0,1,0,Mass Affluent,2,Whitefield Branch,Bengaluru,187500,75,49.8,Credit Card
2314,58,32,54,110074,3,0.3,2,0,0,0,0,1,1,Mass,12,Karol Bagh Branch,Delhi,186000,70,49.4,Life Insurance
2315,27,2,112,560088,4,1.8,3,0,0,1,0,1,0,Affluent,1,Indiranagar Branch,Bengaluru,311900,84,61.4,Fixed Deposit
2316,52,26,182,110019,2,1.4,2,0,1,0,0,1,0,HNI,22,Karol Bagh Branch,Delhi,901200,78,87.2,Home Loan
2317,54,30,112,110070,2,6.8,1,0,0,0,0,1,0,Affluent,16,Karol Bagh Branch,Delhi,654800,78,81.3,Fixed Deposit
2318,31,5,129,380064,3,5.9,3,319,1,1,1,0,1,HNI,1,Satellite Branch,Ahmedabad,780200,77,61.6,Auto Loan
2319,60,34,23,500059,1,0.8,2,112,0,0,0,1,0,Mass,15,Secunderabad Branch,Hyderabad,142000,53,37.6,Life Insurance
2320,34,9,198,682037,2,3.0,1,422,0,0,0,1,0,HNI,5,Edappally Branch,Kochi,782200,79,76.5,Fixed Deposit
2321,46,22,84,400009,4,2.0,3,0,0,0,0,1,0,Mass Affluent,17,Fort Branch,Mumbai,310200,73,68.8,Credit Card
2322,41,15,39,400013,3,0.5,3,0,0,0,0,0,0,Mass,16,Bandra West Branch,Mumbai,77900,51,32.3,Life Insurance
2323,62,37,129,560033,1,1.3,1,0,0,0,0,1,0,Affluent,18,Whitefield Branch,Bengaluru,543700,91,84.4,Fixed Deposit
2324,31,7,113,400010,2,2.0,2,315,0,0,0,0,0,Affluent,3,Bandra West Branch,Mumbai,331300,71,60.6,Fixed Deposit
2325,41,11,35,110098,1,0.75,3,114,0,0,0,1,0,Mass,17,Dwarka Branch,Delhi,174900,51,43.9,Credit Card
2326,55,30,85,395029,1,0.1,3,0,0,0,0,0,0,Mass Affluent,20,Ring Road Branch,Surat,243500,77,66.6,Credit Card
2327,45,19,73,110085,4,2.9,1,0,0,0,0,0,0,Mass Affluent,11,Dwarka Branch,Delhi,216400,64,53.9,Credit Card
2328,51,25,70,110098,1,0.8,3,0,0,1,0,1,0,Mass Affluent,18,Connaught Place Branch,Delhi,306100,80,67.2,Credit Card
2329,27,2,130,600026,3,4.4,1,192,1,0,0,1,0,Affluent,3,T Nagar Branch,Chennai,535700,66,63.9,Fixed Deposit
2330,30,4,39,500086,1,1.5,1,0,0,0,0,1,0,Mass,4,Secunderabad Branch,Hyderabad,71400,56,25.5,Credit Card
2331,31,5,72,600023,4,1.8,2,242,0,0,0,1,1,Mass Affluent,3,T Nagar Branch,Chennai,262800,58,48.1,Auto Loan
2332,61,37,68,560089,4,2.3,3,0,0,0,0,0,0,Mass Affluent,10,Koramangala Branch,Bengaluru,174000,63,47.8,Credit Card
2333,40,16,35,302082,1,1.4,3,0,0,0,0,1,1,Mass,5,C Scheme Branch,Jaipur,102000,48,27.0,Gold Loan
2334,45,21,61,400003,3,0.7,1,0,0,1,1,1,1,Mass Affluent,12,Bandra West Branch,Mumbai,356700,80,62.5,Life Insurance
2335,45,21,69,560011,4,1.9,1,0,0,0,0,0,0,Mass Affluent,12,Koramangala Branch,Bengaluru,190500,62,50.8,Credit Card
2336,37,13,59,411071,1,3.6,2,0,0,0,0,0,0,Mass Affluent,5,Hinjewadi Branch,Pune,145900,59,39.0,Credit Card
2337,34,8,99,226098,2,4.5,3,217,0,0,0,0,0,Affluent,6,Aliganj Branch,Lucknow,417400,67,64.4,Credit Card
2338,43,16,201,560075,1,10.0,2,0,1,0,0,0,1,HNI,19,Indiranagar Branch,Bengaluru,1832300,69,82.6,Home Loan
2339,42,18,130,600032,2,7.5,1,0,0,0,0,0,1,Affluent,10,OMR Branch,Chennai,734500,71,75.2,Fixed Deposit
2340,56,31,72,400023,3,2.0,2,0,0,0,0,0,0,Mass Affluent,19,Andheri East Branch,Mumbai,246200,71,62.9,Credit Card
2341,33,9,44,110040,1,1.2,1,0,0,0,0,0,0,Mass,10,Karol Bagh Branch,Delhi,89900,55,32.4,Credit Card
2342,36,10,91,400030,1,1.5,3,289,0,0,0,1,0,Mass Affluent,12,Fort Branch,Mumbai,382600,71,67.2,Credit Card
2343,62,37,92,700019,3,0.5,1,310,0,0,0,1,0,Mass Affluent,24,Park Street Branch,Kolkata,491800,81,80.2,Credit Card
2344,58,34,55,110031,1,0.8,1,168,0,0,0,1,1,Mass,11,Dwarka Branch,Delhi,283900,66,55.4,Life Insurance
2345,65,40,20,700095,3,0.5,1,102,0,0,0,1,1,Mass,16,Park Street Branch,Kolkata,182800,49,41.8,Life Insurance
2346,65,40,89,400018,1,4.1,1,299,1,0,1,1,0,Affluent,18,Bandra West Branch,Mumbai,709600,63,71.7,Credit Card
2347,52,26,59,226030,2,1.5,2,239,0,0,0,0,1,Mass Affluent,9,Aliganj Branch,Lucknow,249600,55,48.9,Life Insurance
2348,64,39,8,302029,3,0.1,3,87,0,0,0,0,1,Mass,8,Vaishali Nagar Branch,Jaipur,104300,48,26.4,Life Insurance
2349,51,25,85,400063,4,4.9,1,0,0,0,0,1,1,Mass Affluent,5,Andheri East Branch,Mumbai,341400,71,60.9,Life Insurance
2350,59,35,94,400027,1,4.3,1,76,0,1,1,1,0,Affluent,20,Andheri East Branch,Mumbai,970700,91,82.6,Credit Card
2351,52,28,22,400013,2,0.4,1,0,0,0,0,1,1,Mass,13,Fort Branch,Mumbai,101900,61,33.5,Life Insurance
2352,55,31,74,226018,2,3.2,3,0,0,0,0,1,1,Mass Affluent,23,Aliganj Branch,Lucknow,429000,65,72.3,Life Insurance
2353,46,19,59,110002,3,2.67,2,0,0,0,0,0,0,Mass Affluent,13,Karol Bagh Branch,Delhi,158200,58,45.1,Life Insurance
2354,61,36,12,600091,4,0.6,2,0,0,0,0,1,1,Mass,6,OMR Branch,Chennai,57200,44,18.7,Life Insurance
2355,35,9,8,560017,1,0.4,2,0,0,0,0,1,0,Mass,13,Koramangala Branch,Bengaluru,12000,45,19.2,Credit Card
2356,56,31,74,380002,3,1.6,3,0,0,0,0,1,1,Mass Affluent,25,Maninagar Branch,Ahmedabad,392500,70,73.4,Life Insurance
2357,31,5,184,500077,4,3.4,2,0,1,0,1,1,1,HNI,8,Secunderabad Branch,Hyderabad,901600,76,72.5,Home Loan
2358,44,19,34,500097,4,0.0,2,0,0,0,0,0,0,Mass,20,Banjara Hills Branch,Hyderabad,71300,58,34.9,Home Loan
2359,53,27,63,395043,2,0.8,3,0,0,1,0,1,0,Mass Affluent,6,Vesu Branch,Surat,189200,79,49.3,Credit Card
2360,36,12,123,400019,2,5.6,2,0,1,0,1,1,1,Affluent,11,Bandra West Branch,Mumbai,811900,70,71.2,Mutual Funds
2361,27,1,85,302085,2,1.6,3,0,0,0,0,0,0,Mass Affluent,5,Malviya Nagar Branch,Jaipur,189200,72,51.3,Credit Card
2362,36,12,109,400049,3,0.5,3,0,1,1,1,1,0,Affluent,7,Andheri East Branch,Mumbai,431200,83,65.1,Credit Card
2363,40,15,31,500055,1,0.6,3,0,0,0,0,1,0,Mass,12,Secunderabad Branch,Hyderabad,55100,56,27.6,Credit Card
2364,39,13,61,160061,2,2.4,2,90,0,0,0,1,0,Mass Affluent,5,Sector 17 Branch,Chandigarh,221100,59,46.7,Credit Card
2365,59,35,88,411053,2,1.6,1,0,0,0,0,0,1,Mass Affluent,20,Viman Nagar Branch,Pune,396900,77,73.7,Life Insurance
2366,43,18,22,411002,2,0.3,2,0,0,0,0,0,0,Mass,20,Kothrud Branch,Pune,48300,50,29.0,Credit Card
2367,30,4,63,110069,4,2.2,2,0,0,1,0,1,0,Mass Affluent,3,Dwarka Branch,Delhi,182700,65,43.3,Credit Card
2368,26,1,80,560022,4,0.2,1,0,0,0,0,1,1,Mass Affluent,1,Indiranagar Branch,Bengaluru,174200,69,43.5,Mutual Funds
2369,48,22,78,560069,3,2.1,1,0,0,0,0,1,1,Mass Affluent,7,Koramangala Branch,Bengaluru,253700,64,53.4,Home Loan
2370,50,24,45,500022,4,0.1,1,93,0,0,0,1,0,Mass,16,Secunderabad Branch,Hyderabad,200400,64,50.9,Credit Card
2371,33,7,51,500084,4,2.1,3,0,0,0,0,0,1,Mass,5,Secunderabad Branch,Hyderabad,139400,54,34.9,Auto Loan
2372,32,6,111,560076,2,1.5,3,0,0,0,0,0,0,Affluent,6,Whitefield Branch,Bengaluru,263100,73,60.5,Fixed Deposit
2373,34,10,45,560019,3,2.8,1,153,0,0,0,1,1,Mass,3,Indiranagar Branch,Bengaluru,211700,51,39.9,Auto Loan
2374,33,9,184,110055,2,4.8,2,0,1,0,0,0,0,HNI,10,Dwarka Branch,Delhi,836800,71,77.8,Home Loan
2375,32,5,41,560072,2,1.0,2,112,0,1,0,1,0,Mass,5,Indiranagar Branch,Bengaluru,185700,56,39.2,Credit Card
2376,55,30,69,400077,4,1.3,3,0,0,1,1,1,1,Mass Affluent,18,Andheri East Branch,Mumbai,512400,90,73.9,Life Insurance
2377,58,33,23,226012,3,0.2,1,0,0,0,0,0,0,Mass,3,Gomti Nagar Branch,Lucknow,29400,60,19.7,Life Insurance
2378,47,23,160,600055,2,6.67,1,0,0,0,0,0,0,HNI,10,T Nagar Branch,Chennai,793100,78,81.3,Home Loan
2379,30,5,61,400062,1,0.8,2,251,0,1,1,1,0,Mass Affluent,6,Fort Branch,Mumbai,322400,76,56.4,Credit Card
2380,42,18,110,411040,2,6.1,1,182,0,0,0,1,0,Affluent,7,Hinjewadi Branch,Pune,572000,68,69.2,Fixed Deposit
2381,40,16,50,226096,2,0.6,3,0,0,0,0,0,0,Mass,7,Aliganj Branch,Lucknow,82300,58,31.1,Home Loan
2382,33,9,49,110096,1,2.4,2,0,0,0,0,1,0,Mass,2,Karol Bagh Branch,Delhi,89300,57,28.6,Credit Card
2383,46,20,185,400051,4,7.5,2,428,1,0,0,0,1,HNI,15,Andheri East Branch,Mumbai,1501900,71,77.5,Fixed Deposit
2384,63,39,52,400084,2,1.1,1,0,0,0,0,1,1,Mass,11,Bandra West Branch,Mumbai,190900,70,49.0,Life Insurance
2385,62,37,53,400038,2,2.8,1,0,0,0,0,1,0,Mass,5,Fort Branch,Mumbai,127100,63,37.0,Life Insurance
2386,43,17,125,380044,4,3.5,2,0,1,0,0,0,0,Affluent,10,Maninagar Branch,Ahmedabad,487200,69,70.1,Fixed Deposit
2387,31,5,72,395031,3,1.6,1,0,0,0,0,1,0,Mass Affluent,7,Ring Road Branch,Surat,170300,61,45.5,Credit Card
2388,28,2,51,400021,4,1.8,3,0,0,0,0,0,1,Mass,3,Andheri East Branch,Mumbai,127300,59,33.4,Auto Loan
2389,64,39,23,700061,3,0.5,1,0,0,1,0,0,0,Mass,13,Salt Lake Branch,Kolkata,93400,61,32.4,Life Insurance
2390,27,1,41,400061,1,1.9,3,0,0,0,0,0,1,Mass,3,Bandra West Branch,Mumbai,110300,50,28.0,Gold Loan
2391,33,9,41,600079,3,2.0,1,108,0,0,0,1,0,Mass,4,OMR Branch,Chennai,144200,45,31.4,Credit Card
2392,39,12,138,700010,1,4.67,2,0,1,0,0,1,0,Affluent,9,Howrah Branch,Kolkata,595700,65,71.3,Fixed Deposit
2393,44,20,138,560003,2,3.3,1,0,0,0,0,0,1,Affluent,16,Koramangala Branch,Bengaluru,685300,81,81.1,Fixed Deposit
2394,53,28,14,400018,4,0.8,1,0,0,0,0,1,1,Mass,19,Bandra West Branch,Mumbai,82800,41,28.8,Life Insurance
2395,42,18,145,600074,2,8.0,1,505,0,0,0,0,0,HNI,8,T Nagar Branch,Chennai,857700,72,76.1,Fixed Deposit
2396,44,17,25,395069,3,1.0,2,0,0,0,0,0,1,Mass,11,Ring Road Branch,Surat,81800,45,26.0,Gold Loan
2397,34,10,43,110055,1,1.7,1,142,0,0,0,0,1,Mass,5,Karol Bagh Branch,Delhi,192400,53,39.4,Auto Loan
2398,47,22,93,110011,1,0.2,2,309,0,0,0,1,0,Mass Affluent,13,Karol Bagh Branch,Delhi,344300,73,66.8,Credit Card
2399,53,29,90,400043,2,0.3,1,217,0,1,0,0,1,Mass Affluent,5,Andheri East Branch,Mumbai,349500,88,61.5,Life Insurance
2400,62,36,41,600073,2,1.0,3,154,0,1,0,1,0,Mass,8,Anna Nagar Branch,Chennai,228000,69,48.5,Life Insurance
2401,61,36,169,600025,2,6.1,3,106,1,0,1,1,1,HNI,11,OMR Branch,Chennai,1366600,82,74.7,Mutual Funds
2402,42,17,63,380057,2,2.2,3,0,0,0,0,1,0,Mass Affluent,17,Navrangpura Branch,Ahmedabad,205200,62,54.7,Credit Card
2403,48,21,23,700006,3,0.67,2,95,0,0,0,0,0,Mass,9,Howrah Branch,Kolkata,106600,46,27.9,Life Insurance
2404,38,13,140,160093,4,0.5,1,0,1,0,0,0,0,Affluent,13,Sector 35 Branch,Chandigarh,420800,69,70.8,Fixed Deposit
2405,41,15,75,380076,1,1.5,3,0,0,0,0,1,0,Mass Affluent,12,Navrangpura Branch,Ahmedabad,212300,71,56.1,Credit Card
2406,57,32,13,110090,4,0.9,2,78,0,1,0,1,0,Mass,7,Dwarka Branch,Delhi,121200,41,26.2,Life Insurance
2407,31,7,10,600009,1,0.5,3,81,0,0,0,1,0,Mass,5,Anna Nagar Branch,Chennai,72500,45,19.8,Credit Card
2408,39,15,100,110067,1,0.8,2,0,0,0,0,1,0,Mass Affluent,11,Dwarka Branch,Delhi,281300,75,64.9,Credit Card
2409,48,22,85,560038,3,1.1,1,203,0,0,0,1,0,Mass Affluent,15,Koramangala Branch,Bengaluru,361600,65,66.3,Credit Card
2410,55,31,73,452079,3,2.67,1,219,0,0,0,1,0,Mass Affluent,11,Palasia Branch,Indore,339400,64,61.2,Credit Card
2411,29,4,130,411035,2,6.7,1,0,0,0,0,0,1,Affluent,3,Viman Nagar Branch,Pune,527800,66,66.3,Fixed Deposit
2412,47,22,65,440034,3,2.7,2,0,0,0,0,1,0,Mass Affluent,11,Sitabuldi Branch,Nagpur,188500,62,49.8,Credit Card
2413,61,36,59,560005,4,1.7,1,148,0,0,0,0,0,Mass Affluent,3,Indiranagar Branch,Bengaluru,177300,59,40.5,Life Insurance
2414,60,34,31,600028,2,1.0,3,0,0,0,0,0,0,Mass,6,T Nagar Branch,Chennai,50300,54,23.0,Life Insurance
2415,34,10,134,500096,1,4.0,1,0,0,0,0,0,0,Affluent,10,Banjara Hills Branch,Hyderabad,496800,74,74.5,Fixed Deposit
2416,45,21,11,400039,4,0.2,1,106,0,0,0,1,1,Mass,9,Andheri East Branch,Mumbai,115800,43,27.2,Life Insurance
2417,60,35,32,110039,1,0.3,3,80,0,0,0,1,0,Mass,18,Karol Bagh Branch,Delhi,177000,61,46.8,Life Insurance
2418,25,0,53,500085,2,1.6,3,0,0,0,0,1,1,Mass,2,Secunderabad Branch,Hyderabad,134900,61,34.5,Auto Loan
2419,41,17,28,400093,1,0.7,1,0,0,0,0,0,1,Mass,2,Fort Branch,Mumbai,67400,55,21.5,Personal Loan
2420,63,37,44,452012,2,1.0,3,0,0,0,0,1,0,Mass,11,MG Road Branch,Indore,101400,68,37.8,Life Insurance
2421,63,39,40,400018,1,0.8,1,118,0,0,0,0,1,Mass,20,Andheri East Branch,Mumbai,270200,61,57.0,Life Insurance
2422,43,19,40,110084,3,0.6,2,0,0,0,0,1,0,Mass,2,Dwarka Branch,Delhi,67400,63,25.9,Life Insurance
2423,58,32,163,380057,2,0.5,1,400,0,0,0,0,0,Affluent,7,Satellite Branch,Ahmedabad,506600,89,75.0,Fixed Deposit
2424,50,25,82,400081,1,1.3,3,0,0,0,0,1,0,Mass Affluent,19,Fort Branch,Mumbai,288500,74,68.4,Credit Card
2425,38,12,89,160067,4,1.4,2,0,0,0,0,0,0,Mass Affluent,5,IT Park Branch,Chandigarh,190600,75,52.4,Credit Card
2426,54,30,78,700064,4,1.6,2,0,0,0,0,1,1,Mass Affluent,18,Park Street Branch,Kolkata,354600,72,68.3,Life Insurance
2427,61,36,55,400023,3,0.9,3,197,0,0,0,0,0,Mass,7,Fort Branch,Mumbai,178300,63,43.8,Life Insurance
2428,29,5,34,411063,4,0.4,2,0,0,0,0,1,0,Mass,1,Viman Nagar Branch,Pune,41700,51,18.9,Credit Card
2429,39,12,108,411032,4,3.67,2,301,1,0,0,0,1,Affluent,14,Kothrud Branch,Pune,652700,61,68.5,Fixed Deposit
2430,33,7,58,380014,4,2.2,2,0,0,0,0,1,1,Mass,9,Navrangpura Branch,Ahmedabad,187000,50,43.0,Auto Loan
2431,23,-1,73,302008,4,2.6,1,0,0,0,0,1,0,Mass Affluent,1,Vaishali Nagar Branch,Jaipur,145000,59,38.4,Credit Card
2432,56,31,54,700065,4,2.1,1,0,0,0,0,1,0,Mass,12,Park Street Branch,Kolkata,148200,63,44.1,Life Insurance
2433,54,30,45,600049,4,0.9,2,0,0,0,0,0,1,Mass,15,T Nagar Branch,Chennai,160300,62,45.0,Life Insurance
2434,37,11,123,560029,1,2.3,2,0,1,1,1,1,0,Affluent,7,Whitefield Branch,Bengaluru,572800,80,67.9,Credit Card
2435,38,12,93,411061,1,5.2,1,267,0,0,0,1,0,Affluent,13,Viman Nagar Branch,Pune,517300,58,68.5,Credit Card
2436,34,9,102,641030,4,2.2,2,0,0,0,0,1,0,Mass Affluent,4,Peelamedu Branch,Coimbatore,277200,79,61.4,Fixed Deposit
2437,53,29,39,600046,3,1.5,1,0,0,0,0,1,0,Mass,21,Anna Nagar Branch,Chennai,115200,55,41.0,Life Insurance
2438,65,40,114,411060,4,3.4,2,0,0,0,0,0,1,Affluent,13,Kothrud Branch,Pune,547400,86,77.1,Fixed Deposit
2439,62,37,29,560046,1,0.3,3,0,0,0,0,0,1,Mass,10,Whitefield Branch,Bengaluru,96700,65,32.6,Life Insurance
2440,51,25,30,700019,3,0.6,2,144,0,0,0,0,1,Mass,21,Park Street Branch,Kolkata,214800,46,48.2,Life Insurance
2441,31,5,22,395040,1,0.6,3,0,0,0,0,0,0,Mass,5,Vesu Branch,Surat,26100,42,16.0,Gold Loan
2442,64,38,38,110030,2,0.3,1,186,0,0,0,1,1,Mass,11,Dwarka Branch,Delhi,205800,57,44.7,Life Insurance
2443,39,15,41,110063,2,1.7,1,0,0,0,0,0,0,Mass,12,Dwarka Branch,Delhi,92100,55,33.2,Credit Card
2444,28,3,161,600075,4,1.7,3,422,1,0,1,1,1,HNI,4,T Nagar Branch,Chennai,673200,76,64.7,Mutual Funds
2445,60,35,38,500079,3,0.5,2,0,0,0,0,1,1,Mass,20,Secunderabad Branch,Hyderabad,165000,58,46.3,Life Insurance
2446,47,23,25,600036,1,0.9,3,0,0,0,0,1,0,Mass,16,Anna Nagar Branch,Chennai,51600,54,28.4,Credit Card
2447,25,1,70,400093,4,2.6,1,218,0,0,0,1,0,Mass Affluent,3,Fort Branch,Mumbai,234100,56,46.7,Credit Card
2448,44,19,201,560086,2,8.8,1,0,0,0,0,1,1,HNI,11,Indiranagar Branch,Bengaluru,1479300,85,84.6,Home Loan
2449,51,26,42,600090,2,0.6,3,0,0,0,0,1,1,Mass,29,Anna Nagar Branch,Chennai,224500,62,57.7,Life Insurance
2450,31,7,64,600031,1,1.2,1,0,0,0,0,1,0,Mass,3,OMR Branch,Chennai,123100,67,37.8,Credit Card
2451,32,7,28,411095,4,1.1,3,0,0,0,0,0,0,Mass,6,Viman Nagar Branch,Pune,44600,44,19.5,Gold Loan
2452,51,25,119,700009,1,4.9,1,208,0,0,0,1,1,Affluent,20,Park Street Branch,Kolkata,986400,78,82.4,Fixed Deposit
2453,25,1,28,411054,1,1.0,3,0,0,0,0,1,0,Mass,3,Hinjewadi Branch,Pune,39200,46,17.6,Credit Card
2454,43,19,60,380007,3,2.1,3,0,0,0,0,1,0,Mass,9,Satellite Branch,Ahmedabad,149200,53,40.6,Credit Card
2455,54,29,23,411007,1,1.5,2,0,0,0,0,0,0,Mass,16,Viman Nagar Branch,Pune,46600,49,26.4,Life Insurance
2456,34,8,164,600079,4,7.4,3,0,1,0,0,1,0,HNI,12,T Nagar Branch,Chennai,965600,65,78.1,Home Loan
2457,54,30,39,600046,2,0.8,1,0,0,0,0,0,1,Mass,11,T Nagar Branch,Chennai,121300,57,35.5,Life Insurance
2458,42,17,19,400017,2,0.0,3,85,0,0,0,1,1,Mass,15,Andheri East Branch,Mumbai,161000,44,37.0,Life Insurance
2459,46,20,72,110006,2,0.8,3,0,0,0,0,1,1,Mass Affluent,14,Connaught Place Branch,Delhi,261700,70,59.3,Home Loan
2460,62,37,41,500085,3,0.9,3,0,0,0,0,1,1,Mass,23,Hitech City Branch,Hyderabad,200600,62,53.9,Life Insurance
2461,31,5,32,226090,2,0.3,2,130,0,0,0,1,0,Mass,6,Gomti Nagar Branch,Lucknow,113600,50,29.0,Credit Card
2462,30,5,69,411089,1,0.8,2,0,0,0,0,1,0,Mass Affluent,6,Kothrud Branch,Pune,143100,61,41.0,Credit Card
2463,52,28,23,400067,3,0.4,1,0,0,0,0,1,0,Mass,18,Fort Branch,Mumbai,44100,48,27.1,Life Insurance
2464,35,9,44,600038,4,0.2,1,0,0,0,0,1,0,Mass,13,T Nagar Branch,Chennai,107900,62,38.3,Credit Card
2465,60,36,32,110096,3,0.4,2,165,0,0,0,1,0,Mass,8,Connaught Place Branch,Delhi,120900,53,31.8,Life Insurance
2466,58,34,25,700078,2,0.3,1,123,0,0,0,1,0,Mass,26,Salt Lake Branch,Kolkata,178500,53,48.5,Life Insurance
2467,24,-2,80,302037,2,1.6,3,0,0,0,0,1,0,Mass Affluent,2,C Scheme Branch,Jaipur,160100,63,42.6,Credit Card
2468,40,16,83,600081,1,0.8,2,230,0,1,0,1,0,Mass Affluent,4,OMR Branch,Chennai,315900,80,58.9,Credit Card
2469,49,23,133,600077,1,7.3,1,0,0,0,0,1,1,Affluent,20,OMR Branch,Chennai,1036900,75,84.9,Fixed Deposit
2470,43,18,89,560011,1,0.1,2,307,0,0,0,0,1,Mass Affluent,5,Whitefield Branch,Bengaluru,272700,73,55.0,Fixed Deposit
2471,33,7,81,560072,2,4.5,3,187,0,0,1,1,1,Affluent,6,Indiranagar Branch,Bengaluru,501200,64,60.4,Auto Loan
2472,36,11,44,226069,2,1.1,2,85,0,0,0,1,0,Mass,8,Hazratganj Branch,Lucknow,172200,53,40.0,Credit Card
2473,62,36,119,700033,2,2.0,1,0,0,0,0,0,0,Affluent,8,Howrah Branch,Kolkata,365100,90,72.6,Fixed Deposit
2474,57,32,39,500011,4,0.9,1,147,0,0,0,0,0,Mass,16,Hitech City Branch,Hyderabad,172000,52,43.6,Life Insurance
2475,64,38,40,560040,2,1.0,3,0,0,0,0,0,0,Mass,7,Koramangala Branch,Bengaluru,71000,65,29.7,Life Insurance
2476,52,26,79,400033,3,0.8,1,183,0,0,0,0,0,Mass Affluent,14,Andheri East Branch,Mumbai,299500,71,62.9,Credit Card
2477,54,28,30,400038,4,0.7,2,0,0,0,0,1,0,Mass,25,Fort Branch,Mumbai,75000,52,36.2,Life Insurance
2478,40,14,179,110034,1,2.6,3,0,1,0,0,1,0,HNI,6,Karol Bagh Branch,Delhi,620000,72,72.7,Home Loan
2479,30,5,178,560067,2,6.7,1,0,0,0,0,0,0,HNI,4,Whitefield Branch,Bengaluru,750100,82,78.7,Home Loan
2480,55,30,82,641015,4,3.8,2,0,0,0,0,1,0,Mass Affluent,23,Gandhipuram Branch,Coimbatore,399700,71,75.5,Credit Card
2481,39,13,50,500011,2,2.4,2,0,0,0,0,0,0,Mass,14,Hitech City Branch,Hyderabad,125700,54,39.6,Credit Card
2482,55,30,64,110001,2,1.9,2,0,0,0,0,0,0,Mass Affluent,4,Karol Bagh Branch,Delhi,131700,67,39.4,Credit Card
2483,28,4,129,400022,1,1.5,1,0,0,0,0,0,1,Affluent,2,Bandra West Branch,Mumbai,337600,82,63.7,Fixed Deposit
2484,44,18,68,560095,4,2.9,1,0,0,1,0,0,0,Mass Affluent,3,Indiranagar Branch,Bengaluru,193900,61,43.8,Credit Card
2485,46,21,30,302010,1,1.4,3,112,0,1,0,0,0,Mass,7,C Scheme Branch,Jaipur,171300,57,37.8,Credit Card
2486,61,36,48,560034,3,1.5,1,0,0,0,0,0,1,Mass,15,Indiranagar Branch,Bengaluru,190100,65,49.6,Life Insurance
2487,61,36,130,380034,1,1.3,1,257,0,0,0,0,0,Affluent,16,Maninagar Branch,Ahmedabad,568000,83,79.2,Fixed Deposit
2488,45,20,40,380053,1,0.5,3,0,0,1,0,1,0,Mass,4,Navrangpura Branch,Ahmedabad,116100,71,34.3,Credit Card
2489,38,14,105,400033,2,1.9,1,0,0,0,0,1,0,Mass Affluent,7,Bandra West Branch,Mumbai,302400,78,64.9,Fixed Deposit
2490,29,3,41,600067,4,0.2,1,0,0,0,0,1,0,Mass,3,T Nagar Branch,Chennai,51200,51,22.2,Credit Card
2491,52,28,168,641057,3,6.5,3,118,1,0,0,1,0,HNI,23,Gandhipuram Branch,Coimbatore,1537400,74,85.7,Fixed Deposit
2492,38,14,80,560096,2,2.7,1,0,0,0,0,1,0,Mass Affluent,4,Indiranagar Branch,Bengaluru,204000,69,50.4,Credit Card
2493,28,3,134,400073,2,3.1,1,0,0,0,0,1,0,Affluent,3,Fort Branch,Mumbai,389500,76,67.7,Fixed Deposit
2494,34,9,49,452023,1,2.5,3,0,0,0,0,0,0,Mass,8,Palasia Branch,Indore,109700,56,34.6,Credit Card
2495,35,9,63,160019,2,1.8,1,0,0,0,0,1,0,Mass Affluent,5,IT Park Branch,Chandigarh,148000,65,41.5,Credit Card
2496,46,22,70,500085,4,1.9,1,212,0,0,0,0,1,Mass Affluent,4,Hitech City Branch,Hyderabad,280700,70,52.9,Life Insurance
2497,63,37,32,600054,3,0.7,2,141,0,0,0,0,0,Mass,7,OMR Branch,Chennai,119600,55,31.6,Life Insurance
2498,33,9,14,110027,3,0.9,3,114,0,0,0,0,0,Mass,4,Dwarka Branch,Delhi,64200,34,15.9,Gold Loan
2499,38,14,111,302044,2,6.1,1,326,0,0,0,0,0,Affluent,12,C Scheme Branch,Jaipur,638500,68,73.5,Fixed Deposit
2500,53,27,38,500078,4,2.8,2,144,0,1,0,1,0,Mass Affluent,11,Secunderabad Branch,Hyderabad,263700,56,49.6,Life Insurance
2501,28,2,121,400071,2,2.0,1,341,0,0,0,1,0,Affluent,0,Andheri East Branch,Mumbai,327600,68,58.2,Fixed Deposit
2502,44,18,90,411076,4,2.6,3,0,0,0,0,1,0,Mass Affluent,12,Kothrud Branch,Pune,298000,67,64.0,Credit Card
2503,58,31,178,641011,2,6.0,2,0,1,0,0,1,0,HNI,14,Gandhipuram Branch,Coimbatore,1081200,75,82.7,Home Loan
2504,38,14,20,302023,4,0.4,2,79,0,0,0,1,1,Mass,16,Malviya Nagar Branch,Jaipur,175800,43,39.4,Life Insurance
2505,48,24,61,110045,2,1.7,1,229,0,0,0,0,1,Mass Affluent,15,Karol Bagh Branch,Delhi,311200,54,57.0,Life Insurance
2506,33,7,43,400092,4,0.8,1,0,0,0,0,0,0,Mass,9,Andheri East Branch,Mumbai,79800,55,30.2,Credit Card
2507,66,42,39,452044,1,1.9,2,0,0,0,0,1,1,Mass,15,Vijay Nagar Branch,Indore,179300,60,45.9,Life Insurance
2508,59,34,60,452052,4,2.1,1,234,0,0,0,1,1,Mass Affluent,10,Vijay Nagar Branch,Indore,312700,62,56.0,Life Insurance
2509,40,15,63,500009,3,3.0,1,0,0,1,0,1,0,Mass Affluent,8,Hitech City Branch,Hyderabad,249800,69,53.7,Credit Card
2510,36,11,8,411013,4,0.2,3,81,0,0,0,0,1,Mass,5,Hinjewadi Branch,Pune,92400,30,18.5,Life Insurance
2511,62,38,52,500054,4,1.3,2,0,0,0,0,1,1,Mass,5,Banjara Hills Branch,Hyderabad,149500,61,38.1,Life Insurance
2512,51,27,92,560039,4,3.0,1,0,1,0,1,1,1,Affluent,18,Koramangala Branch,Bengaluru,619100,69,71.9,Life Insurance
2513,58,32,111,400017,2,1.4,1,298,0,0,0,1,0,Affluent,5,Bandra West Branch,Mumbai,379500,82,66.5,Fixed Deposit
2514,52,26,71,400031,1,1.4,3,0,0,0,0,0,0,Mass Affluent,25,Fort Branch,Mumbai,253500,73,67.5,Credit Card
2515,41,16,25,110070,2,0.1,2,91,0,1,0,0,0,Mass,4,Karol Bagh Branch,Delhi,121100,57,29.3,Life Insurance
2516,31,5,34,302070,1,1.9,3,156,0,0,0,1,0,Mass,6,Vaishali Nagar Branch,Jaipur,130300,44,29.7,Credit Card
2517,28,3,74,400030,3,2.6,3,0,0,0,0,0,0,Mass Affluent,3,Fort Branch,Mumbai,156900,60,41.4,Credit Card
2518,57,31,120,110080,2,2.0,1,0,0,0,0,0,1,Affluent,15,Dwarka Branch,Delhi,537600,89,79.0,Fixed Deposit
2519,61,37,50,600014,4,1.3,2,0,0,0,0,0,1,Mass,5,Anna Nagar Branch,Chennai,140100,65,37.7,Life Insurance
2520,60,36,10,110096,2,1.0,1,0,0,0,0,1,1,Mass,12,Connaught Place Branch,Delhi,71800,44,23.7,Life Insurance
2521,56,29,45,110074,4,2.5,2,113,0,0,0,1,0,Mass,5,Karol Bagh Branch,Delhi,177300,56,39.7,Life Insurance
2522,49,23,29,600070,4,1.8,1,0,0,0,0,1,1,Mass,15,Anna Nagar Branch,Chennai,129700,47,35.1,Life Insurance
2523,63,37,145,560075,2,6.9,1,0,0,0,0,1,0,Affluent,12,Indiranagar Branch,Bengaluru,830100,82,83.5,Fixed Deposit
2524,49,23,100,411050,2,6.3,1,0,0,0,0,0,0,Affluent,13,Viman Nagar Branch,Pune,461100,70,72.8,Credit Card
2525,49,25,24,682009,3,0.4,1,0,0,0,0,1,0,Mass,8,MG Road Kochi Branch,Kochi,42000,57,23.3,Credit Card
2526,32,8,60,400041,1,1.2,1,0,0,0,0,1,1,Mass,4,Bandra West Branch,Mumbai,163100,65,40.8,Personal Loan
2527,26,1,50,682022,4,0.6,2,0,0,0,0,0,0,Mass,5,Edappally Branch,Kochi,77000,55,28.5,Life Insurance
2528,27,1,43,160024,3,1.1,2,0,0,0,0,0,0,Mass,4,Sector 17 Branch,Chandigarh,65800,59,26.6,Life Insurance
2529,57,31,79,302076,3,4.4,1,0,0,0,0,0,1,Mass Affluent,4,Malviya Nagar Branch,Jaipur,279300,64,53.7,Life Insurance
2530,29,5,44,411030,3,0.1,2,0,0,0,0,1,1,Mass,4,Kothrud Branch,Pune,97900,54,28.6,Gold Loan
2531,56,30,31,600030,4,1.5,3,0,0,0,0,1,0,Mass,19,Anna Nagar Branch,Chennai,84100,52,34.0,Life Insurance
2532,59,35,14,411069,2,1.0,1,107,0,0,0,1,0,Mass,25,Viman Nagar Branch,Pune,139000,37,38.4,Life Insurance
2533,53,28,19,411051,4,0.8,1,106,0,0,0,0,1,Mass,13,Kothrud Branch,Pune,142000,40,32.4,Life Insurance
2534,54,29,111,400078,1,1.1,2,0,1,0,0,1,0,Mass Affluent,5,Fort Branch,Mumbai,322300,78,62.9,Fixed Deposit
2535,56,30,90,641094,1,1.9,2,0,0,0,0,1,0,Mass Affluent,19,RS Puram Branch,Coimbatore,345900,74,72.6,Credit Card
2536,50,25,21,600030,2,0.7,3,129,0,0,0,0,0,Mass,14,Anna Nagar Branch,Chennai,107400,45,30.6,Gold Loan
2537,51,25,104,380015,1,4.2,2,0,1,0,0,1,0,Affluent,13,Satellite Branch,Ahmedabad,496700,69,71.2,Fixed Deposit
2538,53,27,75,560069,1,1.9,2,0,0,0,0,1,0,Mass Affluent,3,Whitefield Branch,Bengaluru,169100,75,46.8,Credit Card
2539,37,12,175,400013,2,7.8,1,297,0,0,0,1,1,HNI,10,Bandra West Branch,Mumbai,1275900,76,78.2,Fixed Deposit
2540,32,7,98,500039,1,4.2,1,171,1,1,1,0,0,Affluent,4,Secunderabad Branch,Hyderabad,590600,80,63.6,Credit Card
2541,49,23,41,500020,4,0.1,1,153,0,0,0,1,0,Mass,21,Banjara Hills Branch,Hyderabad,200100,56,51.1,Credit Card
2542,34,8,171,560044,2,2.2,2,569,1,0,0,1,0,HNI,6,Koramangala Branch,Bengaluru,641300,69,69.3,Fixed Deposit
2543,54,30,79,560077,4,1.6,2,0,0,0,0,1,0,Mass Affluent,14,Indiranagar Branch,Bengaluru,261200,77,63.4,Credit Card
2544,64,39,24,110009,4,0.6,2,0,0,0,0,0,0,Mass,7,Karol Bagh Branch,Delhi,37100,56,21.9,Life Insurance
2545,58,34,90,500059,1,3.6,2,0,1,0,0,0,0,Mass Affluent,9,Hitech City Branch,Hyderabad,339300,69,63.0,Credit Card
2546,25,-1,39,560062,3,2.4,2,0,0,0,0,1,0,Mass,3,Koramangala Branch,Bengaluru,64000,42,20.6,Credit Card
2547,50,25,9,440072,2,0.0,1,0,0,1,0,0,0,Mass,13,Sitabuldi Branch,Nagpur,63600,66,28.8,Credit Card
2548,38,13,15,110014,2,0.1,2,90,0,0,0,1,0,Mass,10,Karol Bagh Branch,Delhi,88600,46,25.5,Credit Card
2549,48,24,80,560063,1,2.7,1,0,0,0,0,1,0,Mass Affluent,3,Indiranagar Branch,Bengaluru,191000,69,48.5,Credit Card
2550,41,15,63,110057,1,0.7,3,79,0,0,0,0,1,Mass,9,Dwarka Branch,Delhi,268200,68,54.0,Fixed Deposit
2551,32,8,20,600081,1,0.5,3,102,0,0,0,1,0,Mass,4,T Nagar Branch,Chennai,88700,45,22.0,Credit Card
2552,46,22,43,500029,2,2.1,3,0,0,1,1,1,1,Mass Affluent,6,Banjara Hills Branch,Hyderabad,286800,78,53.6,Home Loan
2553,39,15,65,411026,1,1.5,3,0,0,0,0,0,0,Mass Affluent,6,Viman Nagar Branch,Pune,132300,69,41.4,Credit Card
2554,39,15,91,641030,2,1.7,2,151,0,0,0,0,0,Mass Affluent,5,RS Puram Branch,Coimbatore,279700,71,57.4,Credit Card
2555,63,39,53,110083,1,0.8,1,0,0,0,0,0,0,Mass,13,Dwarka Branch,Delhi,120600,68,42.3,Life Insurance
2556,58,32,110,411086,3,1.7,2,0,0,0,0,0,0,Affluent,12,Kothrud Branch,Pune,348900,82,71.7,Fixed Deposit
2557,28,4,82,400003,3,1.5,1,103,0,0,0,1,0,Mass Affluent,3,Fort Branch,Mumbai,243400,63,50.4,Credit Card
2558,36,11,23,110093,4,0.2,3,0,0,0,0,1,0,Mass,8,Dwarka Branch,Delhi,34600,47,20.0,Credit Card
2559,43,19,172,500043,2,6.67,1,0,0,0,0,1,0,HNI,6,Hitech City Branch,Hyderabad,806100,80,79.9,Home Loan
2560,36,12,88,400082,2,2.7,1,0,0,0,0,1,0,Mass Affluent,8,Andheri East Branch,Mumbai,257800,70,59.1,Credit Card
2561,44,18,71,600093,2,0.8,3,0,0,0,0,1,0,Mass Affluent,9,OMR Branch,Chennai,179800,73,50.9,Credit Card
2562,31,5,180,411009,1,2.9,3,144,1,1,0,0,0,HNI,3,Viman Nagar Branch,Pune,691600,76,67.3,Fixed Deposit
2563,45,21,39,700013,2,2.1,3,184,0,0,0,0,1,Mass,11,Salt Lake Branch,Kolkata,209200,40,40.9,Life Insurance
2564,39,13,94,500095,1,1.5,3,0,0,0,0,0,1,Mass Affluent,9,Banjara Hills Branch,Hyderabad,293400,71,61.1,Mutual Funds
2565,43,16,25,600064,3,1.0,2,0,0,0,0,1,0,Mass,15,OMR Branch,Chennai,52300,47,26.1,Credit Card
2566,40,15,10,560014,2,0.0,3,102,0,0,0,1,0,Mass,8,Indiranagar Branch,Bengaluru,84200,44,22.9,Credit Card
2567,30,5,42,400002,1,1.0,1,184,0,0,0,0,0,Mass,3,Bandra West Branch,Mumbai,113700,49,28.4,Credit Card
2568,58,33,142,400093,2,3.9,1,0,0,0,0,0,1,Affluent,5,Bandra West Branch,Mumbai,564600,90,74.7,Fixed Deposit
2569,46,21,34,411030,2,1.3,1,0,0,0,0,1,0,Mass,10,Kothrud Branch,Pune,67200,56,28.0,Credit Card
2570,35,10,139,395025,1,4.6,1,0,0,0,0,0,0,Affluent,11,Ring Road Branch,Surat,580000,77,77.8,Fixed Deposit
2571,30,4,154,400031,2,4.5,1,207,0,0,0,1,0,Affluent,5,Andheri East Branch,Mumbai,681000,77,73.9,Fixed Deposit
2572,34,8,40,600039,2,2.0,3,89,0,0,0,0,0,Mass,7,Anna Nagar Branch,Chennai,143200,47,33.4,Credit Card
2573,62,32,33,700035,1,1.5,3,140,0,0,0,1,1,Mass,18,Park Street Branch,Kolkata,253400,48,50.5,Life Insurance
2574,58,34,80,302059,2,1.6,1,0,0,0,0,1,1,Mass Affluent,13,Malviya Nagar Branch,Jaipur,337500,79,66.7,Life Insurance
2575,45,18,10,600034,3,0.67,2,100,0,0,0,1,0,Mass,11,T Nagar Branch,Chennai,83500,35,22.3,Credit Card
2576,42,16,41,600083,3,0.5,3,0,0,0,0,1,0,Mass,3,Anna Nagar Branch,Chennai,60800,53,23.5,Home Loan
2577,60,36,30,411015,4,1.3,1,118,0,0,0,1,1,Mass,9,Viman Nagar Branch,Pune,185700,47,38.3,Life Insurance
2578,55,29,78,226029,1,0.8,3,190,0,0,0,1,0,Mass Affluent,17,Hazratganj Branch,Lucknow,363200,74,68.7,Credit Card
2579,45,21,164,400071,1,5.0,1,0,0,0,0,0,1,HNI,18,Bandra West Branch,Mumbai,1031900,82,86.3,Home Loan
2580,52,27,23,452090,1,0.4,3,0,0,0,0,0,0,Mass,11,Vijay Nagar Branch,Indore,40900,64,26.5,Life Insurance
2581,31,7,149,400017,1,6.0,1,0,0,0,0,0,0,Affluent,3,Andheri East Branch,Mumbai,556300,82,74.2,Fixed Deposit
2582,60,34,25,302084,4,0.7,3,0,0,0,0,1,0,Mass,12,C Scheme Branch,Jaipur,42800,51,24.4,Life Insurance
2583,33,9,42,400049,1,2.1,3,0,0,0,0,1,0,Mass,7,Andheri East Branch,Mumbai,90800,53,29.8,Credit Card
2584,37,11,71,110006,1,2.5,1,185,0,0,0,1,1,Mass Affluent,9,Connaught Place Branch,Delhi,356500,62,58.4,Personal Loan
2585,59,34,114,400002,3,4.2,2,0,1,0,0,1,0,Affluent,14,Fort Branch,Mumbai,544000,66,72.6,Fixed Deposit
2586,51,26,70,560068,1,2.8,2,0,0,0,0,1,1,Mass Affluent,12,Koramangala Branch,Bengaluru,297100,66,59.5,Life Insurance
2587,47,23,149,560077,4,6.1,1,0,1,0,0,0,1,Affluent,4,Indiranagar Branch,Bengaluru,676600,70,68.6,Fixed Deposit
2588,60,33,55,110062,4,2.5,2,0,0,0,0,1,0,Mass,13,Dwarka Branch,Delhi,171200,67,48.8,Life Insurance
2589,61,36,29,500012,1,1.3,1,0,0,0,0,0,0,Mass,15,Banjara Hills Branch,Hyderabad,64700,61,31.2,Life Insurance
2590,64,40,123,560025,1,3.8,1,0,0,0,0,1,1,Affluent,11,Koramangala Branch,Bengaluru,612800,86,77.5,Fixed Deposit
2591,46,20,152,380097,1,7.4,3,374,1,0,1,1,1,HNI,10,Maninagar Branch,Ahmedabad,1202900,65,69.3,Mutual Funds
2592,31,7,8,160016,4,0.7,2,0,0,0,0,0,0,Mass,8,Sector 35 Branch,Chandigarh,12000,24,10.9,Gold Loan
2593,57,32,69,411054,4,0.7,1,245,0,0,0,0,0,Mass Affluent,8,Hinjewadi Branch,Pune,222800,71,52.4,Credit Card
2594,48,23,161,400091,4,7.9,3,310,1,0,0,0,0,HNI,17,Fort Branch,Mumbai,1318600,71,81.0,Fixed Deposit
2595,48,23,79,110014,1,0.2,2,0,0,0,0,0,0,Mass Affluent,13,Connaught Place Branch,Delhi,192300,78,56.7,Credit Card
2596,35,10,105,682028,1,4.6,1,0,0,0,0,0,0,Affluent,11,MG Road Kochi Branch,Kochi,398000,71,70.2,Fixed Deposit
2597,33,8,39,400093,3,2.3,1,0,0,0,0,0,0,Mass,7,Andheri East Branch,Mumbai,72700,51,26.2,Gold Loan
2598,47,23,163,560049,1,5.0,1,0,0,0,0,0,0,HNI,4,Koramangala Branch,Bengaluru,600900,85,76.9,Home Loan
2599,46,20,9,641077,1,0.2,1,0,0,0,0,1,0,Mass,19,RS Puram Branch,Coimbatore,12000,55,25.4,Credit Card
2600,44,20,71,641079,4,2.0,3,0,0,0,0,0,1,Mass Affluent,13,Peelamedu Branch,Coimbatore,249800,61,55.4,Life Insurance
2601,42,18,51,560055,3,2.1,3,0,0,0,0,0,0,Mass,17,Whitefield Branch,Bengaluru,148100,59,45.6,Life Insurance
2602,50,24,32,411088,1,1.4,3,167,0,0,0,0,0,Mass,9,Kothrud Branch,Pune,139900,54,35.0,Gold Loan
2603,52,26,161,500009,4,4.3,1,0,1,0,1,1,1,HNI,9,Secunderabad Branch,Hyderabad,937000,83,74.9,Home Loan
2604,53,27,60,700001,1,0.2,1,0,0,0,0,1,0,Mass,28,Park Street Branch,Kolkata,218700,75,63.7,Life Insurance
2605,37,10,35,400057,4,1.0,2,0,0,0,0,0,0,Mass,9,Bandra West Branch,Mumbai,61300,50,25.4,Life Insurance
2606,64,40,41,400076,4,1.2,2,0,0,0,0,1,0,Mass,29,Andheri East Branch,Mumbai,141500,60,48.4,Life Insurance
2607,46,22,73,600021,2,1.7,1,216,0,0,0,1,0,Mass Affluent,9,Anna Nagar Branch,Chennai,291500,71,58.8,Credit Card
2608,57,33,49,110073,4,1.5,1,214,0,1,1,1,1,Mass Affluent,24,Connaught Place Branch,Delhi,589900,70,71.9,Life Insurance
2609,61,35,79,411017,2,2.0,1,194,0,0,0,1,1,Mass Affluent,17,Hinjewadi Branch,Pune,491200,69,69.7,Life Insurance
2610,42,18,120,560019,2,7.5,1,0,0,1,0,0,0,Affluent,9,Indiranagar Branch,Bengaluru,683700,78,75.4,Fixed Deposit
2611,40,16,60,160016,2,3.2,1,0,0,0,0,0,0,Mass Affluent,7,IT Park Branch,Chandigarh,150500,59,41.1,Home Loan
2612,33,8,78,302004,3,0.6,2,0,0,0,0,1,0,Mass Affluent,3,Vaishali Nagar Branch,Jaipur,143900,65,41.3,Credit Card
2613,50,26,40,500059,4,1.1,2,131,0,0,0,0,0,Mass,21,Secunderabad Branch,Hyderabad,210200,54,51.4,Life Insurance
2614,52,26,110,380048,2,5.4,3,204,1,1,1,1,0,Affluent,23,Satellite Branch,Ahmedabad,1260200,77,79.9,Credit Card
2615,35,11,160,110039,4,5.7,3,0,1,1,0,0,0,HNI,8,Connaught Place Branch,Delhi,835800,78,75.0,Home Loan
2616,57,32,68,500084,4,0.7,1,191,0,0,0,1,1,Mass Affluent,17,Hitech City Branch,Hyderabad,353900,61,62.5,Life Insurance
2617,56,31,49,110069,2,1.6,3,103,0,0,0,1,0,Mass,20,Dwarka Branch,Delhi,281900,63,60.4,Life Insurance
2618,44,20,65,226052,2,2.5,1,0,0,0,0,1,0,Mass Affluent,7,Aliganj Branch,Lucknow,176800,69,47.7,Credit Card
2619,23,-3,55,302048,3,2.4,2,145,0,0,0,1,0,Mass Affluent,2,C Scheme Branch,Jaipur,175600,53,37.9,Credit Card
2620,33,8,62,160058,3,2.3,1,98,0,0,0,0,1,Mass Affluent,10,Sector 35 Branch,Chandigarh,302600,58,54.5,Auto Loan
2621,48,22,152,160034,1,0.0,1,0,0,0,0,0,0,Affluent,20,Sector 17 Branch,Chandigarh,525000,90,85.8,Home Loan
2622,45,18,42,641090,3,2.5,2,0,0,0,0,0,0,Mass,3,RS Puram Branch,Coimbatore,81100,55,26.6,Home Loan
2623,54,28,39,110035,4,0.7,2,0,0,0,0,1,0,Mass,14,Dwarka Branch,Delhi,94900,59,35.3,Life Insurance
2624,42,17,111,452034,3,3.0,1,0,1,1,1,0,1,Affluent,10,Vijay Nagar Branch,Indore,665700,83,69.5,Home Loan
2625,47,21,82,600001,3,2.1,1,0,0,0,0,0,0,Mass Affluent,2,OMR Branch,Chennai,170900,77,47.9,Credit Card
2626,61,36,108,560034,4,3.4,2,0,0,0,0,1,0,Affluent,4,Koramangala Branch,Bengaluru,325900,81,65.5,Fixed Deposit
2627,53,27,59,600064,2,0.8,3,0,0,0,0,1,0,Mass,8,T Nagar Branch,Chennai,131200,66,40.8,Life Insurance
2628,56,30,61,560087,3,2.5,1,193,0,0,0,1,0,Mass Affluent,13,Indiranagar Branch,Bengaluru,303100,64,59.1,Credit Card
2629,33,6,78,110094,4,2.0,2,0,0,1,0,1,0,Mass Affluent,4,Dwarka Branch,Delhi,238800,73,52.5,Credit Card
2630,44,18,18,110068,2,0.1,3,0,0,0,0,1,0,Mass,18,Connaught Place Branch,Delhi,36100,53,26.7,Credit Card
2631,63,37,113,400095,4,1.7,3,0,0,0,0,1,1,Affluent,1,Fort Branch,Mumbai,312400,84,61.5,Fixed Deposit
2632,47,20,62,500009,1,2.67,2,0,0,0,0,1,0,Mass Affluent,20,Banjara Hills Branch,Hyderabad,239500,67,60.8,Credit Card
2633,50,24,81,160021,1,4.9,1,248,0,0,0,1,0,Affluent,5,IT Park Branch,Chandigarh,373600,69,61.2,Credit Card
2634,49,25,13,411048,3,0.4,1,106,0,0,0,1,0,Mass,7,Hinjewadi Branch,Pune,75400,41,20.6,Credit Card
2635,34,9,75,500069,1,2.8,1,194,0,0,0,0,0,Mass Affluent,9,Hitech City Branch,Hyderabad,309300,68,59.5,Credit Card
2636,40,14,33,560059,2,0.8,3,89,0,0,0,1,0,Mass,6,Whitefield Branch,Bengaluru,123500,52,30.8,Credit Card
2637,38,13,179,500098,1,4.1,1,0,0,0,0,1,0,HNI,6,Banjara Hills Branch,Hyderabad,721300,87,80.9,Home Loan
2638,51,26,69,110057,3,2.0,2,0,0,0,0,1,0,Mass Affluent,10,Karol Bagh Branch,Delhi,197000,68,51.8,Credit Card
2639,28,4,45,302018,1,1.0,3,0,0,0,0,1,0,Mass,3,C Scheme Branch,Jaipur,79900,58,27.8,Credit Card
2640,52,26,59,110006,3,3.0,2,0,0,0,0,1,0,Mass Affluent,15,Connaught Place Branch,Delhi,202200,66,53.5,Life Insurance
2641,39,13,81,700020,2,2.8,1,0,0,0,0,1,0,Mass Affluent,13,Howrah Branch,Kolkata,273100,67,61.5,Credit Card
2642,29,5,133,380036,1,5.4,1,212,0,0,0,1,0,Affluent,2,Navrangpura Branch,Ahmedabad,539700,70,67.1,Fixed Deposit
2643,54,29,81,600092,2,0.0,3,0,0,0,0,1,0,Mass Affluent,23,T Nagar Branch,Chennai,261700,75,68.7,Credit Card
2644,63,38,14,226078,4,0.4,2,86,0,0,0,1,1,Mass,18,Hazratganj Branch,Lucknow,174900,47,41.2,Life Insurance
2645,40,14,28,110099,2,0.8,3,0,0,0,0,0,0,Mass,3,Dwarka Branch,Delhi,34700,56,19.7,Credit Card
2646,36,12,93,160050,2,2.2,1,0,0,0,0,1,0,Mass Affluent,6,Sector 17 Branch,Chandigarh,261500,75,60.0,Credit Card
2647,45,20,191,700032,3,2.6,3,123,1,0,0,0,0,HNI,19,Park Street Branch,Kolkata,1037700,72,82.1,Fixed Deposit
2648,61,37,155,380058,1,2.9,1,0,0,0,0,1,0,Affluent,14,Navrangpura Branch,Ahmedabad,705000,88,85.1,Home Loan
2649,26,0,155,411072,2,7.2,1,0,0,0,0,0,0,HNI,3,Hinjewadi Branch,Pune,599500,73,73.0,Home Loan
2650,33,8,68,226047,4,1.3,1,0,0,0,0,1,0,Mass Affluent,6,Aliganj Branch,Lucknow,142900,61,40.9,Credit Card
2651,64,40,52,395048,2,1.1,1,226,0,0,0,0,0,Mass,25,Ring Road Branch,Surat,284900,62,63.7,Life Insurance
2652,43,17,51,560040,1,0.7,3,0,0,0,0,0,0,Mass,8,Koramangala Branch,Bengaluru,100100,67,36.4,Credit Card
2653,24,0,44,302029,4,1.6,1,180,0,0,0,1,0,Mass,1,C Scheme Branch,Jaipur,125900,44,27.6,Credit Card
2654,30,5,121,700053,2,3.1,1,408,0,0,0,1,0,Affluent,6,Park Street Branch,Kolkata,479800,72,68.1,Fixed Deposit
2655,60,36,49,500019,4,2.2,1,204,0,1,0,1,0,Mass Affluent,25,Secunderabad Branch,Hyderabad,414200,57,67.4,Life Insurance
2656,50,26,42,452073,2,1.0,3,78,0,1,0,1,0,Mass,10,MG Road Branch,Indore,256000,72,52.9,Credit Card
2657,40,15,144,560088,1,4.1,1,0,0,0,0,0,0,Affluent,5,Koramangala Branch,Bengaluru,472100,79,72.6,Fixed Deposit
2658,31,6,72,600091,1,2.6,2,0,0,0,0,1,0,Mass Affluent,5,Anna Nagar Branch,Chennai,179500,67,47.0,Credit Card
2659,30,4,44,400089,1,1.5,1,109,0,0,0,0,0,Mass,2,Andheri East Branch,Mumbai,132900,54,31.6,Credit Card
2660,60,35,43,110071,3,0.9,3,175,0,0,0,0,0,Mass,3,Karol Bagh Branch,Delhi,123200,59,32.1,Life Insurance
2661,39,14,74,302025,1,0.1,2,144,0,1,0,1,0,Mass Affluent,7,Vaishali Nagar Branch,Jaipur,281400,76,56.6,Credit Card
2662,66,41,145,560046,1,2.5,1,0,0,0,0,1,0,Affluent,21,Indiranagar Branch,Bengaluru,734300,86,88.8,Fixed Deposit
2663,65,41,158,560014,2,2.1,1,0,0,0,0,0,0,Affluent,4,Koramangala Branch,Bengaluru,447400,88,74.1,Home Loan
2664,54,28,78,110065,4,4.9,1,0,0,0,0,0,0,Mass Affluent,12,Connaught Place Branch,Delhi,282500,64,60.5,Credit Card
2665,54,29,154,500022,1,2.4,2,352,1,0,0,1,0,Affluent,9,Secunderabad Branch,Hyderabad,705400,77,73.8,Fixed Deposit
2666,35,9,105,380090,2,4.5,3,0,0,0,0,0,0,Affluent,11,Maninagar Branch,Ahmedabad,407600,72,70.8,Fixed Deposit
2667,32,7,100,160061,3,0.6,2,0,0,0,0,1,0,Mass Affluent,5,Sector 17 Branch,Chandigarh,213700,73,55.1,Credit Card
2668,63,39,58,400086,1,0.0,2,0,0,0,0,1,0,Mass,9,Fort Branch,Mumbai,123600,75,42.5,Life Insurance
2669,60,35,113,600093,1,0.9,1,406,0,0,0,1,0,Affluent,15,T Nagar Branch,Chennai,489100,81,75.6,Fixed Deposit
2670,43,18,10,500069,2,0.1,2,0,0,1,0,0,1,Mass,14,Secunderabad Branch,Hyderabad,116100,58,34.0,Home Loan
2671,59,33,142,600063,2,2.7,1,0,0,0,0,0,0,Affluent,8,OMR Branch,Chennai,474800,86,76.1,Fixed Deposit
2672,62,37,128,500044,1,2.5,1,0,0,0,0,0,0,Affluent,3,Secunderabad Branch,Hyderabad,347500,88,68.7,Fixed Deposit
2673,30,5,131,560039,3,0.5,3,0,1,0,0,0,0,Affluent,3,Koramangala Branch,Bengaluru,280200,67,57.0,Fixed Deposit
2674,54,30,88,500027,4,1.0,2,122,0,0,0,1,0,Mass Affluent,24,Banjara Hills Branch,Hyderabad,478700,75,78.0,Credit Card
2675,30,6,101,600047,2,0.6,1,0,0,0,0,1,0,Mass Affluent,8,Anna Nagar Branch,Chennai,252500,79,61.8,Fixed Deposit
2676,31,1,70,500074,2,1.75,3,0,0,0,1,1,1,Mass Affluent,4,Banjara Hills Branch,Hyderabad,257800,73,51.9,Auto Loan
2677,44,20,122,500069,1,0.3,1,0,0,1,0,1,0,Affluent,11,Secunderabad Branch,Hyderabad,450500,96,76.5,Fixed Deposit
2678,32,8,70,302035,3,1.5,1,0,0,0,0,1,0,Mass Affluent,6,Malviya Nagar Branch,Jaipur,167400,69,46.3,Credit Card
2679,63,38,148,700027,2,4.3,3,0,1,0,0,1,0,Affluent,8,Park Street Branch,Kolkata,625700,71,73.1,Fixed Deposit
2680,57,32,43,560021,2,2.1,3,166,0,0,0,1,0,Mass,9,Koramangala Branch,Bengaluru,185500,55,42.6,Life Insurance
2681,60,30,31,380009,1,1.5,3,0,0,0,0,1,0,Mass,14,Satellite Branch,Ahmedabad,75100,54,30.3,Life Insurance
2682,37,11,35,226029,2,0.8,3,0,0,0,0,0,0,Mass,10,Gomti Nagar Branch,Lucknow,71900,51,27.4,Home Loan
2683,53,27,81,400074,4,2.6,3,0,0,0,0,1,0,Mass Affluent,14,Fort Branch,Mumbai,277000,68,62.7,Credit Card
2684,51,25,19,600041,1,1.4,3,98,0,0,0,0,0,Mass,24,OMR Branch,Chennai,138200,38,38.3,Life Insurance
2685,30,5,98,110084,4,1.8,3,129,0,1,1,1,1,Affluent,5,Dwarka Branch,Delhi,554200,86,65.0,Auto Loan
2686,28,2,101,700069,4,2.1,3,0,0,0,0,1,0,Mass Affluent,2,Salt Lake Branch,Kolkata,227700,70,53.9,Fixed Deposit
2687,50,24,81,110079,2,0.4,3,0,0,0,0,0,0,Mass Affluent,7,Karol Bagh Branch,Delhi,167000,76,49.9,Credit Card
2688,52,27,135,411059,1,0.6,1,452,0,0,0,1,0,Affluent,20,Kothrud Branch,Pune,668700,90,85.4,Fixed Deposit
2689,56,30,34,110024,2,0.7,2,0,0,0,0,1,0,Mass,20,Connaught Place Branch,Delhi,83700,54,35.5,Life Insurance
2690,40,16,104,500083,1,3.4,1,249,0,0,0,0,0,Affluent,4,Secunderabad Branch,Hyderabad,380500,76,64.2,Fixed Deposit
2691,64,38,29,641087,3,0.7,2,0,0,0,0,1,0,Mass,19,Gandhipuram Branch,Coimbatore,75300,57,33.7,Life Insurance
2692,61,36,119,560079,2,5.4,2,0,1,0,0,1,0,Affluent,18,Indiranagar Branch,Bengaluru,702700,67,78.2,Fixed Deposit
2693,46,20,82,160078,2,1.7,2,0,0,0,0,1,1,Mass Affluent,13,Sector 35 Branch,Chandigarh,319100,67,63.1,Home Loan
2694,55,29,62,395075,1,0.2,1,0,0,0,0,1,0,Mass,25,Adajan Branch,Surat,211300,76,63.5,Credit Card
2695,45,19,85,160048,3,2.1,1,0,0,0,0,1,1,Mass Affluent,19,Sector 17 Branch,Chandigarh,405400,69,71.4,Home Loan
2696,40,15,8,110050,2,0.1,2,0,0,0,0,0,0,Mass,6,Connaught Place Branch,Delhi,12000,52,16.7,Credit Card
2697,63,37,78,302018,4,1.7,3,0,0,0,0,1,0,Mass Affluent,18,Vaishali Nagar Branch,Jaipur,288900,79,68.3,Credit Card
2698,57,32,44,400052,3,0.5,2,0,0,0,0,1,0,Mass,26,Andheri East Branch,Mumbai,132500,61,48.1,Life Insurance
2699,38,14,122,560028,2,8.0,1,0,0,0,0,1,1,Affluent,11,Indiranagar Branch,Bengaluru,776400,74,76.8,Fixed Deposit
2700,37,11,22,226016,3,0.1,2,114,0,0,0,0,0,Mass,10,Aliganj Branch,Lucknow,95700,45,26.7,Life Insurance
2701,31,5,39,411069,4,2.2,2,0,0,0,0,1,1,Mass,7,Kothrud Branch,Pune,111800,38,27.2,Auto Loan
2702,50,26,55,500066,1,1.6,2,0,0,0,0,1,0,Mass,3,Secunderabad Branch,Hyderabad,113100,63,34.6,Credit Card
2703,42,18,144,560077,2,6.1,1,158,0,0,0,0,0,Affluent,11,Koramangala Branch,Bengaluru,843200,77,79.0,Fixed Deposit
2704,51,27,71,302047,1,2.6,2,0,0,0,0,0,1,Mass Affluent,16,C Scheme Branch,Jaipur,316000,71,64.5,Life Insurance
2705,38,13,191,700023,2,3.0,1,0,0,0,0,1,0,HNI,9,Salt Lake Branch,Kolkata,744500,80,81.5,Home Loan
2706,53,26,22,500093,1,0.5,2,100,0,0,0,1,0,Mass,13,Secunderabad Branch,Hyderabad,121100,50,33.0,Life Insurance
2707,43,17,158,160019,1,2.4,1,0,0,0,0,1,0,Affluent,12,IT Park Branch,Chandigarh,636700,86,82.4,Home Loan
2708,35,9,131,110013,3,0.3,3,0,1,0,1,1,1,Affluent,7,Karol Bagh Branch,Delhi,474300,81,66.0,Mutual Funds
2709,49,24,75,110020,1,2.8,2,160,0,0,0,0,1,Mass Affluent,21,Connaught Place Branch,Delhi,512900,66,71.8,Personal Loan
2710,28,4,69,411063,3,0.7,2,170,0,0,0,0,0,Mass Affluent,1,Hinjewadi Branch,Pune,163500,64,39.7,Credit Card
2711,51,27,39,440014,2,0.8,1,0,0,0,0,0,0,Mass,5,Sitabuldi Branch,Nagpur,64700,63,27.2,Life Insurance
2712,39,14,34,110055,4,1.7,1,0,0,0,0,1,1,Mass,7,Karol Bagh Branch,Delhi,118900,49,30.3,Gold Loan
2713,31,7,32,110062,1,1.7,1,0,0,0,0,1,0,Mass,3,Karol Bagh Branch,Delhi,49000,52,20.7,Credit Card
2714,44,18,129,400025,1,5.7,1,0,0,0,0,1,0,Affluent,10,Fort Branch,Mumbai,596700,77,77.1,Fixed Deposit
2715,46,20,158,226034,3,5.4,1,432,1,0,0,0,1,HNI,15,Gomti Nagar Branch,Lucknow,1071600,66,75.0,Fixed Deposit
2716,42,18,54,110095,1,1.8,1,0,0,0,0,1,0,Mass,14,Karol Bagh Branch,Delhi,156200,64,46.5,Credit Card
2717,41,17,34,500068,1,2.0,2,0,0,0,0,0,0,Mass,17,Secunderabad Branch,Hyderabad,81700,49,32.2,Credit Card
2718,23,-2,45,395050,4,0.6,2,0,0,0,0,1,1,Mass,1,Vesu Branch,Surat,104100,59,29.1,Auto Loan
2719,59,33,68,400050,2,2.3,3,0,0,1,0,0,0,Mass Affluent,13,Bandra West Branch,Mumbai,275500,73,60.0,Credit Card
2720,47,21,53,600093,1,1.5,2,0,0,0,0,1,0,Mass,16,OMR Branch,Chennai,150300,63,46.6,Credit Card
2721,48,23,32,500040,1,0.1,1,0,0,0,0,0,1,Mass,9,Banjara Hills Branch,Hyderabad,106000,62,32.9,Fixed Deposit
2722,58,33,173,302096,2,7.2,3,0,1,0,0,1,0,HNI,19,C Scheme Branch,Jaipur,1297500,75,86.2,Home Loan
2723,58,34,31,560055,4,0.4,1,0,0,0,0,0,0,Mass,21,Whitefield Branch,Bengaluru,72400,59,35.4,Life Insurance
2724,54,29,72,560010,2,3.7,1,144,0,0,0,1,0,Mass Affluent,21,Indiranagar Branch,Bengaluru,484400,69,73.3,Credit Card
2725,49,24,30,110077,4,0.4,2,157,0,0,1,1,1,Mass,11,Karol Bagh Branch,Delhi,243100,56,46.6,Life Insurance
2726,63,38,138,700057,1,2.5,1,0,0,0,0,1,0,Affluent,15,Salt Lake Branch,Kolkata,592800,85,82.5,Fixed Deposit
2727,62,37,18,380024,1,1.5,2,127,0,0,0,0,0,Mass,17,Navrangpura Branch,Ahmedabad,124600,40,32.7,Life Insurance
2728,45,19,69,400035,1,2.8,1,220,0,0,0,1,1,Mass Affluent,7,Bandra West Branch,Mumbai,342000,61,56.2,Personal Loan
2729,39,13,58,560039,3,2.1,1,247,0,0,0,1,0,Mass Affluent,5,Koramangala Branch,Bengaluru,203500,56,43.7,Credit Card
2730,58,34,63,160079,4,1.5,1,0,0,0,0,1,0,Mass,22,Sector 17 Branch,Chandigarh,216900,65,59.7,Credit Card
2731,56,30,43,400058,2,0.3,1,0,0,1,0,0,0,Mass,18,Andheri East Branch,Mumbai,159500,73,49.0,Life Insurance
2732,29,5,28,110072,1,0.2,3,0,0,0,0,1,0,Mass,3,Karol Bagh Branch,Delhi,38000,60,21.0,Credit Card
2733,33,9,38,600031,1,2.1,3,133,0,0,0,0,0,Mass,10,Anna Nagar Branch,Chennai,156900,47,36.5,Gold Loan
2734,55,29,72,560003,3,0.3,2,147,0,0,0,0,0,Mass Affluent,22,Koramangala Branch,Bengaluru,309100,68,67.0,Credit Card
2735,56,31,64,110085,4,0.9,1,0,0,0,0,1,0,Mass,11,Karol Bagh Branch,Delhi,165800,68,48.2,Credit Card
2736,36,12,70,500023,3,2.6,2,165,0,0,0,1,0,Mass Affluent,2,Secunderabad Branch,Hyderabad,220200,54,44.5,Credit Card
2737,53,29,12,110098,1,0.3,1,0,0,0,0,0,0,Mass,21,Dwarka Branch,Delhi,14600,53,26.5,Life Insurance
2738,57,31,159,500076,2,0.5,1,0,0,0,0,0,0,Affluent,6,Secunderabad Branch,Hyderabad,412300,95,76.0,Home Loan
2739,35,9,103,700007,2,4.5,3,0,0,0,0,1,0,Affluent,11,Park Street Branch,Kolkata,397200,67,69.0,Fixed Deposit
2740,43,18,42,600092,1,0.3,3,0,0,0,0,1,0,Mass,9,T Nagar Branch,Chennai,81000,59,31.1,Credit Card
2741,54,29,48,400072,2,2.1,3,142,0,0,0,1,0,Mass,24,Bandra West Branch,Mumbai,299100,55,61.8,Life Insurance
2742,29,3,49,302098,1,1.5,1,0,0,0,0,0,0,Mass,4,C Scheme Branch,Jaipur,84800,61,30.2,Credit Card
2743,39,14,89,110044,2,0.4,1,0,0,0,0,1,0,Mass Affluent,6,Dwarka Branch,Delhi,210700,82,56.8,Credit Card
2744,32,8,22,380037,4,0.7,2,0,0,0,0,1,1,Mass,2,Navrangpura Branch,Ahmedabad,65700,45,18.3,Gold Loan
2745,51,27,10,560046,2,0.2,1,86,0,0,0,0,0,Mass,8,Koramangala Branch,Bengaluru,75300,41,20.9,Life Insurance
2746,50,25,38,380071,1,1.3,2,120,0,0,0,0,1,Mass,7,Navrangpura Branch,Ahmedabad,185000,55,39.7,Gold Loan
2747,54,29,49,110048,2,2.1,3,95,0,0,0,1,1,Mass,16,Connaught Place Branch,Delhi,340800,64,60.8,Life Insurance
2748,38,12,30,110008,2,1.4,3,0,0,0,0,0,1,Mass,11,Dwarka Branch,Delhi,108700,48,30.7,Home Loan
2749,32,7,82,500020,1,2.6,2,240,0,0,1,1,1,Affluent,3,Hitech City Branch,Hyderabad,411500,74,58.9,Mutual Funds
2750,62,37,82,400087,1,0.8,3,312,0,0,0,1,0,Mass Affluent,14,Fort Branch,Mumbai,354000,76,67.5,Credit Card
2751,57,33,24,110036,1,0.1,2,0,0,0,0,0,0,Mass,9,Connaught Place Branch,Delhi,32900,57,23.0,Life Insurance
2752,47,23,32,700019,4,0.6,1,156,0,0,0,1,1,Mass,11,Howrah Branch,Kolkata,184700,50,40.4,Life Insurance
2753,51,25,34,302070,3,0.9,3,111,0,0,0,1,0,Mass,15,C Scheme Branch,Jaipur,174500,54,43.2,Life Insurance
2754,54,27,195,400042,2,4.75,2,477,1,0,0,0,0,HNI,8,Bandra West Branch,Mumbai,920700,67,73.5,Fixed Deposit
2755,26,1,61,160009,4,2.2,1,119,0,0,0,0,0,Mass Affluent,1,Sector 35 Branch,Chandigarh,160500,50,35.1,Credit Card
2756,37,11,22,380014,3,0.1,2,0,0,0,0,1,1,Mass,5,Navrangpura Branch,Ahmedabad,78100,48,22.3,Life Insurance
2757,27,0,40,226015,4,1.0,3,0,0,0,0,1,0,Mass,1,Aliganj Branch,Lucknow,66300,52,22.4,Life Insurance
2758,63,38,50,411047,2,2.8,1,205,0,0,0,0,0,Mass Affluent,9,Kothrud Branch,Pune,212000,54,45.7,Life Insurance
2759,62,36,35,411092,2,0.7,3,0,0,1,0,0,1,Mass,16,Viman Nagar Branch,Pune,204200,71,50.9,Life Insurance
2760,59,33,64,500035,3,0.3,2,0,0,0,0,0,0,Mass,7,Hitech City Branch,Hyderabad,119600,72,41.1,Credit Card
2761,32,7,49,411022,3,2.3,1,0,0,0,0,1,0,Mass,7,Viman Nagar Branch,Pune,110400,53,33.3,Credit Card
2762,35,8,44,682044,4,1.0,2,192,0,0,0,0,1,Mass,10,Edappally Branch,Kochi,210200,51,43.8,Life Insurance
2763,56,31,65,400079,2,3.7,1,0,0,0,0,1,0,Mass Affluent,15,Andheri East Branch,Mumbai,237500,65,57.6,Credit Card
2764,55,31,13,560039,4,0.7,1,0,0,0,0,1,0,Mass,10,Indiranagar Branch,Bengaluru,17100,42,17.4,Life Insurance
2765,31,5,84,400045,1,2.9,3,105,0,0,0,0,1,Mass Affluent,8,Bandra West Branch,Mumbai,396000,68,62.0,Mutual Funds
2766,54,29,28,641022,4,0.2,2,101,0,0,0,1,0,Mass,27,Peelamedu Branch,Coimbatore,179500,51,48.3,Life Insurance
2767,58,32,108,560030,3,4.4,1,0,0,0,0,1,0,Affluent,7,Indiranagar Branch,Bengaluru,387300,76,68.7,Fixed Deposit
2768,48,24,59,411029,1,0.0,1,144,0,0,0,1,0,Mass,11,Kothrud Branch,Pune,209100,68,51.0,Credit Card
2769,48,22,163,302024,1,2.4,1,396,0,0,0,1,0,HNI,9,Vaishali Nagar Branch,Jaipur,732800,88,79.8,Fixed Deposit
2770,33,9,183,395035,2,8.8,3,582,1,0,0,1,0,HNI,4,Adajan Branch,Surat,1030600,62,70.4,Fixed Deposit
2771,36,6,69,110013,4,4.0,3,0,0,0,0,1,0,Mass Affluent,13,Karol Bagh Branch,Delhi,247300,61,56.5,Credit Card
2772,41,16,115,380049,1,7.0,1,0,0,0,0,0,0,Affluent,13,Maninagar Branch,Ahmedabad,559400,69,75.6,Fixed Deposit
2773,55,31,130,160060,4,6.5,1,0,1,0,0,0,1,Affluent,13,Sector 35 Branch,Chandigarh,806200,69,74.7,Fixed Deposit
2774,63,37,185,400066,2,7.9,2,358,1,0,0,1,0,HNI,8,Fort Branch,Mumbai,1265900,78,77.7,Fixed Deposit
2775,53,29,118,700010,2,0.3,1,0,0,0,0,1,0,Affluent,24,Salt Lake Branch,Kolkata,469000,84,84.0,Fixed Deposit
2776,38,13,163,560046,1,4.1,1,0,0,0,0,0,0,Affluent,9,Indiranagar Branch,Bengaluru,639300,80,79.4,Home Loan
2777,46,20,140,411009,2,6.3,1,380,0,0,0,1,1,HNI,6,Kothrud Branch,Pune,814700,73,71.9,Fixed Deposit
2778,59,33,91,500044,2,0.7,2,0,0,0,0,1,1,Mass Affluent,20,Banjara Hills Branch,Hyderabad,405700,81,75.4,Life Insurance
2779,56,31,61,110055,4,1.3,3,0,0,0,0,1,1,Mass,28,Karol Bagh Branch,Delhi,331700,68,69.2,Life Insurance
2780,59,35,168,400058,4,4.1,2,0,1,0,0,1,0,HNI,1,Andheri East Branch,Mumbai,559800,76,69.4,Home Loan
2781,39,13,69,400066,3,0.9,2,0,0,0,0,0,0,Mass Affluent,5,Bandra West Branch,Mumbai,129100,66,40.0,Credit Card
2782,47,21,22,400051,1,0.2,1,104,0,0,0,0,0,Mass,19,Fort Branch,Mumbai,136500,57,40.2,Credit Card
2783,47,22,53,411091,1,0.3,1,213,0,0,0,0,0,Mass,13,Kothrud Branch,Pune,188000,63,48.4,Credit Card
2784,53,26,25,560056,2,1.0,2,0,0,0,1,1,1,Mass,10,Indiranagar Branch,Bengaluru,155400,58,37.4,Life Insurance
2785,36,9,115,110042,4,2.2,2,0,1,0,0,0,0,Affluent,11,Karol Bagh Branch,Delhi,397000,67,67.2,Fixed Deposit
2786,34,9,31,411021,4,1.1,3,85,0,1,1,1,1,Mass Affluent,6,Hinjewadi Branch,Pune,292000,62,48.6,Life Insurance
2787,36,10,83,411089,1,2.8,3,0,0,0,0,0,1,Mass Affluent,6,Kothrud Branch,Pune,276100,74,57.7,Personal Loan
2788,60,34,152,600022,2,6.9,1,0,0,0,0,0,0,HNI,24,OMR Branch,Chennai,1161900,88,94.4,Home Loan
2789,45,20,30,452074,1,0.1,1,0,0,0,0,1,0,Mass,8,Vijay Nagar Branch,Indore,50400,61,25.8,Credit Card
2790,27,3,34,560008,1,0.2,3,0,0,0,0,1,1,Mass,3,Indiranagar Branch,Bengaluru,85500,56,25.4,Auto Loan
2791,47,22,44,302049,1,1.4,3,0,0,0,0,1,1,Mass,5,Vaishali Nagar Branch,Jaipur,125800,56,33.0,Personal Loan
2792,44,20,182,400043,2,7.6,1,0,0,0,0,0,0,HNI,6,Bandra West Branch,Mumbai,873800,79,80.6,Home Loan
2793,54,30,44,700079,3,1.5,1,117,0,0,0,1,0,Mass,14,Park Street Branch,Kolkata,216000,57,49.3,Life Insurance
2794,57,33,122,395035,2,6.0,1,153,0,1,1,1,1,HNI,21,Adajan Branch,Surat,1495300,89,82.2,Life Insurance
2795,52,26,35,226071,4,1.8,1,0,0,0,0,1,0,Mass,26,Aliganj Branch,Lucknow,100800,45,38.7,Life Insurance
2796,51,25,91,600003,1,0.8,3,0,0,0,0,0,0,Mass Affluent,15,T Nagar Branch,Chennai,260000,80,66.3,Credit Card
2797,57,32,30,411098,2,2.0,2,0,0,0,0,0,0,Mass,10,Kothrud Branch,Pune,67600,52,26.4,Life Insurance
2798,65,39,53,560068,1,2.5,3,0,0,0,0,1,0,Mass,18,Koramangala Branch,Bengaluru,181100,65,52.2,Life Insurance
2799,58,33,28,411013,1,0.3,3,0,0,0,0,1,0,Mass,4,Hinjewadi Branch,Pune,41100,64,22.9,Life Insurance
2800,64,39,85,380018,4,3.4,2,200,0,0,0,1,0,Mass Affluent,27,Satellite Branch,Ahmedabad,637100,73,81.4,Credit Card
2801,52,26,28,395041,2,0.7,2,90,0,0,0,1,1,Mass,14,Ring Road Branch,Surat,201500,55,44.6,Life Insurance
2802,58,34,41,500046,4,0.4,1,177,0,0,0,1,0,Mass,3,Secunderabad Branch,Hyderabad,131700,63,33.7,Life Insurance
2803,52,22,154,400065,1,5.0,3,0,1,1,1,1,0,HNI,10,Fort Branch,Mumbai,1064700,95,79.2,Home Loan
2804,43,18,41,600099,1,0.3,3,0,0,0,0,1,0,Mass,8,T Nagar Branch,Chennai,82400,65,32.0,Credit Card
2805,56,32,33,400070,3,1.5,1,0,0,0,0,0,0,Mass,18,Bandra West Branch,Mumbai,81500,52,33.4,Life Insurance
2806,37,12,182,110016,3,5.8,3,0,1,0,0,1,0,HNI,11,Connaught Place Branch,Delhi,968700,70,79.2,Home Loan
2807,53,27,59,560005,2,0.8,3,0,0,0,0,1,0,Mass,23,Koramangala Branch,Bengaluru,204500,74,60.6,Life Insurance
2808,27,2,129,700079,2,3.3,1,0,0,1,0,0,0,Affluent,3,Park Street Branch,Kolkata,432600,81,67.8,Fixed Deposit
2809,53,27,35,110070,3,0.9,3,136,0,0,0,1,0,Mass,9,Connaught Place Branch,Delhi,151400,56,37.4,Life Insurance
2810,42,16,185,110059,3,2.2,2,0,1,1,1,1,1,HNI,5,Dwarka Branch,Delhi,862200,91,71.3,Home Loan
2811,58,34,45,400035,4,1.3,2,201,0,0,0,0,0,Mass,16,Fort Branch,Mumbai,201000,56,48.9,Life Insurance
2812,36,12,62,226090,4,0.1,2,145,0,0,0,0,0,Mass,7,Gomti Nagar Branch,Lucknow,168300,61,42.6,Credit Card
2813,53,28,183,411078,3,8.2,3,467,1,0,1,1,1,HNI,21,Kothrud Branch,Pune,2067900,73,78.8,Mutual Funds
2814,48,22,14,400017,2,0.1,3,0,0,0,0,1,0,Mass,8,Bandra West Branch,Mumbai,14100,52,18.6,Credit Card
2815,54,28,53,400098,1,2.2,3,0,0,0,0,1,1,Mass,27,Bandra West Branch,Mumbai,321900,68,67.8,Life Insurance
2816,26,1,48,600004,3,2.6,3,169,0,0,0,0,0,Mass,3,T Nagar Branch,Chennai,145000,44,31.6,Gold Loan
2817,50,26,128,110095,2,0.4,1,0,0,0,0,1,0,Affluent,10,Karol Bagh Branch,Delhi,376100,90,74.6,Fixed Deposit
2818,31,7,105,600083,1,4.0,1,331,0,0,0,1,0,Affluent,8,Anna Nagar Branch,Chennai,470200,67,67.2,Fixed Deposit
2819,35,9,40,560080,3,0.9,1,0,0,0,0,1,1,Mass,10,Koramangala Branch,Bengaluru,129000,51,34.4,Life Insurance
2820,63,37,10,452062,2,0.4,1,0,0,0,0,1,0,Mass,21,Vijay Nagar Branch,Indore,22300,51,26.2,Life Insurance
2821,29,4,102,110041,2,3.3,1,303,0,0,0,0,0,Affluent,2,Connaught Place Branch,Delhi,330200,70,59.3,Fixed Deposit
2822,57,32,31,411069,3,0.1,2,0,0,0,0,1,0,Mass,14,Kothrud Branch,Pune,54900,60,29.8,Life Insurance
2823,30,5,30,400018,4,0.8,1,158,0,0,0,1,0,Mass,9,Fort Branch,Mumbai,133200,41,30.6,Credit Card
2824,33,7,21,641005,1,0.6,3,0,0,1,0,0,0,Mass,4,RS Puram Branch,Coimbatore,72600,62,24.3,Credit Card
2825,62,36,44,395071,2,0.3,1,0,0,0,0,0,0,Mass,6,Ring Road Branch,Surat,77700,68,31.7,Life Insurance
2826,35,10,48,700038,1,2.5,3,164,0,0,0,1,0,Mass,9,Howrah Branch,Kolkata,211200,50,44.4,Credit Card
2827,37,11,21,500062,3,0.2,2,0,0,0,0,1,0,Mass,7,Secunderabad Branch,Hyderabad,29600,46,18.3,Life Insurance
2828,37,11,84,110083,4,2.2,2,0,0,0,0,1,1,Mass Affluent,5,Dwarka Branch,Delhi,274100,73,56.9,Life Insurance
2829,35,10,64,302090,3,0.7,2,230,0,0,0,1,0,Mass Affluent,5,C Scheme Branch,Jaipur,197600,60,44.9,Credit Card
2830,35,9,82,700095,1,2.5,1,138,0,0,0,0,0,Mass Affluent,3,Park Street Branch,Kolkata,262900,66,52.8,Credit Card
2831,59,35,39,110063,4,1.3,1,0,0,0,0,1,0,Mass,10,Karol Bagh Branch,Delhi,88100,60,32.2,Life Insurance
2832,53,27,45,500066,2,0.8,3,0,0,0,0,1,1,Mass,6,Hitech City Branch,Hyderabad,143700,70,39.5,Life Insurance
2833,45,21,133,500085,4,5.7,3,0,1,0,1,1,1,Affluent,16,Hitech City Branch,Hyderabad,1036200,75,77.3,Mutual Funds
2834,46,22,152,302036,2,1.4,1,0,0,0,0,1,0,Affluent,12,C Scheme Branch,Jaipur,541900,85,80.1,Home Loan
2835,40,16,12,411065,1,1.0,1,91,0,1,0,0,0,Mass,3,Kothrud Branch,Pune,108600,42,22.6,Credit Card
2836,42,16,32,411070,3,1.5,1,149,0,0,0,1,0,Mass,16,Hinjewadi Branch,Pune,168700,41,39.6,Credit Card
2837,25,1,74,411066,4,2.6,1,204,0,0,0,0,0,Mass Affluent,2,Hinjewadi Branch,Pune,209700,57,44.5,Credit Card
2838,39,14,54,110090,2,1.1,2,159,0,0,0,0,1,Mass,3,Dwarka Branch,Delhi,187500,58,39.9,Fixed Deposit
2839,30,6,181,560084,3,4.1,2,0,1,0,1,1,1,HNI,7,Koramangala Branch,Bengaluru,954000,81,73.5,Home Loan
2840,58,33,75,400050,2,0.0,3,0,0,0,0,1,0,Mass Affluent,20,Fort Branch,Mumbai,235500,78,64.8,Credit Card
2841,41,15,95,380066,3,0.1,1,240,0,1,0,0,0,Affluent,6,Satellite Branch,Ahmedabad,324100,87,63.1,Credit Card
2842,37,11,190,560025,4,7.3,2,565,1,0,1,1,0,HNI,3,Indiranagar Branch,Bengaluru,1088700,73,70.0,Credit Card
2843,36,11,90,560003,1,2.8,1,0,0,0,0,1,0,Mass Affluent,6,Whitefield Branch,Bengaluru,255100,71,58.1,Credit Card
2844,27,3,20,110028,4,1.0,1,134,0,0,0,1,1,Mass,4,Karol Bagh Branch,Delhi,118400,36,23.2,Gold Loan
2845,60,34,64,110058,3,2.2,3,0,0,0,0,0,0,Mass Affluent,18,Karol Bagh Branch,Delhi,205300,68,57.0,Credit Card
2846,62,36,85,600023,2,1.7,3,98,0,0,0,0,0,Mass Affluent,9,OMR Branch,Chennai,327200,77,64.1,Credit Card
2847,67,43,105,110078,4,1.7,2,0,0,0,0,1,0,Mass Affluent,6,Connaught Place Branch,Delhi,296500,83,65.2,Fixed Deposit
2848,44,18,21,400012,1,0.2,1,0,0,0,0,1,0,Mass,11,Bandra West Branch,Mumbai,39900,60,25.1,Credit Card
2849,24,-1,78,380050,2,1.8,2,0,0,0,0,0,0,Mass Affluent,2,Satellite Branch,Ahmedabad,152700,67,42.3,Credit Card
2850,45,21,158,560026,2,6.67,1,132,0,0,0,1,1,HNI,13,Indiranagar Branch,Bengaluru,1238200,83,81.4,Fixed Deposit
2851,58,34,125,560080,1,4.3,1,219,0,0,0,0,0,Affluent,26,Whitefield Branch,Bengaluru,933000,79,88.0,Fixed Deposit
2852,61,36,81,560090,3,1.8,2,0,0,0,0,1,0,Mass Affluent,11,Whitefield Branch,Bengaluru,255700,79,62.0,Credit Card
2853,54,29,183,302056,1,8.1,1,0,0,0,0,1,1,HNI,7,Malviya Nagar Branch,Jaipur,1122600,84,81.1,Home Loan
2854,28,3,54,560065,4,0.6,2,0,0,0,0,1,0,Mass,1,Koramangala Branch,Bengaluru,80700,62,28.8,Home Loan
2855,49,24,79,380091,4,3.6,3,212,0,0,0,1,0,Mass Affluent,24,Navrangpura Branch,Ahmedabad,545300,66,76.3,Credit Card
2856,35,11,38,452082,1,1.5,2,136,0,0,0,1,0,Mass,3,Vijay Nagar Branch,Indore,128200,47,28.7,Credit Card
2857,36,10,172,411070,4,1.0,2,295,1,0,0,1,0,HNI,11,Kothrud Branch,Pune,685000,72,73.8,Fixed Deposit
2858,34,8,184,560033,3,7.5,1,0,1,0,0,0,0,HNI,8,Koramangala Branch,Bengaluru,970600,71,77.7,Home Loan
2859,36,11,158,700077,2,7.8,1,114,0,0,0,1,1,HNI,5,Salt Lake Branch,Kolkata,1001600,79,74.7,Fixed Deposit
2860,35,11,188,500036,1,0.9,3,282,1,0,0,1,0,HNI,6,Banjara Hills Branch,Hyderabad,644400,77,71.7,Fixed Deposit
2861,27,2,20,560085,4,0.5,3,0,0,0,0,1,0,Mass,2,Indiranagar Branch,Bengaluru,22500,42,13.5,Credit Card
2862,42,18,60,500031,4,0.2,3,151,0,0,0,0,1,Mass,12,Hitech City Branch,Hyderabad,266000,68,55.4,Life Insurance
2863,65,39,113,560062,4,2.4,3,0,0,0,0,1,0,Affluent,22,Koramangala Branch,Bengaluru,538800,81,83.4,Fixed Deposit
2864,29,5,70,400091,4,0.0,1,0,0,0,0,1,1,Mass,6,Andheri East Branch,Mumbai,174700,63,44.1,Mutual Funds
2865,65,41,84,560034,2,0.0,3,0,0,0,0,1,1,Mass Affluent,9,Koramangala Branch,Bengaluru,256900,82,60.3,Life Insurance
2866,59,33,23,400059,2,0.2,3,0,0,0,0,1,0,Mass,27,Fort Branch,Mumbai,61200,62,36.3,Life Insurance
2867,46,22,141,560032,2,3.3,1,0,0,1,1,1,1,HNI,10,Whitefield Branch,Bengaluru,863700,95,77.7,Home Loan
2868,59,33,110,600084,3,4.4,1,264,0,0,0,1,0,Affluent,23,Anna Nagar Branch,Chennai,777500,70,82.5,Fixed Deposit
2869,52,26,31,452096,4,1.8,1,0,0,0,0,1,1,Mass,10,Vijay Nagar Branch,Indore,111700,41,28.8,Life Insurance
2870,60,35,22,400007,1,1.3,1,80,0,0,0,0,0,Mass,18,Fort Branch,Mumbai,142500,49,38.3,Life Insurance
2871,43,17,91,411082,1,5.2,1,0,0,1,0,0,0,Affluent,17,Kothrud Branch,Pune,531800,73,74.9,Credit Card
2872,65,39,82,500066,4,2.4,3,252,0,0,0,1,0,Mass Affluent,18,Secunderabad Branch,Hyderabad,461500,73,73.0,Credit Card
2873,50,26,23,400034,1,0.3,1,0,0,0,0,0,0,Mass,25,Fort Branch,Mumbai,53500,57,34.4,Credit Card
2874,48,23,35,110005,1,0.1,1,0,0,1,0,1,0,Mass,4,Connaught Place Branch,Delhi,97400,69,31.0,Credit Card
2875,49,25,114,400098,1,2.5,3,0,1,0,0,1,0,Affluent,10,Bandra West Branch,Mumbai,417400,67,67.4,Fixed Deposit
2876,58,33,18,110096,3,0.1,2,0,0,0,0,1,1,Mass,13,Dwarka Branch,Delhi,83600,55,29.0,Life Insurance
2877,24,-2,80,110040,2,1.6,3,238,0,0,0,0,0,Mass Affluent,2,Karol Bagh Branch,Delhi,209300,61,45.9,Credit Card
2878,58,32,74,560021,2,2.3,3,0,0,0,0,0,1,Mass Affluent,18,Indiranagar Branch,Bengaluru,341900,72,67.7,Life Insurance
2879,45,19,122,500009,4,4.1,2,0,1,0,0,1,0,Affluent,8,Hitech City Branch,Hyderabad,489100,67,68.3,Fixed Deposit
2880,42,15,73,400073,3,2.33,2,0,0,0,0,0,0,Mass Affluent,7,Bandra West Branch,Mumbai,180700,68,48.7,Credit Card
2881,64,40,40,110092,2,1.1,1,0,0,0,0,1,0,Mass,28,Dwarka Branch,Delhi,137100,66,49.0,Life Insurance
2882,49,25,55,400073,4,0.1,3,0,0,0,0,1,0,Mass,12,Bandra West Branch,Mumbai,127900,67,42.7,Life Insurance
2883,55,31,69,600081,1,2.7,2,0,0,1,0,0,1,Mass Affluent,12,OMR Branch,Chennai,363700,74,63.4,Life Insurance
2884,40,14,92,560015,4,1.4,2,0,0,0,0,1,0,Mass Affluent,3,Whitefield Branch,Bengaluru,203400,76,53.1,Credit Card
2885,28,2,48,600087,4,2.1,3,0,0,0,0,1,1,Mass,3,Anna Nagar Branch,Chennai,136400,53,32.7,Gold Loan
2886,57,31,113,110053,4,0.6,3,327,1,0,0,1,0,Affluent,12,Connaught Place Branch,Delhi,451100,68,67.3,Fixed Deposit
2887,50,25,58,400055,1,1.3,2,0,0,0,0,1,0,Mass,18,Bandra West Branch,Mumbai,180800,67,53.2,Credit Card
2888,40,16,109,452079,2,2.2,1,0,0,0,0,1,0,Affluent,11,Palasia Branch,Indore,390400,85,73.4,Fixed Deposit
2889,55,28,39,400091,3,1.0,2,0,0,0,0,1,1,Mass,10,Andheri East Branch,Mumbai,122400,54,34.2,Life Insurance
2890,53,29,33,400088,3,1.9,2,144,0,0,0,0,0,Mass,27,Bandra West Branch,Mumbai,222000,46,52.3,Life Insurance
2891,48,24,18,400014,4,0.2,1,0,0,0,0,1,1,Mass,14,Bandra West Branch,Mumbai,88600,52,29.5,Life Insurance
2892,59,33,63,395018,1,1.6,1,0,0,0,0,1,1,Mass,18,Adajan Branch,Surat,292900,70,63.3,Life Insurance
2893,58,32,43,600055,1,2.8,2,0,0,0,0,1,0,Mass,16,OMR Branch,Chennai,127100,57,40.8,Life Insurance
2894,38,14,70,600072,4,2.0,3,0,0,0,0,1,0,Mass Affluent,3,T Nagar Branch,Chennai,147600,63,40.5,Credit Card
2895,49,25,19,395054,1,0.9,3,0,0,0,0,0,0,Mass,5,Adajan Branch,Surat,23000,50,17.2,Credit Card
2896,60,36,39,400032,4,1.3,2,140,0,0,0,1,0,Mass,21,Andheri East Branch,Mumbai,220300,55,52.7,Life Insurance
2897,54,28,81,440010,3,0.8,1,0,0,0,0,0,0,Mass Affluent,11,Sitabuldi Branch,Nagpur,198500,75,55.8,Credit Card
2898,28,2,34,110064,4,1.3,3,0,0,0,0,0,0,Mass,2,Karol Bagh Branch,Delhi,44300,55,20.9,Home Loan
2899,27,1,140,411065,1,5.9,2,175,1,1,1,1,0,HNI,4,Hinjewadi Branch,Pune,889900,76,66.8,Credit Card
2900,42,18,114,560047,1,0.3,1,0,0,0,0,0,0,Mass Affluent,14,Whitefield Branch,Bengaluru,322000,86,72.9,Fixed Deposit
2901,52,28,55,560015,2,3.2,3,151,0,0,0,0,0,Mass Affluent,18,Indiranagar Branch,Bengaluru,306700,59,60.6,Life Insurance
2902,54,30,21,452001,1,0.1,2,76,0,0,0,1,0,Mass,22,Palasia Branch,Indore,148200,55,42.8,Life Insurance
2903,56,30,50,400065,4,2.8,2,0,0,1,0,1,0,Mass Affluent,10,Bandra West Branch,Mumbai,217900,69,50.7,Life Insurance
2904,58,34,41,395017,3,1.5,1,0,0,0,0,1,1,Mass,11,Vesu Branch,Surat,159900,54,39.8,Life Insurance
2905,56,32,190,560066,3,2.2,1,0,1,0,1,1,0,HNI,13,Whitefield Branch,Bengaluru,964700,89,82.2,Home Loan
2906,64,40,8,411040,2,0.3,3,0,0,0,0,1,0,Mass,11,Kothrud Branch,Pune,12000,49,19.0,Life Insurance
2907,35,8,55,440028,2,1.67,2,0,0,0,0,1,0,Mass,2,Wardha Road Branch,Nagpur,97300,59,31.0,Credit Card
2908,45,20,40,400081,2,1.3,1,0,0,0,0,0,1,Mass,2,Bandra West Branch,Mumbai,99500,55,27.1,Home Loan
2909,57,32,22,452041,3,0.1,2,0,0,0,0,1,0,Mass,23,Palasia Branch,Indore,44500,53,31.2,Life Insurance
2910,35,8,44,600092,2,1.67,2,0,0,1,0,0,1,Mass,8,T Nagar Branch,Chennai,193800,58,42.7,Life Insurance
2911,46,22,102,700025,3,4.5,3,0,1,0,0,1,0,Affluent,10,Howrah Branch,Kolkata,437900,63,66.5,Fixed Deposit
2912,30,4,54,400084,4,1.8,3,235,0,0,0,1,0,Mass Affluent,7,Andheri East Branch,Mumbai,191900,50,41.9,Life Insurance
2913,44,20,130,500017,4,3.2,2,0,1,0,0,0,0,Affluent,7,Hitech City Branch,Hyderabad,432400,68,66.9,Fixed Deposit
2914,39,12,75,411011,3,2.33,2,0,0,0,0,1,1,Mass Affluent,11,Hinjewadi Branch,Pune,299600,68,60.1,Life Insurance
2915,42,18,42,500039,2,1.7,1,0,0,0,0,1,0,Mass,12,Hitech City Branch,Hyderabad,99300,58,35.2,Home Loan
2916,34,9,133,400028,1,3.8,1,0,0,0,0,1,0,Affluent,5,Fort Branch,Mumbai,447400,77,71.1,Fixed Deposit
2917,46,20,40,110020,1,1.2,2,0,0,0,0,1,0,Mass,14,Dwarka Branch,Delhi,103200,68,38.9,Credit Card
2918,55,31,34,226048,3,1.5,1,101,0,0,0,1,0,Mass,25,Gomti Nagar Branch,Lucknow,226400,53,54.5,Life Insurance
2919,28,3,142,400081,1,0.8,1,0,0,0,0,1,0,Affluent,1,Andheri East Branch,Mumbai,321700,88,66.9,Fixed Deposit
2920,35,10,64,700077,3,2.3,1,0,0,0,1,1,1,Mass Affluent,2,Park Street Branch,Kolkata,232600,68,46.9,Life Insurance
2921,60,35,44,395008,2,1.6,3,170,0,0,0,1,0,Mass,6,Adajan Branch,Surat,166700,58,39.2,Life Insurance
2922,50,24,95,400029,1,0.3,1,262,0,0,0,1,0,Mass Affluent,16,Bandra West Branch,Mumbai,390400,74,70.9,Credit Card
2923,52,26,49,110093,1,1.4,3,0,0,0,0,1,0,Mass,10,Karol Bagh Branch,Delhi,118700,63,38.5,Life Insurance
2924,51,27,12,411067,2,0.2,1,0,0,0,0,0,0,Mass,24,Hinjewadi Branch,Pune,22600,51,28.2,Life Insurance
2925,51,26,98,400055,1,1.3,3,0,0,0,0,1,1,Mass Affluent,19,Andheri East Branch,Mumbai,479500,89,79.2,Life Insurance
2926,59,35,42,600002,4,0.4,1,0,0,0,0,1,0,Mass,21,T Nagar Branch,Chennai,110600,61,42.7,Life Insurance
2927,53,28,44,411046,2,0.6,3,0,0,0,0,1,1,Mass,12,Viman Nagar Branch,Pune,153600,64,42.7,Life Insurance
2928,43,17,124,600049,1,5.2,1,0,0,0,0,0,0,Affluent,13,T Nagar Branch,Chennai,540100,72,76.4,Fixed Deposit
2929,31,6,175,560012,2,6.7,1,0,0,0,0,1,0,HNI,5,Koramangala Branch,Bengaluru,794200,80,79.3,Home Loan
2930,32,6,22,411016,4,0.3,1,0,0,0,0,0,0,Mass,9,Kothrud Branch,Pune,23100,43,18.4,Gold Loan
2931,41,17,78,600074,4,2.67,1,99,0,0,0,1,0,Mass Affluent,14,Anna Nagar Branch,Chennai,390600,67,66.2,Credit Card
2932,31,4,54,110039,2,1.0,2,109,0,0,0,0,1,Mass,4,Dwarka Branch,Delhi,181500,53,38.6,Auto Loan
2933,41,16,154,600066,1,7.0,1,0,0,0,0,0,1,HNI,17,Anna Nagar Branch,Chennai,1064900,78,84.7,Home Loan
2934,47,22,42,160020,3,2.7,2,0,0,0,0,1,0,Mass,3,Sector 35 Branch,Chandigarh,78900,46,24.0,Credit Card
2935,37,13,195,411005,2,6.5,1,635,0,0,0,1,0,HNI,14,Viman Nagar Branch,Pune,1344600,77,84.3,Fixed Deposit
2936,53,23,80,500075,1,3.0,3,0,0,0,0,1,1,Mass Affluent,16,Secunderabad Branch,Hyderabad,383900,70,68.2,Life Insurance
2937,49,22,81,560009,3,2.0,2,0,0,0,0,1,0,Mass Affluent,5,Indiranagar Branch,Bengaluru,196800,70,50.8,Credit Card
2938,62,36,89,400086,2,2.0,1,0,0,0,0,1,1,Mass Affluent,12,Bandra West Branch,Mumbai,367600,77,68.0,Life Insurance
2939,33,9,61,110075,3,2.6,2,0,0,0,0,1,0,Mass Affluent,8,Dwarka Branch,Delhi,156500,62,43.2,Credit Card
2940,54,24,25,400039,4,0.4,3,0,0,0,0,0,1,Mass,10,Andheri East Branch,Mumbai,85300,58,29.1,Life Insurance
2941,27,3,43,395044,3,0.1,2,163,0,0,0,1,0,Mass,4,Adajan Branch,Surat,127100,55,32.2,Credit Card
2942,60,35,122,110008,1,2.6,1,352,0,0,0,0,0,Affluent,8,Karol Bagh Branch,Delhi,479200,78,70.8,Fixed Deposit
2943,29,5,160,302033,1,4.3,1,385,0,0,0,1,0,HNI,3,C Scheme Branch,Jaipur,637700,76,71.8,Fixed Deposit
2944,56,32,83,110031,4,1.6,2,0,0,0,0,0,0,Mass Affluent,20,Dwarka Branch,Delhi,289300,74,69.2,Credit Card
2945,55,30,79,110096,2,0.0,3,0,0,0,0,0,0,Mass Affluent,14,Connaught Place Branch,Delhi,196500,81,58.5,Credit Card
2946,45,19,30,560072,3,0.5,2,0,0,0,0,1,1,Mass,6,Indiranagar Branch,Bengaluru,98400,55,28.2,Life Insurance
2947,33,9,145,560072,1,4.3,1,437,0,0,0,1,0,Affluent,4,Whitefield Branch,Bengaluru,581600,70,69.5,Fixed Deposit
2948,45,21,151,380054,2,3.3,1,328,0,0,0,0,0,Affluent,18,Navrangpura Branch,Ahmedabad,872800,84,85.4,Fixed Deposit
2949,44,18,14,641048,2,0.1,3,98,0,0,0,0,1,Mass,15,Peelamedu Branch,Coimbatore,145100,49,36.1,Life Insurance
2950,37,11,19,160051,3,0.2,2,0,0,0,0,1,0,Mass,9,Sector 35 Branch,Chandigarh,28100,53,20.8,Gold Loan
2951,42,16,55,400015,1,0.7,3,135,0,0,0,1,0,Mass,15,Bandra West Branch,Mumbai,236400,62,54.1,Credit Card
2952,26,2,132,380067,2,2.4,3,0,1,0,0,0,1,Affluent,3,Navrangpura Branch,Ahmedabad,402400,67,60.6,Fixed Deposit
2953,33,8,182,400024,1,8.6,1,0,0,0,0,0,0,HNI,4,Bandra West Branch,Mumbai,839500,74,77.8,Home Loan
2954,61,36,78,682078,3,0.5,1,0,0,0,0,1,1,Mass Affluent,21,MG Road Kochi Branch,Kochi,352100,77,71.3,Life Insurance
2955,31,7,42,500031,1,2.4,2,0,0,0,0,1,1,Mass,6,Secunderabad Branch,Hyderabad,143600,53,34.7,Auto Loan
2956,54,29,44,560067,2,2.3,3,187,0,0,0,1,0,Mass,25,Koramangala Branch,Bengaluru,292400,51,60.7,Life Insurance
2957,62,38,195,110080,4,5.2,3,522,1,0,1,1,1,HNI,24,Karol Bagh Branch,Delhi,2018900,84,83.4,Mutual Funds
2958,61,36,53,400001,3,0.5,2,0,0,0,0,1,0,Mass,13,Fort Branch,Mumbai,127400,69,43.4,Life Insurance
2959,66,41,65,110080,3,2.4,1,0,0,0,0,0,0,Mass Affluent,2,Connaught Place Branch,Delhi,125800,68,37.9,Credit Card
2960,38,12,43,682075,4,0.2,1,0,0,0,0,0,0,Mass,9,Kakkanad Branch,Kochi,71700,63,31.2,Life Insurance
2961,55,29,38,380018,4,1.5,3,0,0,0,0,0,1,Mass,10,Satellite Branch,Ahmedabad,127200,52,34.1,Life Insurance
2962,60,36,50,440030,1,1.8,3,0,0,0,0,1,0,Mass,19,Dharampeth Branch,Nagpur,168000,66,50.9,Life Insurance
2963,23,-2,81,400035,2,1.8,2,0,0,0,0,0,0,Mass Affluent,0,Bandra West Branch,Mumbai,143200,63,39.5,Credit Card
2964,29,3,41,600057,1,1.9,3,0,0,0,0,1,1,Mass,6,T Nagar Branch,Chennai,131500,54,33.3,Mutual Funds
2965,35,10,73,110030,3,2.3,1,0,0,0,0,1,0,Mass Affluent,12,Connaught Place Branch,Delhi,224100,63,55.0,Credit Card
2966,53,27,31,600076,2,0.4,3,104,0,0,0,0,1,Mass,13,T Nagar Branch,Chennai,185900,58,43.6,Life Insurance
2967,32,7,84,560082,3,0.6,2,0,0,0,0,1,1,Mass Affluent,9,Indiranagar Branch,Bengaluru,250500,69,56.5,Life Insurance
2968,38,14,95,110020,2,1.9,1,0,0,0,0,1,1,Mass Affluent,7,Dwarka Branch,Delhi,330500,77,63.8,Home Loan
2969,44,18,162,600073,4,1.3,1,301,1,0,0,0,0,Affluent,21,T Nagar Branch,Chennai,775700,66,79.2,Fixed Deposit
2970,43,18,60,110083,2,2.2,3,115,0,0,0,0,0,Mass Affluent,13,Karol Bagh Branch,Delhi,262300,62,55.5,Life Insurance
2971,54,30,121,500030,2,1.1,3,0,1,1,0,0,0,Affluent,22,Secunderabad Branch,Hyderabad,603800,81,80.2,Fixed Deposit
2972,52,25,43,411029,3,1.0,2,165,0,0,1,1,1,Mass Affluent,18,Kothrud Branch,Pune,375700,65,62.3,Life Insurance
2973,31,7,38,400099,1,1.8,2,182,0,0,1,1,1,Mass Affluent,6,Bandra West Branch,Mumbai,253700,52,44.0,Gold Loan
2974,47,22,82,452057,1,2.9,1,276,0,0,0,1,0,Mass Affluent,13,Vijay Nagar Branch,Indore,386800,65,65.6,Credit Card
2975,42,18,52,500081,4,1.9,1,0,0,0,0,1,0,Mass,13,Hitech City Branch,Hyderabad,140300,56,41.6,Life Insurance
2976,57,33,43,302072,3,1.5,1,168,0,0,0,0,1,Mass,28,Vaishali Nagar Branch,Jaipur,343200,56,63.8,Life Insurance
2977,33,8,82,411015,1,2.6,2,0,0,1,1,1,1,Affluent,4,Kothrud Branch,Pune,425600,87,63.3,Personal Loan
2978,35,10,161,700072,1,4.1,1,0,0,1,0,1,0,HNI,4,Howrah Branch,Kolkata,667900,90,76.5,Home Loan
2979,56,30,24,700063,2,0.7,2,0,0,0,0,1,0,Mass,27,Howrah Branch,Kolkata,58200,51,33.5,Life Insurance
2980,57,32,102,160086,1,2.6,1,0,0,0,0,1,0,Mass Affluent,18,Sector 17 Branch,Chandigarh,458600,86,79.8,Fixed Deposit
2981,25,-1,53,600055,3,2.4,2,0,0,0,0,0,0,Mass,2,Anna Nagar Branch,Chennai,97600,54,29.5,Life Insurance
2982,53,28,85,110032,1,1.2,1,0,0,0,0,0,0,Mass Affluent,1,Dwarka Branch,Delhi,158800,77,46.3,Credit Card
2983,59,33,111,400082,3,4.4,1,0,0,0,0,1,0,Affluent,11,Bandra West Branch,Mumbai,479900,79,74.8,Fixed Deposit
2984,56,32,90,600086,2,0.3,1,0,0,0,0,1,1,Mass Affluent,21,OMR Branch,Chennai,391100,82,75.5,Life Insurance
2985,54,28,94,400021,2,1.1,1,188,0,0,0,0,0,Mass Affluent,6,Fort Branch,Mumbai,291000,77,60.5,Credit Card
2986,48,23,63,110070,4,3.6,3,0,0,0,0,0,0,Mass Affluent,24,Connaught Place Branch,Delhi,252300,58,62.1,Credit Card
2987,55,30,153,400093,2,2.8,2,0,1,1,1,1,0,HNI,11,Bandra West Branch,Mumbai,890500,94,78.4,Home Loan
2988,33,7,39,600019,2,2.0,3,0,0,0,0,0,0,Mass,5,T Nagar Branch,Chennai,71100,55,25.8,Credit Card
2989,46,21,205,110099,2,8.8,1,181,0,1,0,1,0,HNI,2,Dwarka Branch,Delhi,1237600,83,75.4,Fixed Deposit
2990,42,18,142,600005,1,3.4,1,496,0,0,0,1,0,Affluent,6,T Nagar Branch,Chennai,611700,81,73.9,Fixed Deposit
2991,49,25,163,380068,2,0.4,1,0,0,1,0,0,0,Affluent,11,Satellite Branch,Ahmedabad,561100,97,80.5,Home Loan
2992,42,17,113,302070,3,1.0,1,0,0,1,0,1,0,Affluent,3,Malviya Nagar Branch,Jaipur,332400,88,64.9,Fixed Deposit
2993,46,21,64,560019,1,2.9,1,0,0,0,0,1,1,Mass Affluent,12,Indiranagar Branch,Bengaluru,280600,69,58.6,Personal Loan
2994,65,40,20,600015,3,0.1,3,0,0,0,0,0,1,Mass,10,T Nagar Branch,Chennai,70300,49,24.2,Life Insurance
2995,50,24,179,600013,1,1.0,1,0,0,0,0,1,0,Affluent,12,Anna Nagar Branch,Chennai,654300,91,84.6,Home Loan
2996,54,24,91,500039,2,4.5,3,90,0,0,0,1,0,Affluent,20,Hitech City Branch,Hyderabad,641500,74,79.1,Credit Card
2997,42,18,103,411088,1,3.33,1,0,1,1,1,1,1,Affluent,14,Kothrud Branch,Pune,762600,78,71.8,Home Loan
2998,57,33,80,110038,4,1.6,2,0,0,0,0,0,0,Mass Affluent,21,Dwarka Branch,Delhi,267600,70,66.5,Credit Card
2999,61,35,38,440091,2,0.3,1,0,0,0,0,0,0,Mass,18,Dharampeth Branch,Nagpur,89600,69,39.3,Life Insurance
3000,60,34,44,400083,1,0.2,1,0,0,0,0,0,1,Mass,21,Fort Branch,Mumbai,173200,64,50.6,Life Insurance
3001,40,14,164,302017,1,4.3,2,0,1,0,0,0,0,HNI,3,Vaishali Nagar Branch,Jaipur,553900,72,69.3,Home Loan
3002,33,7,81,600051,3,1.6,1,0,0,0,0,1,1,Mass Affluent,9,T Nagar Branch,Chennai,280400,72,59.1,Auto Loan
3003,37,13,95,110035,2,1.7,2,83,0,0,0,0,0,Mass Affluent,5,Connaught Place Branch,Delhi,300700,76,60.4,Credit Card
3004,52,28,44,700012,3,1.9,2,0,0,0,0,0,1,Mass,23,Park Street Branch,Kolkata,216800,59,55.4,Life Insurance
3005,33,7,88,400034,3,1.6,1,0,0,0,0,1,1,Mass Affluent,3,Bandra West Branch,Mumbai,245900,71,53.2,Home Loan
3006,62,36,148,380029,3,7.0,2,0,1,0,0,1,0,HNI,28,Satellite Branch,Ahmedabad,1297800,72,88.5,Fixed Deposit
3007,62,37,169,600027,3,5.0,2,184,1,0,1,1,1,HNI,13,OMR Branch,Chennai,1308600,80,75.3,Mutual Funds
3008,63,37,11,400004,1,0.8,2,102,0,0,0,0,1,Mass,22,Fort Branch,Mumbai,165400,39,40.1,Life Insurance
3009,55,25,92,400088,1,3.0,3,158,0,0,0,0,1,Mass Affluent,13,Andheri East Branch,Mumbai,512700,74,70.2,Life Insurance
3010,33,9,74,700062,3,2.6,2,0,0,0,0,1,0,Mass Affluent,3,Salt Lake Branch,Kolkata,168300,60,42.9,Credit Card
3011,25,1,72,110033,3,0.8,1,0,0,0,0,1,0,Mass Affluent,2,Karol Bagh Branch,Delhi,137400,68,40.1,Credit Card
3012,55,31,63,160009,3,2.67,1,0,0,0,0,1,0,Mass Affluent,8,IT Park Branch,Chandigarh,169200,58,44.2,Credit Card
3013,29,3,172,380036,2,4.5,1,415,0,0,0,1,0,HNI,2,Maninagar Branch,Ahmedabad,679800,77,72.5,Fixed Deposit
3014,45,21,183,411080,2,1.4,1,0,0,0,0,1,1,HNI,11,Kothrud Branch,Pune,747700,89,81.9,Home Loan
3015,60,34,40,110072,1,2.5,3,166,0,0,0,1,0,Mass,25,Karol Bagh Branch,Delhi,276300,49,58.2,Life Insurance
3016,44,18,68,700010,4,2.9,1,0,0,1,0,0,1,Mass Affluent,6,Park Street Branch,Kolkata,284700,66,53.3,Life Insurance
3017,48,23,78,641064,4,3.6,3,0,0,0,0,1,0,Mass Affluent,21,Peelamedu Branch,Coimbatore,339600,64,69.4,Credit Card
3018,57,32,68,400086,2,3.7,1,184,0,0,0,0,0,Mass Affluent,23,Bandra West Branch,Mumbai,446500,64,71.9,Credit Card
3019,58,32,49,560005,1,1.4,1,99,0,0,0,1,1,Mass,25,Whitefield Branch,Bengaluru,405100,64,68.8,Life Insurance
3020,58,33,39,110061,2,2.3,3,0,0,0,0,1,0,Mass,22,Connaught Place Branch,Delhi,123300,51,41.5,Life Insurance
3021,44,20,151,560066,1,3.5,1,392,0,0,0,1,0,Affluent,5,Koramangala Branch,Bengaluru,625700,80,73.6,Fixed Deposit
3022,54,28,159,700023,2,0.5,1,461,0,0,0,1,0,Affluent,1,Salt Lake Branch,Kolkata,422300,86,68.5,Fixed Deposit
3023,59,33,89,500086,4,1.9,2,0,0,0,0,1,1,Mass Affluent,25,Banjara Hills Branch,Hyderabad,503000,78,80.1,Life Insurance
3024,63,37,105,600004,4,1.7,3,244,0,0,0,0,1,Affluent,6,T Nagar Branch,Chennai,402800,76,63.9,Fixed Deposit
3025,61,35,78,560005,2,2.0,1,0,0,0,0,1,1,Mass Affluent,21,Koramangala Branch,Bengaluru,403400,75,72.9,Life Insurance
3026,58,32,128,400005,2,2.7,1,344,0,0,0,0,0,Affluent,5,Bandra West Branch,Mumbai,475500,83,70.4,Fixed Deposit
3027,44,20,81,110065,4,0.8,1,228,0,0,0,0,1,Mass Affluent,5,Karol Bagh Branch,Delhi,281200,71,54.6,Life Insurance
3028,53,29,50,226097,4,0.1,3,152,0,0,0,1,0,Mass,6,Hazratganj Branch,Lucknow,167200,63,41.1,Life Insurance
3029,63,39,38,600068,3,0.1,3,178,0,0,0,1,1,Mass,5,OMR Branch,Chennai,171400,63,38.7,Life Insurance
3030,41,17,119,560027,2,6.1,1,263,0,1,0,1,0,Affluent,6,Koramangala Branch,Bengaluru,727300,79,71.9,Fixed Deposit
3031,50,26,110,380084,3,1.8,2,0,0,0,0,1,0,Affluent,8,Maninagar Branch,Ahmedabad,328400,78,67.4,Fixed Deposit
3032,51,25,29,400033,1,1.4,3,102,0,0,0,0,1,Mass,17,Fort Branch,Mumbai,212800,46,45.5,Life Insurance
3033,47,22,19,110038,1,0.4,3,0,0,0,0,1,0,Mass,19,Dwarka Branch,Delhi,44700,54,28.6,Credit Card
3034,43,19,130,110055,2,4.7,3,221,1,0,0,0,1,Affluent,6,Connaught Place Branch,Delhi,629700,61,63.7,Fixed Deposit
3035,46,21,38,395037,1,2.4,1,130,0,0,0,1,0,Mass,18,Vesu Branch,Surat,223000,47,48.9,Credit Card
3036,50,24,31,700074,1,0.3,3,0,0,0,0,0,0,Mass,20,Howrah Branch,Kolkata,78100,62,36.4,Credit Card
3037,33,9,14,600060,4,0.7,2,105,0,0,0,1,0,Mass,3,OMR Branch,Chennai,74500,35,16.6,Credit Card
3038,27,2,158,400085,3,0.4,2,0,1,0,1,1,0,Affluent,2,Fort Branch,Mumbai,415400,75,63.2,Home Loan
3039,34,8,39,110028,4,0.2,1,115,0,0,0,1,0,Mass,10,Connaught Place Branch,Delhi,148300,52,37.0,Credit Card
3040,34,9,141,411047,2,4.9,3,0,1,0,0,0,1,Affluent,11,Viman Nagar Branch,Pune,708100,66,72.0,Fixed Deposit
3041,28,2,33,560069,3,1.0,1,167,0,0,0,1,0,Mass,5,Whitefield Branch,Bengaluru,110900,42,26.3,Gold Loan
3042,29,5,92,452011,2,0.6,1,0,0,0,0,1,0,Mass Affluent,1,MG Road Branch,Indore,170500,75,47.9,Credit Card
3043,52,26,78,380001,3,3.0,2,0,0,0,0,0,0,Mass Affluent,9,Navrangpura Branch,Ahmedabad,220000,69,54.8,Credit Card
3044,47,22,42,500013,3,2.7,2,0,0,0,0,1,1,Mass,24,Banjara Hills Branch,Hyderabad,245000,55,57.0,Life Insurance
3045,41,16,15,700024,2,0.3,2,83,0,0,0,0,0,Mass,4,Howrah Branch,Kolkata,76300,47,20.6,Credit Card
3046,58,32,48,440040,1,2.8,2,0,0,0,0,1,0,Mass,27,Dharampeth Branch,Nagpur,206700,66,58.6,Life Insurance
3047,37,12,63,500086,3,2.3,1,0,0,0,0,1,0,Mass Affluent,7,Hitech City Branch,Hyderabad,157000,61,42.8,Credit Card
3048,57,33,149,411023,1,4.7,1,0,0,1,0,0,0,HNI,18,Kothrud Branch,Pune,957600,91,87.7,Fixed Deposit
3049,63,39,49,682045,1,0.8,1,103,0,0,0,1,0,Mass,27,Edappally Branch,Kochi,303000,64,65.1,Life Insurance
3050,60,35,125,110061,2,3.9,1,0,0,0,0,0,0,Affluent,20,Connaught Place Branch,Delhi,618900,81,84.4,Fixed Deposit
3051,50,25,58,160092,1,1.3,2,0,0,0,0,1,0,Mass,5,Sector 35 Branch,Chandigarh,125400,70,39.0,Credit Card
3052,60,35,48,400049,3,1.5,1,0,0,0,0,1,0,Mass,11,Bandra West Branch,Mumbai,118000,65,39.4,Life Insurance
3053,54,30,75,411036,2,3.2,3,0,0,0,0,0,1,Mass Affluent,18,Kothrud Branch,Pune,373300,71,68.9,Life Insurance
3054,28,4,114,380036,2,0.2,1,0,0,0,0,1,0,Mass Affluent,6,Satellite Branch,Ahmedabad,260500,76,61.3,Fixed Deposit
3055,45,21,134,600094,4,5.5,2,0,1,0,1,1,1,Affluent,6,T Nagar Branch,Chennai,743500,72,68.1,Mutual Funds
3056,28,2,111,500078,4,2.3,3,0,0,0,0,1,0,Affluent,6,Banjara Hills Branch,Hyderabad,323800,79,66.2,Fixed Deposit
3057,54,29,62,600050,4,3.8,2,149,0,0,0,1,0,Mass Affluent,10,T Nagar Branch,Chennai,291300,54,54.2,Credit Card
3058,42,18,45,400073,1,0.7,1,0,0,1,0,1,0,Mass,10,Fort Branch,Mumbai,158800,76,45.3,Credit Card
3059,30,4,113,110040,2,0.2,1,0,0,0,0,1,0,Mass Affluent,5,Karol Bagh Branch,Delhi,248100,79,60.3,Fixed Deposit
3060,61,36,128,110079,1,2.6,1,0,0,0,0,1,0,Affluent,19,Karol Bagh Branch,Delhi,595700,83,84.0,Fixed Deposit
3061,64,38,168,600089,4,5.7,3,0,1,0,0,1,0,HNI,18,OMR Branch,Chennai,1072100,72,84.1,Home Loan
3062,38,13,81,560078,1,4.0,3,206,0,1,0,1,0,Affluent,1,Koramangala Branch,Bengaluru,355800,69,56.0,Credit Card
3063,39,14,75,110001,1,0.1,2,297,0,0,0,0,1,Mass Affluent,9,Karol Bagh Branch,Delhi,268000,70,55.3,Mutual Funds
3064,54,29,21,160015,4,0.1,3,0,0,0,0,0,0,Mass,19,IT Park Branch,Chandigarh,30800,50,26.6,Life Insurance
3065,59,33,83,560040,3,4.4,1,0,0,0,0,1,0,Mass Affluent,20,Whitefield Branch,Bengaluru,411600,75,75.4,Credit Card
3066,39,15,121,560060,1,3.5,1,368,0,1,0,1,0,Affluent,5,Koramangala Branch,Bengaluru,575500,81,69.4,Fixed Deposit
3067,63,33,40,560017,4,1.67,3,0,0,0,0,1,0,Mass,11,Indiranagar Branch,Bengaluru,98600,57,33.7,Life Insurance
3068,31,5,101,110059,1,2.9,3,170,0,1,0,0,0,Affluent,4,Karol Bagh Branch,Delhi,428700,81,64.8,Fixed Deposit
3069,56,26,90,700034,2,4.5,3,0,0,0,0,0,0,Mass Affluent,19,Park Street Branch,Kolkata,422200,77,76.5,Credit Card
3070,47,20,68,500097,1,2.67,2,0,0,0,0,1,1,Mass Affluent,14,Banjara Hills Branch,Hyderabad,301900,65,60.6,Mutual Funds
3071,28,3,74,400035,2,1.8,2,221,0,1,0,0,0,Mass Affluent,6,Bandra West Branch,Mumbai,304800,70,56.1,Credit Card
3072,32,8,74,440055,4,0.1,2,257,0,0,0,0,1,Mass Affluent,9,Dharampeth Branch,Nagpur,251500,61,51.6,Auto Loan
3073,54,30,51,302033,2,3.2,3,0,0,0,0,0,0,Mass,3,Vaishali Nagar Branch,Jaipur,110700,59,32.7,Life Insurance
3074,29,5,149,700006,1,1.5,1,0,0,0,0,1,0,Affluent,1,Salt Lake Branch,Kolkata,360100,85,68.2,Fixed Deposit
3075,39,15,31,226057,1,1.4,3,88,0,0,0,1,1,Mass,4,Gomti Nagar Branch,Lucknow,165200,49,33.2,Personal Loan
3076,26,0,85,682025,2,1.6,3,0,0,0,0,0,0,Mass Affluent,4,MG Road Kochi Branch,Kochi,186800,77,51.7,Credit Card
3077,29,-1,62,560030,2,1.75,3,0,0,0,0,0,1,Mass,5,Indiranagar Branch,Bengaluru,171100,62,42.1,Auto Loan
3078,46,21,44,600023,1,0.3,1,110,0,1,0,1,0,Mass,11,Anna Nagar Branch,Chennai,236600,69,51.4,Credit Card
3079,38,13,63,600064,3,0.5,3,190,0,1,1,1,1,Mass Affluent,12,T Nagar Branch,Chennai,453100,80,64.7,Life Insurance
3080,55,31,23,110095,2,0.3,1,0,0,0,0,1,1,Mass,15,Connaught Place Branch,Delhi,97700,53,32.2,Life Insurance
3081,48,22,40,110072,3,2.2,2,87,0,0,0,1,0,Mass,18,Karol Bagh Branch,Delhi,215500,47,48.4,Credit Card
3082,36,10,78,400014,2,4.5,3,204,0,0,0,1,1,Mass Affluent,10,Fort Branch,Mumbai,452400,55,61.1,Life Insurance
3083,39,13,40,411068,3,0.9,3,129,0,0,0,1,0,Mass,7,Hinjewadi Branch,Pune,145000,51,34.7,Credit Card
3084,40,16,78,380060,4,2.4,1,0,0,1,1,1,0,Affluent,13,Maninagar Branch,Ahmedabad,434900,82,69.2,Credit Card
3085,26,0,129,380077,3,0.7,2,0,1,0,0,0,0,Affluent,2,Satellite Branch,Ahmedabad,277900,71,57.0,Fixed Deposit
3086,55,29,71,560041,3,0.3,2,0,0,0,0,0,1,Mass,24,Koramangala Branch,Bengaluru,298300,73,68.6,Life Insurance
3087,61,35,23,110070,3,0.3,3,0,0,0,0,1,0,Mass,7,Dwarka Branch,Delhi,32300,53,20.6,Life Insurance
3088,57,33,15,500082,2,0.3,1,0,0,0,0,1,0,Mass,19,Banjara Hills Branch,Hyderabad,28000,59,28.0,Life Insurance
3089,56,31,28,600075,1,1.3,1,138,0,0,0,0,1,Mass,9,Anna Nagar Branch,Chennai,161000,40,33.1,Life Insurance
3090,31,5,23,682005,3,1.0,1,95,0,0,0,0,0,Mass,3,Kakkanad Branch,Kochi,81200,38,19.1,Gold Loan
3091,61,31,19,160030,1,1.5,3,0,0,0,0,1,0,Mass,10,IT Park Branch,Chandigarh,33100,46,20.1,Life Insurance
3092,58,32,42,682047,3,1.4,3,158,0,0,0,0,1,Mass,7,MG Road Kochi Branch,Kochi,200000,55,41.7,Life Insurance
3093,43,18,113,226024,2,0.4,1,325,0,1,0,0,0,Affluent,11,Aliganj Branch,Lucknow,455000,87,71.6,Fixed Deposit
3094,29,5,34,440007,4,0.4,2,0,0,0,0,0,1,Mass,2,Sitabuldi Branch,Nagpur,80200,51,22.8,Gold Loan
3095,50,23,19,500001,1,0.5,2,104,0,0,0,0,1,Mass,12,Banjara Hills Branch,Hyderabad,149200,49,35.0,Gold Loan
3096,49,25,43,400071,1,1.6,2,0,0,0,0,1,1,Mass,20,Bandra West Branch,Mumbai,207500,59,52.4,Home Loan
3097,43,18,179,400037,3,1.2,1,0,1,1,1,1,0,HNI,8,Fort Branch,Mumbai,761200,88,74.1,Home Loan
3098,58,32,44,560051,3,2.2,3,0,0,0,0,0,0,Mass,8,Indiranagar Branch,Bengaluru,83200,57,30.8,Life Insurance
3099,41,16,21,110028,2,0.1,2,0,0,0,0,0,0,Mass,3,Dwarka Branch,Delhi,28200,51,17.0,Life Insurance
3100,65,40,115,110004,1,2.5,1,174,0,0,0,0,1,Affluent,9,Dwarka Branch,Delhi,538300,81,70.9,Fixed Deposit
3101,52,27,81,641018,4,3.8,2,0,0,0,0,0,1,Mass Affluent,15,Gandhipuram Branch,Coimbatore,395300,71,68.4,Life Insurance
3102,55,31,91,110016,2,2.8,1,0,0,0,0,0,0,Mass Affluent,4,Connaught Place Branch,Delhi,246700,81,58.8,Credit Card
3103,49,25,30,641071,4,0.9,2,0,0,0,0,0,1,Mass,23,Gandhipuram Branch,Coimbatore,139400,54,43.1,Life Insurance
3104,52,22,55,380014,3,1.4,3,0,0,0,0,1,0,Mass,27,Navrangpura Branch,Ahmedabad,205600,66,59.6,Life Insurance
3105,56,31,48,411007,2,2.1,3,0,0,0,0,0,1,Mass,8,Kothrud Branch,Pune,159300,61,40.5,Life Insurance
3106,30,4,23,411072,4,0.3,2,121,0,0,0,0,0,Mass,5,Viman Nagar Branch,Pune,75700,43,20.8,Credit Card
3107,36,10,21,560048,3,0.1,2,0,0,0,0,0,0,Mass,4,Whitefield Branch,Bengaluru,33400,51,18.1,Credit Card
3108,41,17,55,411005,2,1.7,1,0,0,0,0,0,0,Mass,11,Kothrud Branch,Pune,135800,68,43.3,Home Loan
3109,42,15,21,110073,3,1.0,2,0,0,0,0,1,0,Mass,12,Dwarka Branch,Delhi,42900,41,21.3,Credit Card
3110,60,34,40,452031,3,2.2,3,0,0,1,0,1,0,Mass,8,Vijay Nagar Branch,Indore,154400,65,39.9,Life Insurance
3111,44,20,30,560098,4,0.3,1,0,0,0,0,0,1,Mass,8,Indiranagar Branch,Bengaluru,83300,49,25.8,Gold Loan
3112,34,9,78,110098,3,0.6,2,0,0,0,0,1,0,Mass Affluent,9,Dwarka Branch,Delhi,191900,72,52.6,Credit Card
3113,56,32,65,700019,2,3.2,3,0,0,0,0,1,0,Mass Affluent,28,Salt Lake Branch,Kolkata,295400,61,67.2,Credit Card
3114,31,5,50,411066,4,2.1,3,209,0,0,0,1,0,Mass,4,Viman Nagar Branch,Pune,160800,44,34.4,Credit Card
3115,29,4,55,500074,4,2.0,2,0,0,1,0,1,0,Mass Affluent,2,Banjara Hills Branch,Hyderabad,154200,60,36.9,Credit Card
3116,31,5,111,411075,2,0.2,1,0,0,0,0,0,0,Mass Affluent,8,Hinjewadi Branch,Pune,249600,79,62.1,Fixed Deposit
3117,36,10,21,110027,3,0.1,2,0,0,0,0,0,1,Mass,10,Karol Bagh Branch,Delhi,69800,51,24.8,Gold Loan
3118,42,16,65,411008,3,0.5,3,256,0,0,0,1,0,Mass Affluent,9,Viman Nagar Branch,Pune,239600,71,54.1,Credit Card
3119,64,39,114,110046,1,0.8,3,0,0,0,0,1,0,Affluent,4,Dwarka Branch,Delhi,283300,86,64.4,Fixed Deposit
3120,61,36,54,110047,3,0.9,3,179,0,0,0,1,0,Mass,12,Karol Bagh Branch,Delhi,235400,66,53.2,Life Insurance
3121,35,11,75,110075,2,1.7,2,0,0,0,0,1,0,Mass Affluent,7,Connaught Place Branch,Delhi,184800,69,49.8,Credit Card
3122,28,2,13,560016,4,0.4,1,0,0,0,0,0,1,Mass,5,Whitefield Branch,Bengaluru,45300,41,16.5,Gold Loan
3123,38,14,54,560077,2,0.6,3,218,0,0,0,0,0,Mass,7,Whitefield Branch,Bengaluru,163400,60,40.9,Life Insurance
3124,44,17,22,500071,3,1.0,2,126,0,0,0,1,1,Mass,13,Secunderabad Branch,Hyderabad,177700,42,37.8,Life Insurance
3125,45,20,198,110055,2,2.8,1,0,0,0,0,1,1,HNI,14,Connaught Place Branch,Delhi,988700,84,84.9,Home Loan
3126,46,20,18,110047,1,0.2,1,0,0,0,0,1,1,Mass,4,Dwarka Branch,Delhi,53900,47,18.3,Gold Loan
3127,57,32,74,600084,4,0.7,1,0,0,0,0,0,1,Mass Affluent,21,OMR Branch,Chennai,301300,75,67.8,Life Insurance
3128,40,14,61,400069,4,0.2,3,0,0,0,0,1,0,Mass,6,Fort Branch,Mumbai,107200,60,35.6,Credit Card
3129,38,12,64,411093,2,1.8,1,0,0,0,0,0,0,Mass Affluent,4,Kothrud Branch,Pune,133400,68,40.0,Credit Card
3130,39,14,10,641012,2,0.3,2,0,0,1,0,0,1,Mass,8,RS Puram Branch,Coimbatore,97100,53,26.7,Gold Loan
3131,23,-2,82,560063,2,1.8,2,0,0,1,0,0,1,Mass Affluent,1,Whitefield Branch,Bengaluru,245600,73,49.9,Home Loan
3132,47,22,61,160081,3,2.7,2,168,0,0,0,1,1,Mass Affluent,15,Sector 35 Branch,Chandigarh,409800,66,64.4,Life Insurance
3133,32,7,83,400073,2,2.5,1,148,0,1,0,1,0,Affluent,6,Fort Branch,Mumbai,384900,75,62.0,Credit Card
3134,30,5,73,400075,3,2.6,3,0,0,0,0,1,0,Mass Affluent,4,Fort Branch,Mumbai,168700,62,43.9,Credit Card
3135,54,30,22,700053,2,0.4,1,89,0,0,0,1,0,Mass,23,Park Street Branch,Kolkata,165200,53,45.1,Life Insurance
3136,25,0,91,380099,2,1.8,2,321,0,0,0,0,0,Mass Affluent,3,Maninagar Branch,Ahmedabad,262900,69,54.4,Credit Card
3137,60,34,65,302016,3,2.2,3,94,0,1,1,0,1,Mass Affluent,9,Vaishali Nagar Branch,Jaipur,491400,86,65.3,Life Insurance
3138,61,36,13,400035,3,0.5,1,0,0,0,0,1,0,Mass,6,Andheri East Branch,Mumbai,22100,45,16.0,Life Insurance
3139,36,11,103,380060,1,4.6,1,255,0,0,0,1,0,Affluent,10,Maninagar Branch,Ahmedabad,530400,70,70.5,Fixed Deposit
3140,52,26,95,560038,1,0.3,1,0,0,0,0,1,0,Mass Affluent,8,Koramangala Branch,Bengaluru,240900,81,61.1,Credit Card
3141,33,7,31,560095,4,1.0,1,0,0,0,0,1,1,Mass,3,Whitefield Branch,Bengaluru,92900,44,23.0,Life Insurance
3142,57,31,131,110019,3,0.6,1,0,1,0,0,1,0,Affluent,13,Connaught Place Branch,Delhi,452600,76,73.1,Fixed Deposit
3143,34,8,175,395058,4,1.1,3,0,1,1,1,1,1,HNI,10,Adajan Branch,Surat,832500,84,72.2,Home Loan
3144,50,24,38,400059,4,0.1,1,0,0,0,0,1,0,Mass,14,Fort Branch,Mumbai,74300,61,32.8,Credit Card
3145,43,18,104,302059,3,1.0,1,0,0,0,0,1,0,Mass Affluent,9,Malviya Nagar Branch,Jaipur,282000,78,64.7,Fixed Deposit
3146,34,10,114,411022,3,3.3,3,0,1,0,0,0,0,Affluent,11,Kothrud Branch,Pune,418500,62,66.8,Fixed Deposit
3147,26,1,38,700052,4,1.7,2,0,0,0,0,1,0,Mass,3,Park Street Branch,Kolkata,63800,45,21.1,Gold Loan
3148,26,0,30,700013,4,1.3,3,0,0,0,0,1,1,Mass,2,Park Street Branch,Kolkata,77900,42,19.9,Gold Loan
3149,48,22,19,226035,2,0.1,3,106,0,0,0,0,0,Mass,8,Gomti Nagar Branch,Lucknow,87400,52,25.8,Credit Card
3150,49,25,25,110067,4,1.0,1,0,0,0,0,1,1,Mass,4,Dwarka Branch,Delhi,69200,44,20.0,Gold Loan
3151,47,22,124,400093,4,5.0,3,0,1,0,0,0,0,Affluent,14,Bandra West Branch,Mumbai,595100,64,73.6,Fixed Deposit
3152,43,19,20,600042,3,0.5,1,0,0,0,0,0,0,Mass,6,T Nagar Branch,Chennai,23200,48,17.5,Gold Loan
3153,40,15,83,560008,1,1.0,3,0,0,0,0,0,0,Mass Affluent,9,Whitefield Branch,Bengaluru,192000,72,53.6,Credit Card
3154,31,5,18,400027,4,0.3,2,0,0,0,0,0,1,Mass,6,Fort Branch,Mumbai,52800,44,18.7,Gold Loan
3155,27,1,99,110006,1,3.0,3,149,1,0,0,0,1,Affluent,3,Connaught Place Branch,Delhi,383600,56,54.0,Mutual Funds
3156,55,29,62,560018,3,0.3,2,0,0,0,0,1,0,Mass,26,Indiranagar Branch,Bengaluru,203100,67,60.4,Credit Card
3157,54,30,24,400033,1,0.1,2,0,0,0,0,0,0,Mass,15,Fort Branch,Mumbai,44300,62,29.0,Life Insurance
3158,23,-1,13,400095,4,1.0,1,84,0,0,0,1,0,Mass,2,Fort Branch,Mumbai,56800,29,12.6,Credit Card
3159,54,28,64,682030,2,0.8,3,0,0,1,0,1,0,Mass Affluent,19,Kakkanad Branch,Kochi,291300,79,66.1,Credit Card
3160,57,33,62,560099,3,2.67,1,240,0,0,0,0,0,Mass Affluent,23,Indiranagar Branch,Bengaluru,363500,60,67.4,Credit Card
3161,41,15,158,395041,1,4.7,2,0,1,1,1,0,1,HNI,8,Adajan Branch,Surat,968100,85,72.2,Home Loan
3162,28,4,88,440090,1,5.4,1,0,0,0,0,1,0,Affluent,6,Dharampeth Branch,Nagpur,296100,63,59.0,Credit Card
3163,33,7,28,400050,4,0.8,1,0,0,0,0,1,0,Mass,10,Fort Branch,Mumbai,53900,49,23.9,Credit Card
3164,51,27,52,700042,2,1.0,3,0,0,0,0,0,0,Mass,26,Park Street Branch,Kolkata,161100,66,53.9,Life Insurance
3165,28,4,82,600028,4,0.0,1,0,0,0,0,1,1,Mass Affluent,5,OMR Branch,Chennai,195700,65,47.6,Mutual Funds
3166,63,37,140,411054,2,6.9,1,97,0,0,0,0,1,Affluent,8,Kothrud Branch,Pune,922800,84,76.8,Fixed Deposit
3167,29,4,80,400044,1,0.8,2,0,0,0,0,1,1,Mass Affluent,5,Bandra West Branch,Mumbai,225900,74,52.7,Mutual Funds
3168,62,38,58,110078,4,1.2,2,228,0,0,0,0,1,Mass Affluent,9,Dwarka Branch,Delhi,257500,64,51.7,Life Insurance
3169,51,25,180,400007,1,1.7,1,0,0,0,0,1,0,HNI,8,Bandra West Branch,Mumbai,586500,80,78.2,Home Loan
3170,52,28,55,600087,1,1.6,2,227,0,0,0,0,0,Mass Affluent,22,Anna Nagar Branch,Chennai,295900,62,63.1,Life Insurance
3171,43,16,65,395014,3,2.67,2,100,0,0,0,0,0,Mass Affluent,10,Vesu Branch,Surat,276700,63,55.7,Credit Card
3172,39,12,62,411007,3,2.33,2,0,0,0,0,0,0,Mass Affluent,6,Hinjewadi Branch,Pune,141400,62,40.4,Credit Card
3173,35,9,23,700043,4,0.3,1,0,0,0,0,0,0,Mass,2,Park Street Branch,Kolkata,23800,48,15.7,Life Insurance
3174,34,10,35,395051,1,1.7,1,0,0,0,0,1,0,Mass,7,Adajan Branch,Surat,71200,54,26.3,Credit Card
3175,49,24,35,411004,4,0.2,2,0,0,0,0,0,1,Mass,21,Viman Nagar Branch,Pune,140900,58,43.7,Home Loan
3176,43,18,74,400075,4,0.4,1,0,0,0,0,0,0,Mass Affluent,2,Fort Branch,Mumbai,122400,74,40.0,Credit Card
3177,48,24,14,226069,3,0.4,1,0,0,0,0,1,0,Mass,5,Aliganj Branch,Lucknow,18100,48,16.0,Credit Card
3178,30,4,83,560069,2,1.5,3,199,0,0,0,0,1,Mass Affluent,4,Indiranagar Branch,Bengaluru,288100,67,53.8,Auto Loan
3179,46,21,71,400012,4,1.9,3,0,0,0,0,0,0,Mass Affluent,14,Fort Branch,Mumbai,212200,69,56.2,Credit Card
3180,43,17,53,500091,2,0.7,1,130,0,1,0,1,0,Mass Affluent,11,Banjara Hills Branch,Hyderabad,280200,69,55.6,Credit Card
3181,27,3,103,452084,2,0.6,1,84,0,0,0,0,0,Mass Affluent,2,Palasia Branch,Indore,246900,72,53.8,Fixed Deposit
3182,39,15,109,110051,1,1.7,1,0,0,0,0,1,0,Affluent,4,Dwarka Branch,Delhi,276300,78,61.3,Fixed Deposit
3183,58,33,60,500052,2,1.9,2,94,0,1,0,1,0,Mass Affluent,13,Hitech City Branch,Hyderabad,380600,75,64.3,Life Insurance
3184,44,17,12,110011,3,0.67,2,0,0,0,0,1,0,Mass,15,Connaught Place Branch,Delhi,25300,43,21.1,Credit Card
3185,39,15,141,400088,2,8.0,1,0,0,0,0,1,0,Affluent,12,Bandra West Branch,Mumbai,830100,77,82.1,Fixed Deposit
3186,35,10,128,400035,1,3.8,1,0,0,0,0,1,0,Affluent,11,Bandra West Branch,Mumbai,523800,77,76.2,Fixed Deposit
3187,41,16,98,700031,3,1.0,1,296,0,0,0,0,0,Mass Affluent,15,Park Street Branch,Kolkata,393100,73,70.2,Credit Card
3188,43,18,41,226049,1,0.5,3,0,0,0,0,0,0,Mass,18,Aliganj Branch,Lucknow,94100,61,38.5,Credit Card
3189,55,25,90,400033,2,4.5,3,0,0,0,0,0,1,Mass Affluent,12,Andheri East Branch,Mumbai,428900,72,69.1,Life Insurance
3190,32,6,31,110069,1,0.3,1,0,0,0,0,0,0,Mass,5,Connaught Place Branch,Delhi,43500,51,21.1,Credit Card
3191,56,26,74,110031,1,3.0,3,0,0,0,0,0,0,Mass Affluent,19,Connaught Place Branch,Delhi,276900,69,65.1,Credit Card
3192,30,5,83,400081,4,1.8,3,0,0,0,0,0,1,Mass Affluent,4,Andheri East Branch,Mumbai,245500,77,54.8,Home Loan
3193,65,39,35,600032,1,0.5,3,0,0,0,0,0,0,Mass,21,Anna Nagar Branch,Chennai,82200,60,37.6,Life Insurance
3194,31,7,140,700077,1,4.0,1,0,0,0,0,0,1,Affluent,8,Howrah Branch,Kolkata,583000,78,73.7,Fixed Deposit
3195,41,15,65,411062,3,0.5,3,0,0,0,0,0,0,Mass,15,Viman Nagar Branch,Pune,167700,69,51.3,Credit Card
3196,55,29,35,560069,3,1.4,1,0,0,0,0,0,0,Mass,15,Whitefield Branch,Bengaluru,71500,56,31.6,Life Insurance
3197,37,7,73,600039,4,1.8,3,0,0,0,0,1,1,Mass Affluent,13,T Nagar Branch,Chennai,276100,61,57.6,Life Insurance
3198,34,10,29,400081,1,1.5,2,0,0,0,0,1,0,Mass,7,Bandra West Branch,Mumbai,49200,50,22.1,Credit Card
3199,34,9,55,400093,4,2.0,2,147,0,0,0,0,1,Mass,2,Andheri East Branch,Mumbai,196000,52,38.7,Life Insurance
3200,33,9,20,452049,4,0.7,2,0,0,0,0,1,0,Mass,8,Vijay Nagar Branch,Indore,23600,38,16.2,Credit Card
3201,48,23,70,380017,1,2.8,2,0,0,0,0,0,0,Mass Affluent,22,Maninagar Branch,Ahmedabad,274600,70,66.4,Credit Card
3202,28,3,81,452039,4,0.2,1,0,0,0,0,0,0,Mass Affluent,2,MG Road Branch,Indore,132200,72,41.5,Credit Card
3203,30,4,25,682032,2,0.3,1,0,0,1,0,1,0,Mass,2,MG Road Kochi Branch,Kochi,70300,56,21.9,Credit Card
3204,44,20,119,411025,2,7.5,1,239,0,0,0,1,0,Affluent,11,Viman Nagar Branch,Pune,773500,68,75.1,Fixed Deposit
3205,61,35,49,452018,4,1.7,2,185,0,0,0,0,0,Mass,15,Vijay Nagar Branch,Indore,209500,55,49.2,Life Insurance
3206,59,33,38,560066,1,1.4,1,0,0,0,0,1,1,Mass,11,Whitefield Branch,Bengaluru,139900,55,37.1,Life Insurance
3207,33,7,80,400080,2,1.5,3,0,0,0,0,1,1,Mass Affluent,5,Fort Branch,Mumbai,239300,71,52.9,Home Loan
3208,56,32,84,400099,1,4.3,1,0,0,0,0,1,1,Mass Affluent,15,Andheri East Branch,Mumbai,464200,75,72.1,Life Insurance
3209,53,29,61,400004,4,1.6,2,0,0,0,0,1,0,Mass,5,Andheri East Branch,Mumbai,130800,64,38.7,Credit Card
3210,42,16,173,400012,2,1.5,2,373,1,0,1,1,1,HNI,6,Fort Branch,Mumbai,764900,80,68.0,Mutual Funds
3211,43,19,60,560075,2,2.5,1,0,0,1,0,0,0,Mass Affluent,2,Whitefield Branch,Bengaluru,164600,70,41.1,Life Insurance
3212,35,9,83,700022,2,4.5,3,0,0,0,0,1,0,Mass Affluent,9,Salt Lake Branch,Kolkata,290500,66,60.6,Credit Card
3213,61,35,59,380069,1,2.8,2,0,0,0,0,0,0,Mass Affluent,10,Maninagar Branch,Ahmedabad,151400,62,43.5,Life Insurance
3214,39,9,32,600033,3,2.0,3,116,0,0,0,1,0,Mass,14,T Nagar Branch,Chennai,167300,41,38.2,Credit Card
3215,61,37,33,400068,3,0.1,3,0,0,0,0,1,0,Mass,21,Andheri East Branch,Mumbai,76300,58,36.0,Life Insurance
3216,40,15,19,700022,4,0.2,3,0,0,0,0,1,0,Mass,13,Howrah Branch,Kolkata,34900,49,22.8,Credit Card
3217,34,8,14,560091,4,0.3,1,0,0,0,0,0,0,Mass,8,Koramangala Branch,Bengaluru,16100,39,15.5,Gold Loan
3218,65,39,94,400077,4,4.1,1,120,1,0,1,1,1,Affluent,8,Andheri East Branch,Mumbai,642500,67,63.7,Life Insurance
3219,40,16,154,110075,2,6.1,1,325,0,0,0,1,0,HNI,12,Karol Bagh Branch,Delhi,967400,76,80.6,Fixed Deposit
3220,39,15,33,560048,1,2.0,2,0,0,0,0,0,0,Mass,10,Whitefield Branch,Bengaluru,63700,50,26.0,Credit Card
3221,61,35,28,110054,2,0.2,3,135,0,0,0,1,0,Mass,4,Dwarka Branch,Delhi,100800,55,27.0,Life Insurance
3222,40,16,44,302071,1,1.8,1,0,0,1,0,1,0,Mass,7,C Scheme Branch,Jaipur,158400,64,40.3,Credit Card
3223,49,23,81,380019,2,0.8,3,0,0,0,0,0,0,Mass Affluent,5,Satellite Branch,Ahmedabad,159700,76,47.7,Credit Card
3224,43,18,29,411014,1,0.5,3,0,0,0,0,1,0,Mass,16,Viman Nagar Branch,Pune,61400,58,30.6,Credit Card
3225,45,21,58,400078,3,0.3,3,0,0,1,0,1,0,Mass Affluent,10,Fort Branch,Mumbai,199500,79,52.1,Credit Card
3226,52,28,38,302053,4,0.9,2,0,0,0,0,0,1,Mass,12,C Scheme Branch,Jaipur,129600,56,36.6,Life Insurance
3227,32,8,82,411089,3,1.5,1,0,0,0,0,1,1,Mass Affluent,9,Kothrud Branch,Pune,281200,68,58.4,Home Loan
3228,31,7,18,110057,1,0.4,3,0,0,0,0,1,0,Mass,4,Karol Bagh Branch,Delhi,22000,45,15.1,Credit Card
3229,27,2,45,411072,2,1.7,2,0,0,0,0,0,1,Mass,4,Viman Nagar Branch,Pune,110200,50,29.4,Auto Loan
3230,33,9,64,500070,4,3.4,1,0,0,0,0,0,0,Mass Affluent,8,Hitech City Branch,Hyderabad,161100,58,43.3,Credit Card
3231,65,40,48,560082,3,2.4,1,0,0,0,0,0,1,Mass,10,Whitefield Branch,Bengaluru,177200,63,44.6,Life Insurance
3232,62,37,24,400075,1,0.3,3,0,0,1,0,1,0,Mass,21,Andheri East Branch,Mumbai,133200,66,43.5,Life Insurance
3233,55,25,65,500081,4,2.0,3,0,0,0,0,1,0,Mass Affluent,18,Secunderabad Branch,Hyderabad,219500,66,58.2,Credit Card
3234,46,20,111,400043,1,0.0,1,329,0,0,0,0,0,Affluent,16,Bandra West Branch,Mumbai,401100,79,73.1,Fixed Deposit
3235,37,12,114,110084,3,0.6,2,0,0,0,0,1,0,Mass Affluent,7,Connaught Place Branch,Delhi,295900,82,66.0,Fixed Deposit
3236,60,35,39,400065,2,1.6,3,0,0,0,0,1,0,Mass,7,Fort Branch,Mumbai,81100,61,29.8,Life Insurance
3237,44,14,19,641051,1,0.75,3,0,0,0,0,0,1,Mass,14,RS Puram Branch,Coimbatore,76400,42,25.6,Gold Loan
3238,35,9,22,110033,3,0.1,2,0,0,0,1,1,1,Mass,5,Dwarka Branch,Delhi,112000,62,29.9,Life Insurance
3239,52,28,49,560043,4,1.1,2,0,0,0,0,1,0,Mass,27,Indiranagar Branch,Bengaluru,173600,62,54.1,Life Insurance
3240,30,4,40,560043,1,0.3,1,0,0,0,0,1,0,Mass,3,Koramangala Branch,Bengaluru,64400,58,24.9,Credit Card
3241,62,36,63,160095,1,1.6,1,118,0,0,0,1,0,Mass Affluent,17,IT Park Branch,Chandigarh,318200,68,63.8,Credit Card
3242,41,15,55,600058,1,2.8,1,0,0,0,0,0,0,Mass,14,Anna Nagar Branch,Chennai,156800,60,45.7,Credit Card
3243,38,14,33,682027,1,2.0,2,0,0,0,0,1,0,Mass,9,MG Road Kochi Branch,Kochi,69800,48,25.5,Credit Card
3244,52,26,31,110044,4,1.5,3,0,0,0,0,1,0,Mass,12,Dwarka Branch,Delhi,58500,45,25.1,Life Insurance
3245,48,24,24,400030,4,0.2,1,0,0,0,0,1,0,Mass,19,Andheri East Branch,Mumbai,51400,50,29.0,Life Insurance
3246,47,22,81,600056,4,3.6,3,0,0,0,0,1,1,Mass Affluent,10,OMR Branch,Chennai,337300,64,61.3,Home Loan
3247,41,17,81,560091,1,0.8,2,223,0,0,0,1,0,Mass Affluent,14,Indiranagar Branch,Bengaluru,340800,75,66.6,Credit Card
3248,44,20,113,380062,2,3.3,1,0,0,0,0,1,1,Affluent,9,Navrangpura Branch,Ahmedabad,487200,77,71.0,Fixed Deposit
3249,31,6,92,160002,2,3.3,1,0,0,0,0,0,0,Mass Affluent,3,IT Park Branch,Chandigarh,238500,77,56.6,Credit Card
3250,50,25,81,500077,1,1.2,1,0,0,0,0,0,0,Mass Affluent,5,Secunderabad Branch,Hyderabad,178000,77,50.4,Credit Card
3251,36,11,101,440033,3,1.2,3,0,0,1,0,0,1,Affluent,8,Dharampeth Branch,Nagpur,379600,86,66.7,Fixed Deposit
3252,52,26,78,600071,3,3.0,2,0,0,0,0,0,1,Mass Affluent,26,T Nagar Branch,Chennai,442100,65,74.1,Life Insurance
3253,62,38,78,110068,2,0.0,3,0,0,0,0,1,0,Mass Affluent,16,Connaught Place Branch,Delhi,230800,79,62.4,Credit Card
3254,55,30,35,500053,1,1.5,2,118,0,0,0,0,1,Mass,8,Banjara Hills Branch,Hyderabad,183100,54,39.7,Life Insurance
3255,61,37,9,400095,2,0.3,3,0,0,0,0,1,0,Mass,6,Bandra West Branch,Mumbai,12000,49,16.1,Life Insurance
3256,34,7,82,380002,4,2.0,2,0,0,0,0,1,1,Mass Affluent,3,Maninagar Branch,Ahmedabad,237400,66,50.7,Home Loan
3257,34,9,41,400063,1,2.5,3,0,0,0,0,0,0,Mass,5,Andheri East Branch,Mumbai,75400,53,26.3,Credit Card
3258,59,35,84,560008,1,1.8,3,0,0,0,0,1,0,Mass Affluent,12,Koramangala Branch,Bengaluru,274800,80,64.9,Credit Card
3259,41,17,42,600019,4,2.2,2,185,0,1,0,1,0,Mass Affluent,11,Anna Nagar Branch,Chennai,245400,49,46.8,Credit Card
3260,33,8,54,400018,3,2.3,1,0,0,0,0,0,1,Mass,2,Andheri East Branch,Mumbai,136200,57,33.8,Auto Loan
3261,55,30,84,400096,2,0.0,3,0,0,0,0,0,0,Mass Affluent,13,Andheri East Branch,Mumbai,209100,82,60.4,Credit Card
3262,64,40,131,411004,1,3.8,1,0,0,0,0,0,0,Affluent,4,Viman Nagar Branch,Pune,410800,83,70.7,Fixed Deposit
3263,44,19,85,400039,2,3.8,3,0,0,0,0,1,0,Mass Affluent,7,Fort Branch,Mumbai,264600,68,58.4,Credit Card
3264,32,8,84,500068,4,3.4,1,0,0,0,0,1,0,Mass Affluent,4,Banjara Hills Branch,Hyderabad,219300,67,52.4,Credit Card
3265,67,41,114,560093,4,2.4,3,0,0,0,0,1,0,Affluent,9,Koramangala Branch,Bengaluru,371200,75,69.5,Fixed Deposit
3266,40,14,61,110080,3,0.5,3,0,0,0,0,1,0,Mass,11,Connaught Place Branch,Delhi,136500,66,43.6,Credit Card
3267,57,31,39,110033,1,2.2,3,0,0,0,0,1,1,Mass,11,Karol Bagh Branch,Delhi,169500,61,42.5,Life Insurance
3268,59,35,21,380027,2,1.0,1,120,0,0,0,1,0,Mass,16,Maninagar Branch,Ahmedabad,122800,37,31.5,Life Insurance
3269,43,17,111,641083,4,5.4,3,0,1,0,0,1,0,Affluent,3,RS Puram Branch,Coimbatore,404100,63,61.4,Fixed Deposit
3270,58,34,68,400011,2,2.8,1,113,0,0,0,0,0,Mass Affluent,11,Fort Branch,Mumbai,309300,68,60.0,Credit Card
3271,50,23,179,641012,4,3.6,2,0,1,0,0,1,0,HNI,12,RS Puram Branch,Coimbatore,808800,70,78.3,Home Loan
3272,52,27,93,600027,4,4.1,2,0,1,0,0,0,1,Mass Affluent,9,OMR Branch,Chennai,418900,63,62.8,Life Insurance
3273,35,9,85,411038,2,1.8,1,0,0,0,0,0,0,Mass Affluent,11,Kothrud Branch,Pune,239500,75,60.4,Credit Card
3274,40,15,180,700053,1,4.1,1,0,0,0,0,0,0,HNI,8,Howrah Branch,Kolkata,697500,80,80.1,Home Loan
3275,31,5,110,700081,2,1.5,3,0,0,0,0,1,0,Affluent,5,Salt Lake Branch,Kolkata,272600,74,60.7,Fixed Deposit
3276,32,8,65,302052,1,1.2,1,268,0,0,0,1,0,Mass Affluent,5,Malviya Nagar Branch,Jaipur,211700,62,47.0,Credit Card
3277,55,31,159,500064,1,3.9,3,0,1,0,0,0,0,Affluent,15,Banjara Hills Branch,Hyderabad,790600,78,81.5,Home Loan
3278,43,19,81,500004,2,3.2,1,0,0,0,0,1,0,Mass Affluent,5,Banjara Hills Branch,Hyderabad,219500,67,52.4,Credit Card
3279,31,6,132,560028,1,3.8,1,0,0,0,0,1,0,Affluent,2,Whitefield Branch,Bengaluru,395500,76,67.2,Fixed Deposit
3280,26,-1,44,400034,1,2.0,2,0,0,0,0,0,0,Mass,3,Bandra West Branch,Mumbai,74700,51,25.2,Credit Card
3281,58,33,98,411051,1,2.6,1,0,0,0,0,0,0,Mass Affluent,10,Viman Nagar Branch,Pune,310600,80,67.5,Credit Card
3282,51,25,62,400019,2,1.5,2,0,0,0,0,1,1,Mass,29,Bandra West Branch,Mumbai,364400,71,71.5,Life Insurance
3283,45,21,91,110087,1,4.7,1,0,0,0,0,1,0,Affluent,18,Dwarka Branch,Delhi,440600,71,75.0,Credit Card
3284,56,30,29,400067,4,0.7,2,87,0,0,0,1,0,Mass,14,Andheri East Branch,Mumbai,141300,48,36.3,Life Insurance
3285,25,-1,101,110046,4,2.1,3,0,0,0,0,0,1,Mass Affluent,2,Connaught Place Branch,Delhi,262100,71,54.8,Fixed Deposit
3286,38,13,65,411012,3,0.7,2,0,0,0,0,1,0,Mass,14,Viman Nagar Branch,Pune,173800,65,50.5,Credit Card
3287,62,36,58,411015,1,2.8,2,0,0,0,0,0,1,Mass Affluent,19,Hinjewadi Branch,Pune,280700,63,60.6,Life Insurance
3288,39,13,32,560022,2,0.8,3,0,0,0,0,1,0,Mass,8,Whitefield Branch,Bengaluru,52600,57,25.3,Home Loan
3289,56,30,140,400079,4,0.5,1,292,1,0,0,0,0,Affluent,7,Andheri East Branch,Mumbai,442400,78,67.4,Fixed Deposit
3290,50,25,44,560038,1,0.3,1,187,0,0,0,1,1,Mass,20,Indiranagar Branch,Bengaluru,279800,56,57.0,Personal Loan
3291,52,27,113,560056,1,0.1,3,0,0,0,0,0,0,Mass Affluent,4,Whitefield Branch,Bengaluru,223900,86,59.5,Fixed Deposit
3292,53,28,38,700056,1,1.3,2,0,0,0,0,1,0,Mass,11,Park Street Branch,Kolkata,90100,62,33.4,Life Insurance
3293,25,-1,13,600071,4,0.4,1,0,0,1,0,0,0,Mass,4,OMR Branch,Chennai,54400,43,17.1,Gold Loan
3294,44,20,62,500095,2,2.5,1,0,0,1,0,1,0,Mass Affluent,8,Banjara Hills Branch,Hyderabad,236500,70,52.6,Credit Card
3295,42,12,29,500083,3,2.0,3,0,0,0,0,0,0,Mass,17,Hitech City Branch,Hyderabad,59200,40,26.6,Life Insurance
3296,42,16,141,440062,3,4.0,2,0,1,0,0,0,0,Affluent,14,Dharampeth Branch,Nagpur,668500,74,78.0,Fixed Deposit
3297,63,37,132,700003,1,4.4,2,0,1,0,0,1,0,Affluent,11,Howrah Branch,Kolkata,645400,77,76.3,Fixed Deposit
3298,57,32,23,500076,1,0.3,3,0,0,0,0,1,1,Mass,12,Hitech City Branch,Hyderabad,94700,57,31.0,Life Insurance
3299,56,32,11,500004,2,0.3,1,89,0,0,0,0,0,Mass,7,Banjara Hills Branch,Hyderabad,71200,41,19.9,Life Insurance
3300,60,34,90,400099,4,1.9,2,0,0,0,0,1,0,Mass Affluent,15,Fort Branch,Mumbai,322700,80,70.6,Credit Card
3301,62,38,43,641049,1,1.9,2,0,0,0,0,1,0,Mass,26,RS Puram Branch,Coimbatore,155500,64,51.5,Life Insurance
3302,48,22,59,560034,4,2.6,1,0,0,0,0,1,1,Mass Affluent,17,Whitefield Branch,Bengaluru,284800,63,59.8,Home Loan
3303,37,11,28,110098,2,0.8,3,0,0,0,0,0,0,Mass,8,Karol Bagh Branch,Delhi,39600,47,20.9,Credit Card
3304,55,29,28,395028,2,0.7,2,82,0,0,0,1,1,Mass,12,Adajan Branch,Surat,183800,54,41.4,Life Insurance
3305,42,17,108,700010,3,1.0,1,383,0,0,0,1,0,Affluent,4,Howrah Branch,Kolkata,320200,72,60.6,Fixed Deposit
3306,39,13,78,400028,1,2.8,3,0,0,0,0,0,0,Mass Affluent,11,Andheri East Branch,Mumbai,236900,70,57.6,Credit Card
3307,47,22,65,400011,1,2.4,1,0,0,0,0,1,0,Mass Affluent,13,Fort Branch,Mumbai,207100,67,54.1,Credit Card
3308,34,10,25,400093,4,1.0,1,0,0,0,0,1,0,Mass,9,Andheri East Branch,Mumbai,50100,49,22.8,Credit Card
3309,48,23,108,600048,2,3.8,3,0,0,0,0,0,1,Affluent,7,Anna Nagar Branch,Chennai,426100,78,68.3,Fixed Deposit
3310,52,27,43,400009,4,0.2,2,0,0,0,0,1,0,Mass,2,Andheri East Branch,Mumbai,66100,61,25.9,Life Insurance
3311,53,29,95,452009,4,1.0,2,0,0,0,0,1,1,Mass Affluent,12,Palasia Branch,Indore,355600,80,68.5,Life Insurance
3312,49,25,24,452026,1,0.3,1,0,0,0,0,0,0,Mass,8,Palasia Branch,Indore,37400,58,23.1,Credit Card
3313,47,22,190,600008,2,8.8,1,0,0,0,0,0,0,HNI,3,T Nagar Branch,Chennai,881100,78,78.8,Home Loan
3314,48,24,24,600049,1,0.9,3,0,0,0,0,0,0,Mass,11,T Nagar Branch,Chennai,44900,59,25.9,Credit Card
3315,38,13,41,110066,4,1.7,1,0,0,0,0,1,0,Mass,2,Dwarka Branch,Delhi,66400,56,24.2,Credit Card
3316,48,22,80,400059,3,1.1,1,0,0,0,0,0,0,Mass Affluent,23,Andheri East Branch,Mumbai,282800,72,69.4,Credit Card
3317,56,26,63,700038,3,2.0,3,0,0,0,0,1,0,Mass Affluent,8,Howrah Branch,Kolkata,152400,68,44.6,Credit Card
3318,65,41,79,400064,3,2.0,3,0,0,0,0,0,0,Mass Affluent,16,Bandra West Branch,Mumbai,273300,81,66.5,Credit Card
3319,46,20,105,400035,4,3.2,1,0,1,0,0,0,0,Affluent,16,Bandra West Branch,Mumbai,462200,68,72.1,Fixed Deposit
3320,60,35,153,560030,3,2.0,3,0,1,0,0,0,1,Affluent,11,Indiranagar Branch,Bengaluru,617300,76,73.3,Home Loan
3321,50,25,114,400066,1,0.6,1,0,0,0,0,0,1,Mass Affluent,5,Bandra West Branch,Mumbai,295200,83,62.6,Fixed Deposit
3322,41,15,120,560082,1,5.2,1,0,0,0,0,1,0,Affluent,13,Indiranagar Branch,Bengaluru,543200,70,75.7,Fixed Deposit
3323,41,16,104,700075,1,4.0,3,0,0,0,1,1,1,Affluent,8,Howrah Branch,Kolkata,562300,84,71.2,Mutual Funds
3324,60,35,20,380043,1,1.3,1,0,0,0,0,1,0,Mass,8,Navrangpura Branch,Ahmedabad,40000,53,21.4,Life Insurance
3325,57,31,41,600028,1,1.4,1,0,0,1,0,1,0,Mass,5,Anna Nagar Branch,Chennai,139200,73,38.4,Life Insurance
3326,48,23,35,226094,2,1.3,1,0,0,0,0,0,0,Mass,4,Gomti Nagar Branch,Lucknow,58600,57,24.0,Credit Card
3327,53,27,174,560064,1,2.9,2,0,1,0,0,1,0,HNI,12,Koramangala Branch,Bengaluru,771500,77,79.6,Home Loan
3328,42,18,164,226065,1,1.3,3,0,1,1,1,1,1,HNI,12,Hazratganj Branch,Lucknow,876100,88,74.7,Home Loan
3329,45,20,22,500004,1,0.1,1,0,0,0,0,0,0,Mass,6,Hitech City Branch,Hyderabad,34400,58,21.3,Credit Card
3330,35,10,132,110028,1,3.8,1,82,0,0,0,0,1,Affluent,13,Connaught Place Branch,Delhi,747700,75,75.7,Fixed Deposit
3331,34,9,32,641080,4,1.1,3,0,0,0,0,1,0,Mass,6,Peelamedu Branch,Coimbatore,58000,49,22.7,Credit Card
3332,67,42,21,110084,3,0.1,3,0,0,0,0,0,1,Mass,9,Dwarka Branch,Delhi,65200,55,24.8,Life Insurance
3333,36,9,49,400029,2,1.67,2,0,0,0,0,0,1,Mass,5,Andheri East Branch,Mumbai,134300,59,35.3,Home Loan
3334,37,13,79,110070,4,0.1,2,280,0,0,0,1,0,Mass Affluent,9,Dwarka Branch,Delhi,261900,71,57.1,Credit Card
3335,40,14,30,560096,2,0.8,3,86,0,0,0,0,0,Mass,6,Whitefield Branch,Bengaluru,115400,50,28.9,Credit Card
3336,35,10,118,560027,2,7.8,1,358,0,0,0,0,0,Affluent,0,Koramangala Branch,Bengaluru,491500,66,63.1,Fixed Deposit
3337,60,34,11,500028,4,0.7,3,0,0,0,0,1,0,Mass,7,Hitech City Branch,Hyderabad,12000,44,15.6,Life Insurance
3338,59,29,61,160038,3,2.0,3,0,0,0,0,1,0,Mass Affluent,8,IT Park Branch,Chandigarh,166700,71,46.8,Credit Card
3339,35,9,43,110057,4,1.2,2,0,0,1,0,1,0,Mass,8,Karol Bagh Branch,Delhi,142300,61,38.0,Credit Card
3340,27,1,141,500017,4,5.1,3,354,1,0,0,0,0,Affluent,2,Secunderabad Branch,Hyderabad,550100,62,62.9,Fixed Deposit
3341,29,3,54,560011,4,1.8,3,0,0,0,0,0,0,Mass,1,Whitefield Branch,Bengaluru,87500,60,29.2,Home Loan
3342,35,9,33,302024,2,0.3,1,0,0,1,0,1,0,Mass,6,C Scheme Branch,Jaipur,103400,66,32.0,Credit Card
3343,38,13,84,110064,3,1.2,3,121,0,0,0,1,1,Mass Affluent,3,Connaught Place Branch,Delhi,286100,65,52.7,Life Insurance
3344,62,37,125,400067,1,1.0,3,0,1,0,0,1,0,Affluent,16,Andheri East Branch,Mumbai,494300,74,75.1,Fixed Deposit
3345,43,19,110,500025,1,3.4,1,0,0,0,0,0,1,Affluent,6,Banjara Hills Branch,Hyderabad,410100,79,67.4,Fixed Deposit
3346,35,11,14,411093,4,1.0,1,0,0,0,1,1,1,Mass,4,Kothrud Branch,Pune,101000,41,22.1,Life Insurance
3347,41,15,65,380034,2,2.8,1,0,0,0,0,1,1,Mass Affluent,15,Maninagar Branch,Ahmedabad,301000,67,61.5,Life Insurance
3348,65,41,78,600029,3,2.0,3,0,0,0,1,1,1,Mass Affluent,12,T Nagar Branch,Chennai,419200,88,69.7,Life Insurance
3349,61,35,18,380006,3,0.3,3,0,0,0,0,0,0,Mass,15,Navrangpura Branch,Ahmedabad,28800,51,23.8,Life Insurance
3350,55,25,95,560062,2,4.5,3,275,0,0,0,0,0,Affluent,17,Indiranagar Branch,Bengaluru,566100,67,74.4,Credit Card
3351,28,3,95,400076,2,1.8,2,0,0,0,0,0,0,Mass Affluent,1,Andheri East Branch,Mumbai,187200,72,49.6,Credit Card
3352,52,26,191,400080,1,1.7,1,0,0,0,0,1,0,HNI,21,Andheri East Branch,Mumbai,950300,88,92.6,Home Loan
3353,34,4,19,400010,1,0.67,3,83,0,0,0,1,0,Mass,10,Fort Branch,Mumbai,101800,46,27.5,Credit Card
3354,49,23,19,560008,4,0.6,3,0,0,0,0,1,1,Mass,20,Indiranagar Branch,Bengaluru,95000,43,31.8,Life Insurance
3355,42,18,39,500090,1,0.3,3,0,0,0,0,1,0,Mass,12,Banjara Hills Branch,Hyderabad,82500,64,33.7,Credit Card
3356,49,23,93,560031,1,2.4,1,0,0,0,0,1,1,Mass Affluent,10,Indiranagar Branch,Bengaluru,393500,81,69.0,Home Loan
3357,49,23,115,600082,3,4.6,3,0,1,0,0,0,0,Affluent,18,T Nagar Branch,Chennai,612200,68,76.9,Fixed Deposit
3358,32,6,112,500016,1,2.7,2,408,0,1,1,1,1,Affluent,6,Banjara Hills Branch,Hyderabad,678300,88,68.5,Auto Loan
3359,59,35,40,411021,4,0.4,1,0,0,0,0,0,0,Mass,12,Hinjewadi Branch,Pune,79900,61,32.8,Life Insurance
3360,43,19,45,411081,3,0.6,2,0,0,0,0,0,0,Mass,14,Kothrud Branch,Pune,96300,67,38.8,Life Insurance
3361,48,24,133,560001,1,5.0,1,0,0,0,0,0,0,Affluent,12,Indiranagar Branch,Bengaluru,593600,79,79.0,Fixed Deposit
3362,31,5,85,560017,3,1.6,1,87,0,0,0,1,1,Mass Affluent,5,Koramangala Branch,Bengaluru,347000,72,59.3,Life Insurance
3363,30,4,18,600073,2,0.3,2,0,0,0,0,1,0,Mass,8,OMR Branch,Chennai,31400,47,18.8,Credit Card
3364,58,34,54,600044,4,1.3,2,0,0,0,0,1,0,Mass,20,T Nagar Branch,Chennai,168900,59,50.5,Life Insurance
3365,41,15,41,560044,2,2.4,2,105,0,0,0,0,0,Mass,5,Indiranagar Branch,Bengaluru,148200,48,33.3,Life Insurance
3366,38,8,21,560051,1,0.67,3,0,0,0,0,1,0,Mass,3,Whitefield Branch,Bengaluru,28900,49,16.6,Credit Card
3367,33,9,152,411026,1,6.0,1,0,0,0,0,1,1,Affluent,8,Kothrud Branch,Pune,793400,77,76.9,Home Loan
3368,51,27,53,411083,1,1.6,2,0,0,0,0,1,0,Mass,6,Hinjewadi Branch,Pune,108500,64,35.7,Life Insurance
3369,45,18,163,400029,3,5.33,2,0,1,0,1,0,1,HNI,18,Andheri East Branch,Mumbai,1246100,80,80.9,Home Loan
3370,34,10,84,560022,4,0.1,2,0,0,0,0,1,0,Mass Affluent,5,Koramangala Branch,Bengaluru,169400,76,49.7,Credit Card
3371,39,13,59,160062,3,0.9,3,199,0,1,0,1,0,Mass Affluent,3,Sector 17 Branch,Chandigarh,226600,67,46.3,Life Insurance
3372,44,18,33,400094,3,0.5,2,0,0,0,0,0,0,Mass,13,Andheri East Branch,Mumbai,59000,54,28.4,Credit Card
3373,55,29,81,226008,4,4.9,1,209,0,0,0,1,0,Mass Affluent,17,Gomti Nagar Branch,Lucknow,502000,60,69.9,Credit Card
3374,28,2,182,110085,3,7.2,2,442,1,0,1,1,1,HNI,3,Connaught Place Branch,Delhi,1117000,72,66.9,Mutual Funds
3375,57,31,61,500068,1,2.2,3,0,0,0,0,0,0,Mass Affluent,21,Hitech City Branch,Hyderabad,218700,72,60.7,Credit Card
3376,43,18,88,560001,4,1.1,2,0,0,0,0,1,0,Mass Affluent,1,Whitefield Branch,Bengaluru,179300,79,49.7,Credit Card
3377,46,21,170,400008,2,2.8,1,0,0,0,0,0,0,Affluent,14,Andheri East Branch,Mumbai,705800,84,84.5,Home Loan
3378,35,10,83,682024,4,0.7,3,315,0,0,0,1,0,Mass Affluent,7,Edappally Branch,Kochi,283300,73,58.8,Credit Card
3379,25,0,44,500068,4,0.6,2,0,0,0,0,0,1,Mass,2,Banjara Hills Branch,Hyderabad,102100,53,27.8,Life Insurance
3380,65,41,83,641009,3,2.0,3,0,0,0,0,1,0,Mass Affluent,17,Gandhipuram Branch,Coimbatore,308300,74,68.6,Credit Card
3381,64,38,21,110070,1,0.8,2,76,0,0,0,0,1,Mass,13,Connaught Place Branch,Delhi,162500,47,36.9,Life Insurance
3382,39,15,143,226073,1,3.5,1,0,0,0,0,1,1,Affluent,5,Aliganj Branch,Lucknow,534800,77,70.8,Fixed Deposit
3383,62,36,103,452058,2,2.8,1,0,0,1,1,1,0,Affluent,6,Vijay Nagar Branch,Indore,504100,97,72.0,Credit Card
3384,46,22,135,600013,3,4.1,1,213,1,0,0,1,0,Affluent,11,T Nagar Branch,Chennai,725700,66,72.1,Fixed Deposit
3385,36,11,162,110045,1,8.6,1,153,0,1,0,1,0,HNI,4,Dwarka Branch,Delhi,1057100,81,75.0,Fixed Deposit
3386,42,17,73,411030,4,0.4,1,0,0,1,0,0,0,Mass Affluent,2,Viman Nagar Branch,Pune,158000,76,43.1,Credit Card
3387,35,10,142,600058,4,0.8,3,0,1,0,0,0,0,Affluent,2,T Nagar Branch,Chennai,305700,68,58.7,Fixed Deposit
3388,63,37,25,641024,2,0.2,3,0,0,0,0,1,0,Mass,5,Gandhipuram Branch,Coimbatore,43100,58,22.0,Life Insurance
3389,45,21,115,560068,2,3.3,1,85,0,0,0,1,0,Affluent,21,Indiranagar Branch,Bengaluru,750400,80,83.8,Fixed Deposit
3390,27,3,88,110069,3,0.8,1,238,0,0,0,0,0,Mass Affluent,4,Connaught Place Branch,Delhi,247100,74,54.7,Credit Card
3391,29,3,73,400009,3,0.3,3,0,0,0,0,0,0,Mass Affluent,5,Andheri East Branch,Mumbai,131800,74,42.8,Credit Card
3392,55,29,94,411067,1,0.8,3,221,0,0,0,0,0,Mass Affluent,19,Viman Nagar Branch,Pune,425000,81,75.7,Credit Card
3393,32,7,58,440078,1,1.0,1,0,0,0,0,1,0,Mass,8,Sitabuldi Branch,Nagpur,122800,63,38.8,Credit Card
3394,37,11,81,400074,3,0.9,2,0,0,0,0,1,1,Mass Affluent,2,Andheri East Branch,Mumbai,197200,69,46.9,Life Insurance
3395,25,-1,113,700032,4,2.1,3,0,0,0,0,1,0,Affluent,1,Salt Lake Branch,Kolkata,263300,76,58.4,Fixed Deposit
3396,41,16,35,452047,2,1.4,2,135,0,0,0,0,0,Mass,9,Palasia Branch,Indore,137700,47,33.4,Life Insurance
3397,52,28,65,400010,1,0.0,1,0,0,0,0,1,1,Mass,10,Andheri East Branch,Mumbai,206200,76,52.9,Life Insurance
3398,31,6,170,400097,2,6.7,1,137,0,0,0,1,0,HNI,3,Bandra West Branch,Mumbai,859300,82,76.2,Fixed Deposit
3399,40,14,62,411074,2,2.4,2,0,0,0,0,1,1,Mass Affluent,4,Viman Nagar Branch,Pune,189500,63,44.0,Personal Loan
3400,54,29,54,411053,2,2.1,3,97,0,0,0,0,0,Mass,21,Kothrud Branch,Pune,313900,68,65.0,Life Insurance
3401,48,22,39,400061,1,1.2,2,0,0,0,0,0,0,Mass,16,Bandra West Branch,Mumbai,84800,55,34.2,Credit Card
3402,39,15,28,302049,1,1.4,3,118,0,0,0,1,1,Mass,2,Malviya Nagar Branch,Jaipur,139700,46,27.8,Gold Loan
3403,64,40,95,500076,2,0.0,3,0,0,0,0,1,1,Mass Affluent,16,Banjara Hills Branch,Hyderabad,362700,86,72.8,Life Insurance
3404,54,29,82,682093,3,3.7,2,0,1,0,0,1,0,Mass Affluent,11,Edappally Branch,Kochi,317600,56,59.0,Credit Card
3405,39,14,21,160078,1,0.6,3,101,0,0,0,0,0,Mass,10,Sector 35 Branch,Chandigarh,103500,48,28.5,Gold Loan
3406,55,30,50,302061,2,2.1,3,0,0,0,0,1,0,Mass,28,C Scheme Branch,Jaipur,203600,66,58.6,Life Insurance
3407,42,12,34,500041,3,2.0,3,0,0,0,0,0,1,Mass,5,Secunderabad Branch,Hyderabad,104900,53,28.4,Life Insurance
3408,58,32,19,110048,4,0.7,3,0,0,0,0,0,0,Mass,16,Dwarka Branch,Delhi,38700,48,24.6,Life Insurance
3409,45,21,71,500004,4,1.9,1,0,0,0,0,1,0,Mass Affluent,8,Hitech City Branch,Hyderabad,173800,61,46.4,Credit Card
3410,29,5,113,400084,2,2.0,2,84,0,0,0,1,1,Affluent,3,Andheri East Branch,Mumbai,427600,76,63.3,Fixed Deposit
3411,36,11,9,411061,4,0.2,3,0,0,0,0,1,0,Mass,3,Viman Nagar Branch,Pune,14900,44,13.2,Credit Card
3412,63,37,118,400071,1,2.0,1,427,0,0,0,0,0,Affluent,15,Bandra West Branch,Mumbai,547600,80,76.9,Fixed Deposit
3413,55,29,79,500030,4,4.9,1,0,0,0,0,0,0,Mass Affluent,10,Hitech City Branch,Hyderabad,272900,65,58.8,Credit Card
3414,54,24,72,400031,3,1.4,3,0,0,0,0,0,1,Mass Affluent,14,Bandra West Branch,Mumbai,257500,69,58.7,Life Insurance
3415,61,36,18,110004,1,1.3,1,0,0,0,0,0,0,Mass,9,Dwarka Branch,Delhi,25000,47,18.9,Life Insurance
3416,36,12,93,110010,2,2.2,1,0,0,0,0,1,1,Mass Affluent,14,Dwarka Branch,Delhi,406800,77,71.0,Home Loan
3417,61,37,62,600027,1,0.0,2,244,0,0,0,1,0,Mass,20,Anna Nagar Branch,Chennai,300100,76,66.3,Credit Card
3418,39,12,23,380097,3,1.0,2,0,0,0,0,1,1,Mass,10,Maninagar Branch,Ahmedabad,88200,41,25.0,Life Insurance
3419,57,31,40,400011,3,1.4,3,0,0,0,1,1,1,Mass,19,Fort Branch,Mumbai,269400,64,57.0,Life Insurance
3420,35,10,34,226072,4,1.7,1,87,0,0,0,1,1,Mass,6,Gomti Nagar Branch,Lucknow,163600,38,31.7,Life Insurance
3421,66,41,114,226074,1,0.8,3,0,0,0,0,1,1,Affluent,29,Gomti Nagar Branch,Lucknow,670300,93,88.4,Fixed Deposit
3422,49,23,125,560062,1,2.4,1,0,0,0,0,0,1,Affluent,16,Whitefield Branch,Bengaluru,585500,84,79.6,Fixed Deposit
3423,48,23,41,411096,1,1.4,3,0,0,0,0,0,1,Mass,8,Kothrud Branch,Pune,126100,54,33.8,Gold Loan
3424,61,35,38,560041,2,1.0,3,0,0,0,0,0,0,Mass,12,Indiranagar Branch,Bengaluru,81500,60,32.4,Life Insurance
3425,44,19,45,400067,4,0.0,2,0,0,0,0,1,1,Mass,20,Andheri East Branch,Mumbai,191900,62,51.9,Life Insurance
3426,23,-1,12,500051,4,1.0,1,90,0,0,0,1,0,Mass,0,Banjara Hills Branch,Hyderabad,54400,21,9.2,Gold Loan
3427,31,5,115,400089,2,1.5,3,189,0,0,0,1,0,Affluent,1,Fort Branch,Mumbai,323700,78,60.9,Fixed Deposit
3428,39,15,175,160023,2,8.0,1,0,0,0,0,1,0,HNI,6,IT Park Branch,Chandigarh,906500,82,81.4,Home Loan
3429,45,21,24,452075,1,0.9,3,0,0,0,0,0,0,Mass,19,Vijay Nagar Branch,Indore,52600,53,29.9,Credit Card
3430,39,14,28,302041,2,1.4,2,108,0,0,0,0,1,Mass,14,Malviya Nagar Branch,Jaipur,185600,41,39.6,Life Insurance
3431,64,38,32,600061,2,0.3,1,0,0,0,0,1,1,Mass,21,Anna Nagar Branch,Chennai,148200,61,45.0,Life Insurance
3432,64,38,63,600004,2,1.7,3,184,0,1,0,1,0,Mass Affluent,6,OMR Branch,Chennai,303300,75,56.5,Credit Card
3433,47,23,32,395058,1,1.0,1,0,0,0,0,0,1,Mass,5,Adajan Branch,Surat,86900,55,26.3,Personal Loan
3434,34,9,60,110081,4,1.3,1,0,0,1,0,0,0,Mass Affluent,4,Dwarka Branch,Delhi,161000,69,41.6,Home Loan
3435,56,31,53,400080,2,1.6,3,78,0,0,0,0,0,Mass,19,Fort Branch,Mumbai,277200,65,60.3,Life Insurance
3436,33,8,58,600075,4,1.3,1,0,0,1,0,0,0,Mass Affluent,6,T Nagar Branch,Chennai,166900,63,41.8,Credit Card
3437,56,29,42,560023,4,2.5,2,0,0,0,0,0,0,Mass,3,Indiranagar Branch,Bengaluru,78700,50,25.0,Life Insurance
3438,57,31,39,560078,4,0.7,2,0,0,1,0,1,0,Mass,16,Indiranagar Branch,Bengaluru,160400,66,45.5,Life Insurance
3439,43,17,72,400045,1,2.8,1,271,0,0,0,1,0,Mass Affluent,17,Andheri East Branch,Mumbai,401800,67,68.0,Credit Card
3440,43,17,80,600019,3,0.1,1,0,0,0,1,1,1,Mass Affluent,20,Anna Nagar Branch,Chennai,415300,84,73.5,Life Insurance
3441,26,1,39,110077,4,0.6,2,0,0,0,0,0,1,Mass,2,Karol Bagh Branch,Delhi,86500,51,24.2,Auto Loan
3442,64,40,18,110063,2,0.3,3,0,0,1,1,1,1,Mass,6,Connaught Place Branch,Delhi,174700,74,40.6,Life Insurance
3443,43,18,30,400056,1,0.5,3,0,0,0,0,1,0,Mass,8,Bandra West Branch,Mumbai,51400,57,24.9,Credit Card
3444,44,18,54,560021,1,2.8,1,202,0,0,0,0,0,Mass Affluent,9,Whitefield Branch,Bengaluru,234200,59,49.5,Credit Card
3445,60,35,128,160098,1,0.9,1,0,0,0,0,1,0,Affluent,28,Sector 35 Branch,Chandigarh,625200,88,89.4,Fixed Deposit
3446,37,13,38,560087,1,1.5,2,116,0,0,0,0,1,Mass,3,Whitefield Branch,Bengaluru,165000,55,34.6,Personal Loan
3447,56,32,120,411016,1,7.4,1,186,0,0,0,1,0,Affluent,25,Hinjewadi Branch,Pune,1112300,70,86.5,Fixed Deposit
3448,54,29,25,700004,4,0.1,3,109,0,0,0,0,0,Mass,11,Park Street Branch,Kolkata,106100,47,29.6,Life Insurance
3449,43,18,85,560074,4,1.9,3,110,0,0,0,1,1,Mass Affluent,12,Koramangala Branch,Bengaluru,451000,72,67.3,Life Insurance
3450,57,32,135,302049,3,4.8,2,0,1,1,1,1,0,HNI,14,Vaishali Nagar Branch,Jaipur,1016700,88,79.3,Credit Card
3451,29,4,14,411079,4,0.5,3,0,0,0,0,0,1,Mass,8,Viman Nagar Branch,Pune,52300,46,20.1,Gold Loan
3452,54,30,70,600095,1,1.6,3,251,0,0,0,1,1,Mass Affluent,17,OMR Branch,Chennai,411300,63,65.5,Life Insurance
3453,61,37,23,400096,3,0.4,2,0,0,0,0,0,0,Mass,4,Fort Branch,Mumbai,29300,56,19.3,Life Insurance
3454,29,3,31,400040,4,0.3,2,0,0,0,0,1,0,Mass,4,Fort Branch,Mumbai,42000,49,19.8,Credit Card
3455,47,21,132,395023,1,0.3,1,0,0,0,0,1,0,Affluent,11,Adajan Branch,Surat,395500,86,75.1,Fixed Deposit
3456,43,19,28,380094,3,0.5,1,0,0,0,0,1,1,Mass,8,Maninagar Branch,Ahmedabad,101400,58,30.2,Life Insurance
3457,46,22,125,452086,2,4.7,3,0,1,0,0,1,0,Affluent,8,Vijay Nagar Branch,Indore,536800,70,70.3,Fixed Deposit
3458,55,31,91,160062,2,2.8,1,0,0,0,0,1,0,Mass Affluent,16,Sector 35 Branch,Chandigarh,359600,72,71.0,Credit Card
3459,48,23,191,400037,2,2.8,1,231,0,0,0,0,1,HNI,22,Bandra West Branch,Mumbai,1300600,91,89.5,Fixed Deposit
3460,26,1,88,380051,2,1.8,2,0,0,0,0,0,0,Mass Affluent,1,Satellite Branch,Ahmedabad,178100,75,48.5,Credit Card
3461,63,37,84,500096,4,2.4,3,0,0,0,0,1,1,Mass Affluent,9,Banjara Hills Branch,Hyderabad,324600,76,63.6,Life Insurance
3462,57,27,64,380023,3,2.0,3,142,0,0,0,1,0,Mass Affluent,21,Satellite Branch,Ahmedabad,349400,59,65.6,Credit Card
3463,58,33,28,400041,2,0.5,2,146,0,1,0,1,0,Mass,22,Fort Branch,Mumbai,256200,60,55.7,Life Insurance
3464,28,3,149,110010,1,0.8,1,0,0,0,0,1,0,Affluent,5,Connaught Place Branch,Delhi,386400,83,71.1,Fixed Deposit
3465,61,37,172,700031,4,4.25,1,0,1,0,1,1,1,HNI,9,Salt Lake Branch,Kolkata,1012600,88,76.8,Home Loan
3466,65,41,42,380073,1,1.9,2,0,0,0,0,0,0,Mass,19,Navrangpura Branch,Ahmedabad,118500,57,41.4,Life Insurance
3467,33,6,53,600011,2,1.0,2,96,0,0,0,0,1,Mass,9,Anna Nagar Branch,Chennai,229100,56,46.9,Mutual Funds
3468,63,37,149,560020,2,0.2,3,364,1,0,0,1,0,Affluent,12,Whitefield Branch,Bengaluru,587500,80,74.3,Fixed Deposit
3469,43,19,113,560026,2,1.8,2,0,0,0,0,0,1,Affluent,17,Koramangala Branch,Bengaluru,501400,84,77.9,Fixed Deposit
3470,26,2,79,440012,2,2.5,1,0,0,0,0,1,0,Mass Affluent,3,Wardha Road Branch,Nagpur,183200,67,47.1,Credit Card
3471,57,31,175,560023,2,0.5,1,429,0,0,0,1,1,HNI,8,Indiranagar Branch,Bengaluru,674600,91,76.7,Fixed Deposit
3472,50,25,38,500001,1,1.4,3,0,0,0,0,1,0,Mass,26,Banjara Hills Branch,Hyderabad,117500,59,44.4,Credit Card
3473,54,27,120,600009,4,3.0,2,431,1,0,0,1,0,Affluent,5,T Nagar Branch,Chennai,491300,67,64.0,Fixed Deposit
3474,59,34,52,560026,4,0.7,1,0,0,1,0,0,0,Mass Affluent,19,Whitefield Branch,Bengaluru,217600,74,57.5,Life Insurance
3475,49,24,42,600058,2,0.7,2,0,0,0,0,1,0,Mass,22,T Nagar Branch,Chennai,124400,63,45.3,Credit Card
3476,54,30,13,560065,1,0.3,1,0,0,0,0,0,0,Mass,10,Whitefield Branch,Bengaluru,19200,51,19.7,Life Insurance
3477,65,39,141,302065,2,6.9,1,0,0,1,0,1,0,HNI,8,Vaishali Nagar Branch,Jaipur,858200,92,81.0,Fixed Deposit
3478,34,10,131,682065,2,4.33,1,156,0,0,0,1,1,Affluent,5,Kakkanad Branch,Kochi,626700,71,68.2,Fixed Deposit
3479,31,6,133,452060,1,1.5,3,0,1,0,0,0,0,Affluent,9,Vijay Nagar Branch,Indore,403000,71,67.9,Fixed Deposit
3480,31,6,64,600090,2,2.5,1,0,0,0,0,1,0,Mass Affluent,3,T Nagar Branch,Chennai,137900,60,38.0,Credit Card
3481,64,39,49,560031,2,1.5,1,0,0,1,0,1,0,Mass Affluent,19,Indiranagar Branch,Bengaluru,244500,75,59.7,Life Insurance
3482,52,26,34,700052,1,0.3,3,0,0,0,0,1,0,Mass,20,Howrah Branch,Kolkata,82600,59,36.6,Life Insurance
3483,57,33,91,302037,1,4.3,1,81,0,1,0,0,0,Affluent,11,C Scheme Branch,Jaipur,576600,80,71.8,Credit Card
3484,60,36,195,600036,1,4.7,1,0,0,0,0,1,0,HNI,11,Anna Nagar Branch,Chennai,1017300,91,87.9,Home Loan
3485,45,18,53,700032,3,2.5,2,112,0,0,0,0,0,Mass,21,Park Street Branch,Kolkata,288400,57,60.4,Life Insurance
3486,39,13,39,700078,2,0.8,3,0,0,0,0,0,0,Mass,16,Salt Lake Branch,Kolkata,86800,60,35.6,Life Insurance
3487,25,1,20,411067,4,1.0,1,0,0,0,0,0,1,Mass,2,Kothrud Branch,Pune,50400,34,13.8,Gold Loan
3488,29,4,104,700088,4,1.8,3,0,0,0,0,0,1,Mass Affluent,6,Howrah Branch,Kolkata,306300,69,60.0,Fixed Deposit
3489,40,15,51,110074,2,1.1,2,131,0,0,0,1,0,Mass,8,Connaught Place Branch,Delhi,179500,56,42.3,Life Insurance
3490,36,12,154,500075,3,6.4,1,0,1,1,0,0,0,HNI,1,Hitech City Branch,Hyderabad,619400,71,66.1,Home Loan
3491,33,9,38,600012,1,1.33,1,115,0,0,0,0,0,Mass,3,Anna Nagar Branch,Chennai,124700,55,30.3,Credit Card
3492,51,27,12,400034,2,0.4,1,0,0,0,0,0,1,Mass,2,Bandra West Branch,Mumbai,49400,53,17.9,Life Insurance
3493,35,9,28,226038,1,0.6,3,0,0,0,0,0,1,Mass,6,Gomti Nagar Branch,Lucknow,71200,50,23.0,Gold Loan
3494,54,28,33,600004,2,0.4,3,0,0,0,0,1,0,Mass,1,OMR Branch,Chennai,46600,65,22.8,Life Insurance
3495,29,2,31,400099,4,1.5,2,0,0,0,0,0,0,Mass,2,Fort Branch,Mumbai,47800,46,18.4,Gold Loan
3496,32,8,44,302016,1,1.8,2,192,0,0,0,1,0,Mass,5,Malviya Nagar Branch,Jaipur,147600,46,33.3,Credit Card
3497,37,13,49,700064,4,2.0,3,192,0,0,0,0,0,Mass,14,Park Street Branch,Kolkata,207400,47,46.4,Life Insurance
3498,55,31,134,380059,2,0.3,1,0,0,0,0,0,0,Affluent,18,Maninagar Branch,Ahmedabad,435300,83,80.2,Fixed Deposit
3499,30,6,182,560081,4,0.8,3,94,1,0,0,1,0,HNI,4,Indiranagar Branch,Bengaluru,552100,73,67.6,Fixed Deposit
3500,49,23,114,226068,1,0.3,1,286,0,0,0,1,0,Affluent,18,Aliganj Branch,Lucknow,500900,81,77.8,Fixed Deposit
3501,51,26,90,560045,1,2.8,2,0,0,0,0,1,1,Mass Affluent,12,Koramangala Branch,Bengaluru,392800,76,68.7,Life Insurance
3502,65,39,105,600032,4,1.7,3,0,0,1,0,1,0,Affluent,22,Anna Nagar Branch,Chennai,561500,84,81.9,Fixed Deposit
3503,32,8,58,400058,3,2.0,1,90,0,0,0,1,0,Mass Affluent,1,Bandra West Branch,Mumbai,163700,52,35.6,Credit Card
3504,29,3,53,411054,4,2.1,3,0,0,0,0,1,0,Mass,5,Kothrud Branch,Pune,109300,54,32.7,Credit Card
3505,46,20,15,700011,4,0.6,3,0,0,1,0,1,0,Mass,16,Howrah Branch,Kolkata,89200,52,30.7,Credit Card
3506,64,39,103,600090,1,0.8,3,0,0,0,0,1,1,Mass Affluent,12,T Nagar Branch,Chennai,377900,79,69.6,Fixed Deposit
3507,27,1,58,500030,4,1.8,2,154,0,0,1,1,1,Mass Affluent,3,Banjara Hills Branch,Hyderabad,285600,57,47.2,Auto Loan
3508,50,23,83,302066,1,2.67,2,0,0,0,1,1,1,Mass Affluent,16,C Scheme Branch,Jaipur,522700,84,74.1,Mutual Funds
3509,33,9,125,411076,1,4.3,3,0,1,0,0,1,0,Affluent,2,Viman Nagar Branch,Pune,390500,61,60.4,Fixed Deposit
3510,38,12,61,110071,3,0.9,3,0,0,0,0,0,0,Mass,15,Karol Bagh Branch,Delhi,149900,64,47.2,Credit Card
3511,38,11,69,641037,3,2.33,2,0,0,0,0,0,0,Mass Affluent,4,Peelamedu Branch,Coimbatore,137500,59,38.7,Credit Card
3512,37,11,89,700026,1,1.5,3,0,0,0,0,1,0,Mass Affluent,12,Park Street Branch,Kolkata,279200,77,65.0,Credit Card
3513,46,20,70,395099,4,2.9,1,0,0,0,0,0,1,Mass Affluent,15,Ring Road Branch,Surat,282900,57,58.1,Life Insurance
3514,31,4,39,440070,2,1.0,2,0,0,0,0,0,0,Mass,1,Sitabuldi Branch,Nagpur,54000,53,21.3,Home Loan
3515,35,9,41,682063,4,1.2,2,0,0,0,0,1,0,Mass,3,Kakkanad Branch,Kochi,64000,55,24.3,Life Insurance
3516,50,26,148,700017,2,0.4,1,508,0,0,0,0,0,Affluent,7,Howrah Branch,Kolkata,441600,85,72.0,Fixed Deposit
3517,45,21,38,600036,3,0.6,2,148,0,0,0,1,0,Mass,9,OMR Branch,Chennai,146300,51,35.6,Credit Card
3518,30,6,95,110090,1,3.9,3,146,1,0,0,0,1,Affluent,3,Connaught Place Branch,Delhi,403500,55,54.4,Mutual Funds
3519,60,36,129,600093,2,6.0,1,0,0,0,0,0,0,Affluent,26,OMR Branch,Chennai,872400,79,90.2,Fixed Deposit
3520,31,5,84,380071,4,1.8,2,0,0,1,0,1,0,Mass Affluent,4,Satellite Branch,Ahmedabad,253400,73,54.7,Credit Card
3521,60,35,29,500041,3,1.3,2,0,0,0,0,0,0,Mass,7,Banjara Hills Branch,Hyderabad,44300,52,22.3,Life Insurance
3522,36,10,30,226041,2,0.8,3,0,0,0,0,1,0,Mass,3,Gomti Nagar Branch,Lucknow,48000,51,20.1,Credit Card
3523,64,40,90,400081,2,0.0,3,134,0,0,0,0,0,Mass Affluent,22,Andheri East Branch,Mumbai,396500,81,76.1,Credit Card
3524,29,4,150,560099,1,0.8,1,0,0,0,0,0,1,Affluent,1,Whitefield Branch,Bengaluru,342900,85,64.8,Fixed Deposit
3525,58,33,15,500033,4,0.9,2,0,0,0,0,0,0,Mass,24,Secunderabad Branch,Hyderabad,32700,39,26.4,Life Insurance
3526,59,34,13,560093,4,0.9,2,0,0,0,0,0,0,Mass,25,Koramangala Branch,Bengaluru,26100,35,25.3,Life Insurance
3527,58,33,9,400059,2,0.2,3,0,0,0,0,1,0,Mass,10,Andheri East Branch,Mumbai,12000,51,19.0,Life Insurance
3528,35,10,24,400052,4,1.1,3,0,0,0,0,0,0,Mass,9,Fort Branch,Mumbai,40300,43,20.2,Life Insurance
3529,43,17,41,302057,3,2.2,2,0,0,0,0,1,0,Mass,11,Vaishali Nagar Branch,Jaipur,91400,51,31.6,Credit Card
3530,33,7,25,500035,4,1.0,1,0,0,0,0,1,1,Mass,2,Secunderabad Branch,Hyderabad,72200,42,18.6,Gold Loan
3531,54,28,49,400013,4,2.8,2,0,0,1,0,0,0,Mass Affluent,16,Bandra West Branch,Mumbai,217100,60,51.9,Life Insurance
3532,38,12,58,400047,3,0.9,3,128,0,0,0,0,1,Mass,11,Bandra West Branch,Mumbai,245200,57,50.0,Life Insurance
3533,38,12,141,500044,2,0.0,1,0,0,0,0,1,1,Affluent,11,Banjara Hills Branch,Hyderabad,463800,82,74.0,Fixed Deposit
3534,57,32,50,110055,4,2.1,1,211,0,0,0,0,0,Mass,15,Connaught Place Branch,Delhi,222600,53,50.2,Life Insurance
3535,34,10,61,700091,3,2.0,1,0,0,0,0,0,1,Mass Affluent,1,Howrah Branch,Kolkata,147200,64,37.0,Auto Loan
3536,52,27,65,380002,1,1.2,1,0,0,0,0,1,1,Mass,3,Satellite Branch,Ahmedabad,177200,72,44.5,Life Insurance
3537,50,24,112,110078,1,0.3,1,229,0,0,0,0,0,Affluent,13,Karol Bagh Branch,Delhi,388800,79,70.9,Fixed Deposit
3538,60,34,19,600037,3,0.3,3,0,0,0,0,1,0,Mass,19,T Nagar Branch,Chennai,43300,57,29.2,Life Insurance
3539,26,0,23,400018,1,0.1,2,0,0,0,0,0,0,Mass,1,Bandra West Branch,Mumbai,25000,54,16.7,Gold Loan
3540,56,30,60,560065,1,2.2,3,0,0,0,0,0,0,Mass Affluent,16,Koramangala Branch,Bengaluru,181300,63,51.4,Life Insurance
3541,39,15,30,160048,4,0.3,1,0,0,1,0,0,1,Mass,6,Sector 17 Branch,Chandigarh,116900,50,28.7,Life Insurance
3542,45,20,144,600061,4,5.4,1,210,1,0,0,1,0,Affluent,8,T Nagar Branch,Chennai,746200,62,69.7,Fixed Deposit
3543,30,5,118,160073,4,3.0,3,0,1,0,0,1,0,Affluent,4,Sector 17 Branch,Chandigarh,367600,65,61.5,Fixed Deposit
3544,37,11,194,110030,2,0.0,1,0,0,0,0,0,0,HNI,11,Dwarka Branch,Delhi,554300,90,82.2,Home Loan
3545,45,19,109,560005,3,1.1,1,0,0,0,0,0,0,Mass Affluent,5,Whitefield Branch,Bengaluru,239100,74,58.0,Fixed Deposit
3546,48,22,174,500034,1,2.4,1,0,0,0,0,1,0,Affluent,7,Secunderabad Branch,Hyderabad,629500,89,80.5,Home Loan
3547,65,40,34,500020,1,1.1,3,119,0,0,0,1,1,Mass,22,Hitech City Branch,Hyderabad,295800,59,59.0,Life Insurance
3548,46,20,84,395005,3,0.7,2,0,0,0,0,1,0,Mass Affluent,3,Adajan Branch,Surat,180900,80,51.0,Credit Card
3549,40,16,41,400063,1,2.0,2,0,0,0,0,0,1,Mass,11,Andheri East Branch,Mumbai,154400,58,40.2,Personal Loan
3550,33,7,92,226066,3,1.6,1,0,0,0,0,0,0,Mass Affluent,3,Gomti Nagar Branch,Lucknow,197300,77,52.7,Credit Card
3551,40,10,19,226075,1,0.75,3,116,0,0,0,0,0,Mass,3,Aliganj Branch,Lucknow,77500,43,19.4,Credit Card
3552,60,35,55,600085,3,0.5,2,172,0,0,0,0,0,Mass,13,T Nagar Branch,Chennai,210600,67,51.8,Life Insurance
3553,51,27,22,560045,4,0.5,2,0,0,0,0,1,1,Mass,23,Indiranagar Branch,Bengaluru,115200,49,38.0,Life Insurance
3554,41,16,155,500089,1,7.0,1,0,0,0,0,0,0,HNI,4,Hitech City Branch,Hyderabad,644700,81,76.5,Home Loan
3555,37,13,72,110082,4,2.0,3,0,0,1,0,0,0,Mass Affluent,10,Connaught Place Branch,Delhi,250000,69,55.7,Credit Card
3556,35,9,81,380087,1,2.7,2,0,0,0,0,1,0,Mass Affluent,3,Maninagar Branch,Ahmedabad,197900,68,49.2,Credit Card
3557,35,11,30,500004,1,1.7,1,0,0,1,0,0,1,Mass,9,Banjara Hills Branch,Hyderabad,163300,58,38.1,Personal Loan
3558,46,20,54,452096,4,2.9,1,189,0,0,0,1,1,Mass Affluent,12,Vijay Nagar Branch,Indore,333200,56,56.5,Life Insurance
3559,60,34,60,411070,3,2.5,1,0,0,0,0,1,0,Mass Affluent,13,Viman Nagar Branch,Pune,181300,63,49.6,Life Insurance
3560,51,25,68,500065,1,1.5,2,0,0,0,0,0,0,Mass Affluent,16,Hitech City Branch,Hyderabad,203300,74,57.4,Credit Card
3561,31,5,65,700023,4,2.2,2,126,0,0,0,1,0,Mass Affluent,1,Park Street Branch,Kolkata,198700,57,42.0,Credit Card
3562,30,6,31,500021,3,1.0,2,142,0,0,0,0,0,Mass,1,Banjara Hills Branch,Hyderabad,90700,46,22.0,Gold Loan
3563,32,8,169,682031,1,6.5,3,272,1,1,1,1,0,HNI,2,Edappally Branch,Kochi,1005300,79,67.4,Credit Card
3564,53,27,139,110058,1,0.9,3,0,1,0,0,0,0,Affluent,13,Dwarka Branch,Delhi,458700,78,74.0,Fixed Deposit
3565,33,7,29,440082,1,0.6,3,0,0,0,0,0,0,Mass,10,Wardha Road Branch,Nagpur,47400,53,24.5,Credit Card
3566,40,15,43,302010,2,1.1,2,0,0,0,0,0,1,Mass,12,Malviya Nagar Branch,Jaipur,138400,55,38.4,Home Loan
3567,57,33,80,226055,2,2.8,1,0,0,0,0,1,1,Mass Affluent,22,Aliganj Branch,Lucknow,447800,72,74.5,Life Insurance
3568,51,26,43,500008,1,1.3,2,123,0,0,0,1,0,Mass,10,Hitech City Branch,Hyderabad,194900,63,46.1,Life Insurance
3569,30,4,194,302057,2,4.5,1,0,0,0,0,0,1,HNI,1,C Scheme Branch,Jaipur,661100,78,72.3,Home Loan
3570,41,15,24,560049,2,0.8,3,0,0,1,0,1,0,Mass,11,Whitefield Branch,Bengaluru,90000,53,29.0,Credit Card
3571,54,29,32,380061,2,0.6,3,0,0,0,0,1,1,Mass,15,Satellite Branch,Ahmedabad,134700,60,39.5,Life Insurance
3572,42,18,153,400007,3,5.6,1,416,1,0,0,0,0,HNI,12,Andheri East Branch,Mumbai,847800,60,72.9,Fixed Deposit
3573,30,6,30,560051,1,0.4,3,0,0,0,0,1,1,Mass,4,Whitefield Branch,Bengaluru,90000,60,27.1,Mutual Funds
3574,60,36,165,560036,3,5.6,1,0,1,0,0,0,1,HNI,9,Indiranagar Branch,Bengaluru,896400,79,76.5,Home Loan
3575,56,30,64,560024,3,0.3,2,0,0,0,0,0,1,Mass,5,Indiranagar Branch,Bengaluru,159700,75,44.0,Life Insurance
3576,63,38,15,560052,4,0.6,2,83,0,0,0,0,0,Mass,18,Koramangala Branch,Bengaluru,107000,41,31.4,Life Insurance
3577,56,30,70,302081,3,0.3,2,0,0,0,0,0,0,Mass,10,Vaishali Nagar Branch,Jaipur,156600,79,49.7,Credit Card
3578,39,9,32,110094,3,2.0,3,0,0,0,0,1,0,Mass,6,Karol Bagh Branch,Delhi,59300,48,22.5,Life Insurance
3579,29,5,128,700088,2,4.1,2,209,1,0,0,1,0,Affluent,4,Howrah Branch,Kolkata,522400,60,62.6,Fixed Deposit
3580,28,2,84,400058,1,2.9,3,102,0,1,1,0,1,Affluent,5,Fort Branch,Mumbai,538800,87,64.7,Personal Loan
3581,41,16,62,380027,2,2.2,3,0,0,0,0,1,1,Mass Affluent,8,Navrangpura Branch,Ahmedabad,214600,61,48.4,Home Loan
3582,28,4,33,380032,3,1.0,2,0,0,0,0,0,1,Mass,1,Satellite Branch,Ahmedabad,75100,48,20.7,Auto Loan
3583,49,25,65,560040,1,0.0,1,0,0,0,0,1,0,Mass,9,Indiranagar Branch,Bengaluru,134500,69,43.5,Credit Card
3584,30,3,33,700049,4,1.5,2,85,0,0,0,0,0,Mass,4,Howrah Branch,Kolkata,108100,41,25.0,Gold Loan
3585,63,37,15,682002,1,0.8,2,115,0,0,0,1,0,Mass,18,Kakkanad Branch,Kochi,118800,44,33.6,Life Insurance
3586,45,18,45,380062,3,1.0,2,0,0,0,0,1,0,Mass,6,Maninagar Branch,Ahmedabad,89100,58,30.9,Credit Card
3587,40,15,132,560051,2,3.9,1,0,0,0,0,1,0,Affluent,4,Whitefield Branch,Bengaluru,427300,78,70.2,Fixed Deposit
3588,28,4,29,500066,3,0.1,2,0,0,0,0,1,0,Mass,4,Secunderabad Branch,Hyderabad,35800,50,19.1,Credit Card
3589,62,38,65,380059,1,0.0,2,0,0,0,0,1,0,Mass,10,Maninagar Branch,Ahmedabad,144100,78,47.6,Credit Card
3590,38,12,52,110022,2,2.4,2,147,0,0,0,0,0,Mass,12,Karol Bagh Branch,Delhi,233700,58,50.7,Life Insurance
3591,32,7,64,380006,2,0.1,1,0,0,0,0,1,1,Mass,1,Satellite Branch,Ahmedabad,133700,65,35.9,Mutual Funds
3592,58,32,73,560092,2,2.3,3,224,0,0,0,1,1,Mass Affluent,12,Indiranagar Branch,Bengaluru,419100,70,64.9,Life Insurance
3593,33,3,20,302047,1,0.67,3,0,0,0,0,0,0,Mass,5,Vaishali Nagar Branch,Jaipur,21600,48,16.7,Credit Card
3594,60,34,44,400033,2,0.3,1,192,0,0,0,1,0,Mass,11,Fort Branch,Mumbai,178800,63,45.1,Life Insurance
3595,34,8,79,400071,1,2.5,1,0,0,0,0,1,0,Mass Affluent,8,Andheri East Branch,Mumbai,225200,68,54.6,Credit Card
3596,38,14,104,395043,2,1.8,2,79,0,0,0,0,0,Mass Affluent,7,Adajan Branch,Surat,357500,74,64.5,Fixed Deposit
3597,44,20,88,226058,1,4.7,1,0,0,0,0,0,0,Mass Affluent,7,Gomti Nagar Branch,Lucknow,289000,71,61.2,Credit Card
3598,56,26,51,160048,3,2.0,3,0,0,0,0,1,0,Mass,23,Sector 17 Branch,Chandigarh,181500,62,54.3,Life Insurance
3599,37,11,61,641065,3,0.9,2,0,0,0,0,0,0,Mass,7,Peelamedu Branch,Coimbatore,113500,62,37.4,Credit Card
3600,45,19,23,560047,2,0.1,3,91,0,0,1,1,1,Mass,16,Whitefield Branch,Bengaluru,241900,55,48.9,Life Insurance
3601,44,20,38,110014,2,2.1,3,95,0,0,0,1,0,Mass,16,Karol Bagh Branch,Delhi,209200,49,46.7,Credit Card
3602,37,13,75,400034,3,2.6,2,0,0,1,0,0,0,Mass Affluent,9,Bandra West Branch,Mumbai,280100,76,59.5,Credit Card
3603,47,21,42,500093,4,0.1,1,0,0,0,0,1,1,Mass,15,Hitech City Branch,Hyderabad,155700,64,44.4,Home Loan
3604,51,25,45,110069,4,0.1,1,0,0,0,0,1,1,Mass,16,Connaught Place Branch,Delhi,176100,67,49.0,Life Insurance
3605,63,38,59,452019,3,0.5,2,0,0,0,0,1,0,Mass,24,Palasia Branch,Indore,196000,72,59.8,Life Insurance
3606,61,31,130,400076,2,2.6,3,0,1,0,0,0,0,Affluent,1,Fort Branch,Mumbai,334500,72,60.5,Fixed Deposit
3607,43,18,9,400070,2,0.0,3,96,0,0,0,1,1,Mass,5,Fort Branch,Mumbai,103400,46,24.0,Gold Loan
3608,41,15,62,110037,3,0.9,3,0,0,0,0,0,0,Mass,12,Karol Bagh Branch,Delhi,140000,62,43.8,Credit Card
3609,59,35,202,110019,1,4.7,1,553,0,0,0,0,0,HNI,18,Connaught Place Branch,Delhi,1332800,84,88.5,Fixed Deposit
3610,29,5,162,110013,1,4.3,1,0,0,0,0,0,1,Affluent,5,Karol Bagh Branch,Delhi,632200,79,73.8,Home Loan
3611,32,6,93,411092,3,1.6,1,79,0,0,0,1,0,Mass Affluent,5,Viman Nagar Branch,Pune,320000,71,60.3,Credit Card
3612,64,39,145,560061,1,0.9,1,0,0,0,0,0,0,Affluent,15,Koramangala Branch,Bengaluru,500800,90,82.0,Fixed Deposit
3613,50,25,99,600009,1,4.6,1,368,1,1,1,0,1,Affluent,18,OMR Branch,Chennai,996300,71,72.1,Life Insurance
3614,35,11,148,160038,1,5.8,3,0,1,0,0,1,0,Affluent,9,Sector 35 Branch,Chandigarh,690900,63,72.7,Fixed Deposit
3615,34,10,154,600047,3,5.4,2,0,1,0,0,1,0,Affluent,10,T Nagar Branch,Chennai,756800,69,75.8,Home Loan
3616,58,34,149,411043,2,6.0,1,0,0,0,0,1,1,Affluent,19,Kothrud Branch,Pune,1072800,80,86.3,Fixed Deposit
3617,41,15,69,560001,1,1.5,3,78,0,0,0,1,0,Mass Affluent,12,Whitefield Branch,Bengaluru,289000,65,58.6,Credit Card
3618,37,11,30,110005,2,0.3,1,146,0,0,0,0,0,Mass,11,Connaught Place Branch,Delhi,121100,49,32.4,Life Insurance
3619,35,8,48,560049,2,1.0,2,0,0,0,0,1,0,Mass,6,Whitefield Branch,Bengaluru,90200,57,31.0,Home Loan
3620,45,20,42,440005,1,0.3,3,0,0,0,0,1,0,Mass,12,Wardha Road Branch,Nagpur,94000,68,36.9,Credit Card
3621,53,29,132,411035,2,0.3,1,403,0,0,0,0,0,Affluent,20,Kothrud Branch,Pune,549000,79,80.3,Fixed Deposit
3622,53,27,81,110054,3,1.7,2,193,0,0,0,1,0,Mass Affluent,25,Karol Bagh Branch,Delhi,487700,71,77.1,Credit Card
3623,54,29,60,500059,4,3.8,2,0,0,0,0,1,1,Mass Affluent,4,Banjara Hills Branch,Hyderabad,202200,56,43.2,Life Insurance
3624,28,3,45,302076,4,1.7,2,95,0,0,0,0,0,Mass,4,Malviya Nagar Branch,Jaipur,137100,49,32.3,Auto Loan
3625,58,28,70,411029,1,1.4,3,0,0,0,0,0,0,Mass Affluent,25,Kothrud Branch,Pune,257200,71,67.2,Credit Card
3626,47,21,71,600055,4,2.9,1,0,0,0,0,1,0,Mass Affluent,19,Anna Nagar Branch,Chennai,269800,64,62.9,Credit Card
3627,24,-3,28,160006,4,1.0,3,0,0,0,0,0,0,Mass,2,Sector 35 Branch,Chandigarh,34500,46,16.6,Credit Card
3628,27,1,83,411094,2,0.2,1,0,0,0,0,0,1,Mass Affluent,3,Hinjewadi Branch,Pune,178800,70,46.0,Home Loan
3629,42,18,131,411033,1,3.4,1,0,0,0,0,0,1,Affluent,13,Hinjewadi Branch,Pune,600000,78,76.8,Fixed Deposit
3630,50,26,82,110075,1,0.0,1,0,0,0,0,1,1,Mass Affluent,7,Dwarka Branch,Delhi,233300,78,55.7,Home Loan
3631,41,16,79,400006,1,4.0,3,225,0,0,0,1,0,Mass Affluent,16,Fort Branch,Mumbai,471200,67,70.0,Credit Card
3632,46,21,51,440052,4,1.9,3,0,0,0,0,0,0,Mass,2,Wardha Road Branch,Nagpur,91900,58,29.4,Life Insurance
3633,46,20,111,600052,2,6.3,1,0,0,0,0,0,1,Affluent,17,Anna Nagar Branch,Chennai,716800,76,79.7,Fixed Deposit
3634,51,25,93,560022,1,0.3,1,0,0,0,0,1,0,Mass Affluent,2,Koramangala Branch,Bengaluru,184900,81,52.0,Credit Card
3635,59,35,73,600055,4,2.3,3,0,0,0,0,0,0,Mass Affluent,22,Anna Nagar Branch,Chennai,281600,74,68.5,Credit Card
3636,58,33,24,400028,2,0.5,2,0,0,0,0,1,0,Mass,18,Bandra West Branch,Mumbai,62300,58,31.4,Life Insurance
3637,37,11,64,302065,3,0.9,2,0,0,0,0,1,0,Mass,7,Vaishali Nagar Branch,Jaipur,138400,67,42.2,Credit Card
3638,39,14,104,110045,3,1.0,1,242,0,0,0,1,0,Affluent,10,Dwarka Branch,Delhi,378300,71,66.5,Fixed Deposit
3639,47,22,38,380008,4,1.9,3,0,0,0,0,1,0,Mass,13,Navrangpura Branch,Ahmedabad,86800,45,29.8,Home Loan
3640,51,26,191,600073,1,8.1,1,0,0,1,0,1,0,HNI,1,T Nagar Branch,Chennai,996800,95,79.8,Home Loan
3641,64,34,53,110035,4,1.67,3,0,0,0,0,0,1,Mass,12,Karol Bagh Branch,Delhi,193800,66,49.0,Life Insurance
3642,59,35,74,400072,4,2.3,3,0,0,0,0,0,0,Mass Affluent,19,Bandra West Branch,Mumbai,279500,78,67.6,Credit Card
3643,55,29,21,302059,4,0.7,3,0,0,1,0,1,0,Mass,26,Malviya Nagar Branch,Jaipur,128000,51,41.1,Life Insurance
3644,57,32,80,110002,3,1.6,3,144,0,0,0,1,1,Mass Affluent,13,Karol Bagh Branch,Delhi,434600,74,67.4,Life Insurance
3645,59,33,41,400020,4,2.5,1,174,0,0,0,0,0,Mass,11,Andheri East Branch,Mumbai,174400,44,39.2,Life Insurance
3646,42,17,79,700081,1,3.7,3,0,0,1,0,0,1,Affluent,1,Salt Lake Branch,Kolkata,292600,73,53.3,Home Loan
3647,34,9,141,560010,3,6.9,2,260,1,0,0,1,0,HNI,4,Koramangala Branch,Bengaluru,701600,59,66.0,Fixed Deposit
3648,41,14,32,560098,3,1.0,2,0,0,0,0,0,1,Mass,9,Whitefield Branch,Bengaluru,100900,52,29.8,Life Insurance
3649,43,13,38,110089,3,2.0,3,0,0,0,0,1,0,Mass,14,Dwarka Branch,Delhi,95900,47,32.1,Credit Card
3650,53,29,85,226011,3,1.8,2,0,0,0,0,1,0,Mass Affluent,6,Aliganj Branch,Lucknow,218700,76,56.0,Credit Card
3651,47,21,93,110044,2,0.8,3,107,0,0,0,0,0,Mass Affluent,18,Dwarka Branch,Delhi,414400,80,74.4,Credit Card
3652,49,23,140,110039,1,1.9,3,0,1,0,0,0,1,Affluent,16,Dwarka Branch,Delhi,647700,77,76.9,Fixed Deposit
3653,35,9,69,560020,4,2.2,2,0,0,0,0,0,1,Mass Affluent,6,Whitefield Branch,Bengaluru,208700,64,48.0,Home Loan
3654,52,27,32,110075,2,2.0,2,0,0,0,0,0,1,Mass,26,Karol Bagh Branch,Delhi,171800,52,48.2,Life Insurance
3655,53,28,61,560094,4,0.9,1,177,0,0,0,0,0,Mass Affluent,15,Koramangala Branch,Bengaluru,246500,63,55.8,Credit Card
3656,48,22,125,400020,1,2.4,1,0,0,0,0,1,0,Affluent,19,Andheri East Branch,Mumbai,556800,80,82.3,Fixed Deposit
3657,35,8,30,110072,4,1.0,2,0,0,1,0,0,0,Mass,8,Connaught Place Branch,Delhi,98200,56,29.6,Credit Card
3658,52,26,104,560060,2,2.4,2,0,0,0,0,1,1,Mass Affluent,16,Koramangala Branch,Bengaluru,493600,76,74.7,Fixed Deposit
3659,60,35,24,160084,1,0.1,1,0,0,0,0,0,0,Mass,12,Sector 35 Branch,Chandigarh,39500,62,26.7,Life Insurance
3660,33,7,22,400078,1,0.4,2,0,0,0,0,0,0,Mass,2,Andheri East Branch,Mumbai,16400,49,15.3,Credit Card
3661,38,12,59,110034,2,2.4,2,0,0,0,0,0,0,Mass Affluent,2,Dwarka Branch,Delhi,118800,60,34.2,Life Insurance
3662,29,4,120,682031,1,4.1,2,0,1,1,1,0,1,Affluent,4,Edappally Branch,Kochi,606900,76,63.2,Auto Loan
3663,35,9,164,160066,2,0.0,1,500,0,0,0,0,0,Affluent,7,IT Park Branch,Chandigarh,449200,80,71.4,Fixed Deposit
3664,26,2,60,411010,4,1.6,1,0,0,0,1,1,1,Mass Affluent,1,Viman Nagar Branch,Pune,193600,64,41.1,Auto Loan
3665,48,24,43,110053,3,1.9,2,0,0,0,0,1,0,Mass,18,Connaught Place Branch,Delhi,126800,54,41.2,Life Insurance
3666,43,19,70,560036,3,2.33,1,0,0,1,0,0,0,Mass Affluent,3,Indiranagar Branch,Bengaluru,202000,73,47.8,Credit Card
3667,60,35,51,110009,2,2.8,1,0,0,0,0,1,0,Mass,13,Karol Bagh Branch,Delhi,141100,54,41.1,Life Insurance
3668,27,3,59,400062,4,1.6,1,0,0,0,0,1,0,Mass,4,Bandra West Branch,Mumbai,113000,52,32.7,Credit Card
3669,38,13,129,560082,4,0.3,3,75,1,0,0,1,0,Affluent,9,Indiranagar Branch,Bengaluru,449800,72,67.0,Fixed Deposit
3670,40,15,22,600067,2,1.4,2,0,0,0,0,1,1,Mass,6,T Nagar Branch,Chennai,76700,44,21.7,Life Insurance
3671,38,14,29,560042,4,0.4,2,0,0,0,0,1,0,Mass,9,Koramangala Branch,Bengaluru,50500,48,23.0,Credit Card
3672,50,25,18,600058,1,0.4,3,0,0,0,0,1,0,Mass,7,OMR Branch,Chennai,33300,57,20.9,Credit Card
3673,38,13,65,110041,3,0.5,3,0,0,0,0,1,0,Mass,11,Dwarka Branch,Delhi,149100,66,45.9,Credit Card
3674,34,9,65,560065,4,1.3,1,0,0,0,0,0,1,Mass,7,Koramangala Branch,Bengaluru,178700,62,44.7,Home Loan
3675,42,16,38,380058,1,0.2,1,0,0,1,0,0,0,Mass,9,Satellite Branch,Ahmedabad,114800,67,35.8,Credit Card
3676,60,34,110,160098,2,2.0,1,0,0,0,0,1,0,Affluent,8,Sector 35 Branch,Chandigarh,348400,88,70.8,Fixed Deposit
3677,62,37,22,560095,1,1.5,2,111,0,0,0,1,0,Mass,13,Koramangala Branch,Bengaluru,139100,45,33.9,Life Insurance
3678,59,33,43,600002,2,0.3,1,0,0,0,0,0,1,Mass,22,OMR Branch,Chennai,174100,67,51.9,Life Insurance
3679,49,25,30,110058,4,0.6,1,0,0,0,0,0,0,Mass,8,Karol Bagh Branch,Delhi,45700,54,23.7,Life Insurance
3680,49,23,134,400029,2,6.3,1,0,0,0,0,1,0,Affluent,12,Fort Branch,Mumbai,672200,72,78.8,Fixed Deposit
3681,36,11,32,700007,3,1.3,1,0,0,0,0,0,0,Mass,0,Salt Lake Branch,Kolkata,39200,47,16.8,Life Insurance
3682,33,9,139,110098,1,4.3,1,0,0,0,0,0,0,Affluent,9,Karol Bagh Branch,Delhi,534900,79,76.2,Fixed Deposit
3683,43,17,45,560057,2,0.7,1,0,0,0,0,0,0,Mass,14,Whitefield Branch,Bengaluru,105600,62,38.8,Credit Card
3684,53,27,62,500096,3,3.0,2,0,0,1,0,0,0,Mass Affluent,15,Banjara Hills Branch,Hyderabad,287900,77,62.7,Credit Card
3685,57,31,51,110065,4,1.7,2,103,0,0,0,1,0,Mass,20,Karol Bagh Branch,Delhi,274900,57,58.5,Life Insurance
3686,53,27,93,400035,1,0.8,3,313,0,0,0,0,0,Mass Affluent,22,Fort Branch,Mumbai,446700,80,77.8,Credit Card
3687,60,35,122,560052,1,1.3,1,0,0,0,0,0,0,Affluent,10,Indiranagar Branch,Bengaluru,362700,88,73.3,Fixed Deposit
3688,34,10,45,641031,1,1.33,1,0,0,0,0,0,0,Mass,6,Gandhipuram Branch,Coimbatore,87100,60,31.1,Credit Card
3689,51,26,179,600031,1,8.1,1,0,0,1,0,1,0,HNI,9,OMR Branch,Chennai,1215800,91,84.1,Home Loan
3690,36,12,64,560097,3,2.8,1,205,0,0,0,0,1,Mass Affluent,11,Indiranagar Branch,Bengaluru,336800,56,56.8,Life Insurance
3691,63,39,41,400091,2,1.1,1,0,0,0,0,0,0,Mass,6,Andheri East Branch,Mumbai,68900,57,27.1,Life Insurance
3692,37,13,58,600005,2,0.6,3,0,0,0,0,0,1,Mass,15,T Nagar Branch,Chennai,192500,67,51.3,Home Loan
3693,57,33,64,400073,4,2.2,1,0,0,0,0,1,0,Mass Affluent,9,Andheri East Branch,Mumbai,165700,68,47.0,Credit Card
3694,52,27,28,600063,3,1.7,2,0,0,0,0,0,0,Mass,6,OMR Branch,Chennai,43900,48,20.4,Life Insurance
3695,38,8,21,700097,1,0.67,3,0,0,0,0,1,0,Mass,12,Salt Lake Branch,Kolkata,34500,49,22.5,Credit Card
3696,61,35,60,560015,1,2.8,2,0,0,0,0,1,0,Mass Affluent,17,Koramangala Branch,Bengaluru,217900,69,57.3,Life Insurance
3697,31,5,78,110030,2,0.2,1,0,0,0,0,0,1,Mass Affluent,6,Dwarka Branch,Delhi,183300,68,47.2,Auto Loan
3698,39,13,59,400088,3,0.5,3,0,0,0,0,0,0,Mass,10,Andheri East Branch,Mumbai,127400,69,42.3,Life Insurance
3699,38,12,59,400096,3,0.5,3,0,0,1,1,1,1,Mass Affluent,15,Bandra West Branch,Mumbai,367600,78,64.3,Life Insurance
3700,46,22,83,560075,4,1.4,2,0,0,0,0,1,1,Mass Affluent,10,Whitefield Branch,Bengaluru,292900,73,61.2,Life Insurance
3701,48,22,128,160089,1,5.7,1,0,0,1,0,0,0,Affluent,2,IT Park Branch,Chandigarh,527100,87,70.8,Fixed Deposit
3702,58,33,95,110014,1,2.6,1,0,0,0,0,1,0,Mass Affluent,21,Connaught Place Branch,Delhi,429300,78,78.6,Credit Card
3703,50,25,160,600060,4,4.3,3,410,1,0,0,0,0,HNI,15,T Nagar Branch,Chennai,944700,72,78.6,Fixed Deposit
3704,67,41,78,411067,4,2.4,3,0,0,1,0,0,0,Mass Affluent,9,Hinjewadi Branch,Pune,297700,80,61.9,Credit Card
3705,36,11,184,400066,2,5.1,2,0,1,0,0,0,0,HNI,14,Andheri East Branch,Mumbai,959300,71,81.2,Home Loan
3706,30,4,30,400026,3,1.0,1,0,0,0,0,1,0,Mass,3,Bandra West Branch,Mumbai,42700,46,18.4,Credit Card
3707,58,33,51,560042,2,1.6,3,123,0,0,0,1,0,Mass,4,Whitefield Branch,Bengaluru,178900,60,40.9,Life Insurance
3708,43,18,35,411090,1,0.6,3,0,0,0,0,0,0,Mass,9,Viman Nagar Branch,Pune,54400,66,28.9,Credit Card
3709,31,1,74,560007,4,4.0,3,0,0,0,0,0,0,Mass Affluent,0,Whitefield Branch,Bengaluru,149200,55,37.5,Credit Card
3710,37,11,43,700094,4,1.2,2,0,0,1,0,0,0,Mass,9,Howrah Branch,Kolkata,129100,55,35.4,Home Loan
3711,49,22,23,226086,2,1.0,2,0,0,0,0,1,1,Mass,14,Gomti Nagar Branch,Lucknow,102200,47,30.8,Life Insurance
3712,27,1,20,380046,4,0.4,1,99,0,0,0,1,0,Mass,3,Satellite Branch,Ahmedabad,72300,37,17.3,Gold Loan
3713,50,25,112,395032,1,0.6,1,0,0,0,0,0,0,Mass Affluent,24,Vesu Branch,Surat,422000,82,82.0,Fixed Deposit
3714,46,20,74,700079,3,0.7,2,0,0,0,0,1,1,Mass Affluent,4,Park Street Branch,Kolkata,198300,75,49.0,Life Insurance
3715,49,23,65,226095,2,0.4,3,232,0,0,0,0,1,Mass Affluent,2,Aliganj Branch,Lucknow,199200,70,44.4,Life Insurance
3716,29,5,124,302010,2,0.2,1,0,0,0,0,0,1,Affluent,5,Malviya Nagar Branch,Jaipur,297900,79,62.2,Fixed Deposit
3717,55,29,65,700093,3,2.5,1,0,0,0,0,0,0,Mass Affluent,15,Park Street Branch,Kolkata,198300,61,52.9,Credit Card
3718,61,37,73,380045,3,2.0,3,285,0,0,0,0,0,Mass Affluent,2,Navrangpura Branch,Ahmedabad,201700,64,45.2,Credit Card
3719,45,19,8,452009,2,0.1,3,0,0,0,0,0,1,Mass,21,MG Road Branch,Indore,75300,50,30.9,Life Insurance
3720,33,8,53,500039,3,2.3,1,76,0,0,0,1,0,Mass,4,Banjara Hills Branch,Hyderabad,184300,49,39.0,Credit Card
3721,63,39,131,411097,3,2.6,3,229,1,0,0,1,0,Affluent,16,Hinjewadi Branch,Pune,727000,71,76.2,Fixed Deposit
3722,32,6,13,500078,4,0.3,1,0,0,1,1,1,1,Mass,3,Secunderabad Branch,Hyderabad,140200,62,31.4,Health Insurance
3723,42,17,60,226057,1,2.4,1,98,0,0,0,1,0,Mass Affluent,16,Aliganj Branch,Lucknow,317100,62,61.2,Credit Card
3724,51,27,45,560076,1,1.6,2,82,0,0,0,1,0,Mass,21,Indiranagar Branch,Bengaluru,273500,60,59.3,Life Insurance
3725,44,20,39,302015,2,2.1,3,119,0,0,0,0,0,Mass,4,C Scheme Branch,Jaipur,134500,46,30.1,Life Insurance
3726,33,6,78,380022,4,2.0,2,0,0,0,0,0,0,Mass Affluent,5,Satellite Branch,Ahmedabad,180700,66,47.5,Credit Card
3727,39,13,43,440097,3,0.5,3,0,0,0,0,1,0,Mass,9,Dharampeth Branch,Nagpur,77000,58,30.7,Credit Card
3728,56,30,31,110082,2,0.3,1,109,0,1,1,1,1,Mass Affluent,9,Karol Bagh Branch,Delhi,307400,73,54.2,Life Insurance
3729,28,3,118,700077,3,2.4,2,161,1,0,0,0,0,Affluent,5,Park Street Branch,Kolkata,406500,64,60.9,Fixed Deposit
3730,43,17,82,700078,3,0.1,1,0,0,0,0,1,0,Mass Affluent,16,Park Street Branch,Kolkata,236200,78,63.3,Credit Card
3731,30,6,112,452096,3,2.5,1,0,0,0,0,1,0,Affluent,2,MG Road Branch,Indore,291900,75,60.8,Fixed Deposit
3732,34,8,10,682057,1,0.4,2,0,0,0,0,1,0,Mass,10,Edappally Branch,Kochi,15800,47,18.3,Credit Card
3733,26,1,18,600090,2,0.9,3,95,0,0,0,0,0,Mass,3,OMR Branch,Chennai,72700,33,16.1,Credit Card
3734,58,32,72,600017,3,0.3,2,0,0,0,0,1,0,Mass Affluent,9,Anna Nagar Branch,Chennai,173500,78,51.3,Credit Card
3735,43,19,72,110034,4,0.2,3,0,0,0,0,1,0,Mass Affluent,14,Connaught Place Branch,Delhi,185300,68,53.4,Credit Card
3736,40,14,78,440029,1,5.2,1,0,0,0,0,1,0,Mass Affluent,8,Dharampeth Branch,Nagpur,266100,62,56.3,Credit Card
3737,54,30,78,110039,3,1.8,2,0,0,0,0,0,0,Mass Affluent,19,Dwarka Branch,Delhi,269500,76,66.6,Credit Card
3738,44,19,30,700059,1,0.5,3,0,0,0,0,1,0,Mass,20,Howrah Branch,Kolkata,70300,56,33.6,Credit Card
3739,54,28,45,380013,3,1.4,1,0,0,0,0,0,1,Mass,21,Navrangpura Branch,Ahmedabad,182900,57,50.4,Life Insurance
3740,39,14,80,560090,2,0.4,1,0,0,0,0,0,0,Mass Affluent,6,Whitefield Branch,Bengaluru,155800,72,46.7,Credit Card
3741,59,35,174,110071,1,4.7,1,0,0,0,0,1,1,HNI,20,Karol Bagh Branch,Delhi,1259200,92,91.0,Home Loan
3742,53,29,51,110089,2,3.2,3,0,0,0,0,1,0,Mass,17,Dwarka Branch,Delhi,160400,51,45.1,Life Insurance
3743,32,8,181,226067,1,6.0,1,0,0,0,1,1,1,HNI,7,Gomti Nagar Branch,Lucknow,1077600,88,78.9,Home Loan
3744,40,14,78,500028,4,1.4,2,194,0,0,0,1,1,Mass Affluent,5,Hitech City Branch,Hyderabad,300600,63,53.6,Life Insurance
3745,54,29,79,400051,3,1.6,3,0,0,0,0,0,0,Mass Affluent,11,Bandra West Branch,Mumbai,216700,73,56.8,Credit Card
3746,27,3,119,700078,1,5.4,1,118,0,0,0,1,0,Affluent,2,Howrah Branch,Kolkata,480400,69,64.9,Fixed Deposit
3747,63,39,49,110065,4,1.2,2,109,0,1,1,1,1,Mass Affluent,9,Karol Bagh Branch,Delhi,407300,80,61.0,Life Insurance
3748,26,0,83,160096,3,3.9,2,0,1,0,0,1,0,Mass Affluent,3,Sector 17 Branch,Chandigarh,246600,52,48.1,Credit Card
3749,33,7,100,560083,1,2.7,2,126,0,0,0,1,0,Affluent,8,Koramangala Branch,Bengaluru,427500,75,67.9,Credit Card
3750,43,19,70,110063,3,2.33,1,0,0,0,0,1,0,Mass Affluent,13,Connaught Place Branch,Delhi,228300,69,57.1,Credit Card
3751,57,32,52,400059,3,0.5,2,0,0,0,0,1,0,Mass,10,Bandra West Branch,Mumbai,120000,67,40.1,Life Insurance
3752,26,2,12,500054,4,1.0,1,0,0,0,0,1,0,Mass,3,Banjara Hills Branch,Hyderabad,21900,28,9.8,Gold Loan
3753,55,30,82,500091,4,1.3,3,219,0,0,0,0,1,Mass Affluent,14,Hitech City Branch,Hyderabad,400800,73,66.8,Life Insurance
3754,30,4,34,700092,2,0.3,2,0,0,0,0,1,1,Mass,3,Howrah Branch,Kolkata,94000,57,26.7,Auto Loan
3755,63,37,112,500098,4,2.4,3,0,0,0,0,1,1,Affluent,5,Hitech City Branch,Hyderabad,378600,78,65.5,Fixed Deposit
3756,55,25,42,560079,3,1.0,3,0,0,0,0,1,0,Mass,7,Whitefield Branch,Bengaluru,91400,60,31.6,Life Insurance
3757,35,11,83,110091,2,2.2,1,0,0,0,0,0,0,Mass Affluent,9,Karol Bagh Branch,Delhi,225000,70,56.5,Credit Card
3758,45,21,142,110019,1,1.4,2,0,1,0,0,1,0,Affluent,17,Karol Bagh Branch,Delhi,594700,73,78.2,Fixed Deposit
3759,47,23,199,452052,2,6.67,1,0,0,0,0,1,0,HNI,13,Vijay Nagar Branch,Indore,1212300,82,87.6,Home Loan
3760,31,4,29,110007,4,1.5,2,121,0,0,0,1,1,Mass,4,Connaught Place Branch,Delhi,134400,34,25.4,Gold Loan
3761,56,26,70,395059,3,1.4,3,273,0,0,0,1,1,Mass Affluent,13,Ring Road Branch,Surat,371300,69,63.2,Life Insurance
3762,49,24,25,560069,2,0.7,3,0,0,0,0,1,0,Mass,15,Indiranagar Branch,Bengaluru,51700,52,27.3,Life Insurance
3763,53,27,84,400027,2,1.1,1,0,0,0,0,1,0,Mass Affluent,21,Bandra West Branch,Mumbai,322100,81,73.9,Credit Card
3764,62,36,81,110077,3,4.4,1,0,0,0,0,0,1,Mass Affluent,26,Karol Bagh Branch,Delhi,543400,70,78.2,Life Insurance
3765,63,37,15,400069,2,0.4,1,0,0,0,0,0,0,Mass,16,Bandra West Branch,Mumbai,21100,50,23.3,Life Insurance
3766,26,0,54,380098,3,0.3,3,0,0,0,0,1,0,Mass,1,Maninagar Branch,Ahmedabad,86900,61,29.4,Home Loan
3767,59,35,108,500096,4,3.8,2,304,1,0,0,1,0,Affluent,20,Hitech City Branch,Hyderabad,710600,60,75.0,Fixed Deposit
3768,40,16,83,560024,4,2.67,1,0,0,0,0,1,1,Mass Affluent,4,Indiranagar Branch,Bengaluru,269700,71,55.3,Home Loan
3769,42,16,62,411043,1,0.7,3,170,0,0,1,1,1,Mass Affluent,4,Viman Nagar Branch,Pune,291900,73,52.5,Mutual Funds
3770,29,4,134,411025,2,3.3,1,204,0,0,0,0,0,Affluent,7,Viman Nagar Branch,Pune,542600,78,72.2,Fixed Deposit
3771,40,16,75,452073,3,2.33,1,79,0,0,0,0,0,Mass Affluent,16,MG Road Branch,Indore,368600,70,67.3,Credit Card
3772,31,7,109,440089,2,2.0,2,341,0,0,0,0,1,Affluent,3,Dharampeth Branch,Nagpur,356000,66,57.8,Fixed Deposit
3773,35,10,152,411038,2,3.0,1,0,0,0,0,1,0,Affluent,9,Kothrud Branch,Pune,558500,79,77.2,Home Loan
3774,62,36,83,302090,4,2.4,3,0,0,1,0,0,0,Mass Affluent,9,C Scheme Branch,Jaipur,307200,79,63.0,Credit Card
3775,51,26,52,380023,4,1.8,3,0,0,0,0,1,0,Mass,17,Maninagar Branch,Ahmedabad,163600,66,49.4,Life Insurance
3776,32,6,31,500011,2,2.0,3,0,0,0,0,1,1,Mass,4,Banjara Hills Branch,Hyderabad,88300,43,22.8,Home Loan
3777,27,3,135,700027,3,2.7,3,449,1,0,0,0,1,Affluent,3,Howrah Branch,Kolkata,474000,58,57.9,Fixed Deposit
3778,62,37,98,400016,1,0.9,1,151,0,0,0,1,0,Mass Affluent,10,Fort Branch,Mumbai,404300,89,71.6,Credit Card
3779,66,41,14,380061,4,0.6,2,0,0,0,0,0,0,Mass,14,Maninagar Branch,Ahmedabad,27400,45,21.3,Life Insurance
3780,53,27,64,440028,4,2.6,1,0,0,0,0,1,1,Mass Affluent,20,Dharampeth Branch,Nagpur,316300,59,63.4,Life Insurance
3781,49,25,109,400014,2,6.8,1,0,0,0,0,0,0,Affluent,13,Bandra West Branch,Mumbai,513000,68,74.0,Fixed Deposit
3782,65,40,118,302082,1,1.3,1,333,0,0,1,1,1,Affluent,27,Malviya Nagar Branch,Jaipur,986500,92,86.4,Life Insurance
3783,30,5,80,452001,4,2.2,2,0,0,1,0,1,0,Mass Affluent,1,Palasia Branch,Indore,227800,73,50.1,Credit Card
3784,60,34,51,110025,3,1.4,3,0,0,0,0,0,0,Mass,15,Karol Bagh Branch,Delhi,126000,62,42.4,Life Insurance
3785,30,6,115,500070,4,3.8,2,0,1,0,0,1,0,Affluent,8,Hitech City Branch,Hyderabad,425800,60,64.8,Fixed Deposit
3786,54,28,83,452073,1,2.4,1,0,0,0,0,1,0,Mass Affluent,18,Vijay Nagar Branch,Indore,328500,75,70.8,Credit Card
3787,54,28,90,641042,1,0.3,1,0,0,0,0,1,0,Mass Affluent,6,Peelamedu Branch,Coimbatore,218000,85,58.4,Credit Card
3788,37,12,28,400050,4,1.7,1,0,0,1,1,1,0,Mass Affluent,7,Fort Branch,Mumbai,159300,58,36.1,Credit Card
3789,32,7,82,560057,2,2.5,1,221,0,0,0,1,1,Mass Affluent,7,Whitefield Branch,Bengaluru,376800,63,59.2,Auto Loan
3790,51,27,24,411081,3,0.4,1,0,0,0,0,1,1,Mass,9,Hinjewadi Branch,Pune,87700,53,27.4,Life Insurance
3791,46,22,71,110050,2,1.7,1,0,0,0,0,1,1,Mass Affluent,8,Dwarka Branch,Delhi,247100,72,54.9,Life Insurance
3792,41,17,80,560051,1,0.3,1,0,0,0,0,0,0,Mass Affluent,7,Indiranagar Branch,Bengaluru,173300,80,51.5,Credit Card
3793,62,36,109,400015,4,1.7,3,0,0,0,0,1,0,Affluent,17,Bandra West Branch,Mumbai,415100,79,76.5,Fixed Deposit
3794,54,28,140,400056,1,2.9,1,0,0,0,0,1,0,Affluent,7,Bandra West Branch,Mumbai,503200,88,76.7,Fixed Deposit
3795,52,27,39,600090,4,0.2,2,0,0,1,0,1,0,Mass,14,OMR Branch,Chennai,147100,67,42.9,Life Insurance
3796,51,25,39,411094,1,1.2,2,98,0,0,0,1,0,Mass,14,Hinjewadi Branch,Pune,178500,52,43.2,Life Insurance
3797,24,-2,50,411040,3,2.4,2,0,0,1,0,0,0,Mass Affluent,1,Kothrud Branch,Pune,129000,54,31.1,Life Insurance
3798,61,35,31,380069,2,0.3,1,0,0,0,0,1,0,Mass,18,Maninagar Branch,Ahmedabad,78100,65,35.9,Life Insurance
3799,55,25,35,560049,3,1.0,3,144,0,0,0,1,1,Mass,27,Koramangala Branch,Bengaluru,316800,55,61.3,Life Insurance
3800,37,11,44,110088,4,0.2,1,0,0,0,0,0,1,Mass,7,Dwarka Branch,Delhi,108600,57,32.5,Life Insurance
3801,64,38,35,400003,1,0.5,3,0,0,0,0,1,0,Mass,9,Fort Branch,Mumbai,68200,64,29.7,Life Insurance
3802,34,8,20,110073,2,0.3,1,106,0,0,0,1,1,Mass,8,Connaught Place Branch,Delhi,132300,38,27.8,Auto Loan
3803,31,7,10,560098,4,0.7,2,0,0,0,0,1,0,Mass,3,Koramangala Branch,Bengaluru,12000,35,10.8,Credit Card
3804,42,18,83,110053,4,2.0,3,0,0,0,0,1,0,Mass Affluent,9,Connaught Place Branch,Delhi,233900,71,57.4,Credit Card
3805,47,22,203,400052,2,8.8,1,0,0,0,0,1,0,HNI,13,Andheri East Branch,Mumbai,1386800,78,87.0,Home Loan
3806,29,5,84,110050,3,0.8,1,0,0,0,0,0,0,Mass Affluent,3,Karol Bagh Branch,Delhi,156100,72,45.7,Credit Card
3807,34,8,41,411074,4,0.8,1,0,0,0,0,0,0,Mass,8,Hinjewadi Branch,Pune,64000,49,25.8,Life Insurance
3808,36,11,164,411002,2,7.8,1,0,0,0,0,1,1,HNI,4,Kothrud Branch,Pune,852700,79,75.9,Home Loan
3809,34,10,152,452032,2,6.5,1,0,0,0,0,0,0,HNI,7,Vijay Nagar Branch,Indore,643400,73,76.1,Home Loan
3810,26,2,62,380021,4,1.6,1,0,0,1,0,0,0,Mass Affluent,2,Satellite Branch,Ahmedabad,152300,68,39.4,Credit Card
3811,48,24,12,600048,4,1.0,1,89,0,0,0,0,0,Mass,0,Anna Nagar Branch,Chennai,64700,27,11.6,Life Insurance
3812,47,23,28,400022,4,0.6,1,0,0,0,0,1,0,Mass,9,Fort Branch,Mumbai,53200,44,22.0,Credit Card
3813,39,13,52,600038,1,2.0,1,0,0,0,0,0,1,Mass,10,Anna Nagar Branch,Chennai,182300,63,45.7,Personal Loan
3814,62,37,19,400083,3,1.3,2,97,0,0,0,1,0,Mass,25,Fort Branch,Mumbai,165400,42,43.2,Life Insurance
3815,34,9,35,560086,3,1.3,1,0,0,0,0,0,0,Mass,11,Koramangala Branch,Bengaluru,69400,48,27.0,Life Insurance
3816,43,19,28,560033,4,0.3,1,96,0,0,0,1,0,Mass,6,Koramangala Branch,Bengaluru,104700,48,26.9,Life Insurance
3817,55,30,70,560060,3,2.0,2,0,0,0,0,1,1,Mass Affluent,9,Whitefield Branch,Bengaluru,258900,71,56.1,Life Insurance
3818,65,40,140,110034,1,0.9,1,0,0,0,0,0,0,Affluent,13,Dwarka Branch,Delhi,454800,91,79.8,Fixed Deposit
3819,26,0,102,411096,4,2.3,3,0,0,0,0,0,0,Mass Affluent,3,Kothrud Branch,Pune,247200,76,57.7,Fixed Deposit
3820,57,27,50,302006,4,2.0,3,0,0,0,0,1,0,Mass,23,C Scheme Branch,Jaipur,179300,60,53.3,Life Insurance
3821,32,7,61,380024,3,2.3,1,205,0,0,0,1,1,Mass Affluent,6,Maninagar Branch,Ahmedabad,279700,54,49.4,Life Insurance
3822,35,9,188,411030,2,3.7,2,259,1,0,0,1,0,HNI,5,Viman Nagar Branch,Pune,805500,72,71.8,Fixed Deposit
3823,63,33,178,600035,4,9.0,3,0,1,0,0,0,0,HNI,9,OMR Branch,Chennai,1064700,70,78.4,Home Loan
3824,49,25,44,400016,4,0.9,2,194,0,0,0,1,0,Mass,18,Bandra West Branch,Mumbai,210400,51,49.7,Life Insurance
3825,23,-1,12,700051,4,1.0,1,0,0,1,0,0,1,Mass,2,Park Street Branch,Kolkata,85600,41,18.7,Life Insurance
3826,30,6,69,600047,4,3.4,1,188,0,0,0,0,1,Mass Affluent,5,Anna Nagar Branch,Chennai,299800,56,51.3,Auto Loan
3827,43,19,132,110016,1,5.0,1,0,0,0,0,0,0,Affluent,11,Karol Bagh Branch,Delhi,546200,73,75.9,Fixed Deposit
3828,39,14,128,560049,2,3.9,1,196,0,0,0,1,0,Affluent,11,Whitefield Branch,Bengaluru,653800,73,75.2,Fixed Deposit
3829,31,6,44,452084,4,0.8,1,122,0,0,0,1,0,Mass,7,Palasia Branch,Indore,157400,54,37.7,Credit Card
3830,65,39,44,411005,1,0.5,3,0,0,0,0,1,1,Mass,20,Viman Nagar Branch,Pune,193800,65,52.7,Life Insurance
3831,34,8,34,500033,2,2.0,3,0,0,1,0,1,0,Mass,3,Banjara Hills Branch,Hyderabad,102600,53,27.0,Credit Card
3832,37,12,132,600008,2,3.9,1,0,0,0,0,0,0,Affluent,5,OMR Branch,Chennai,441800,86,73.1,Fixed Deposit
3833,62,38,158,560040,2,2.1,1,0,0,0,0,0,1,Affluent,11,Koramangala Branch,Bengaluru,633000,88,79.5,Home Loan
3834,33,9,83,500029,1,0.1,1,0,0,0,0,1,0,Mass Affluent,2,Hitech City Branch,Hyderabad,153700,78,46.1,Credit Card
3835,48,22,28,110075,1,1.4,3,75,0,0,0,1,0,Mass,14,Dwarka Branch,Delhi,159800,53,39.6,Credit Card
3836,33,9,131,560053,3,2.2,3,0,1,1,0,0,0,Affluent,10,Koramangala Branch,Bengaluru,510200,73,69.3,Fixed Deposit
3837,45,19,31,411065,3,0.5,2,0,0,0,0,1,1,Mass,4,Viman Nagar Branch,Pune,93600,55,26.4,Life Insurance
3838,44,19,40,400009,4,0.0,2,0,0,0,0,1,0,Mass,16,Fort Branch,Mumbai,90500,65,37.7,Life Insurance
3839,37,11,71,380019,2,1.8,1,127,0,1,0,0,0,Mass Affluent,7,Navrangpura Branch,Ahmedabad,320400,74,58.5,Credit Card
3840,31,5,42,110099,2,2.0,3,0,0,0,0,1,0,Mass,5,Dwarka Branch,Delhi,81900,59,28.9,Credit Card
3841,56,31,35,411070,3,0.1,2,114,0,0,0,0,0,Mass,15,Viman Nagar Branch,Pune,146700,56,40.3,Life Insurance
3842,30,4,81,411060,2,0.2,1,0,0,0,0,1,0,Mass Affluent,7,Viman Nagar Branch,Pune,184700,77,52.5,Credit Card
3843,61,35,91,411009,2,2.0,1,0,0,0,0,1,0,Mass Affluent,12,Kothrud Branch,Pune,308200,79,67.7,Credit Card
3844,32,7,129,600059,4,5.2,2,0,1,0,0,0,1,Affluent,5,Anna Nagar Branch,Chennai,529500,61,63.7,Fixed Deposit
3845,51,27,75,641039,1,2.7,1,0,0,0,0,0,0,Mass Affluent,18,RS Puram Branch,Coimbatore,277100,73,65.7,Credit Card
3846,26,1,54,500074,4,0.6,2,230,0,0,0,0,0,Mass,1,Hitech City Branch,Hyderabad,127300,53,31.1,Life Insurance
3847,31,5,43,700089,1,1.5,1,0,0,0,0,0,0,Mass,6,Howrah Branch,Kolkata,76700,56,28.3,Credit Card
3848,43,18,94,700026,4,1.1,2,0,0,0,0,0,0,Mass Affluent,20,Howrah Branch,Kolkata,318600,78,73.3,Credit Card
3849,57,32,84,110040,4,1.3,3,0,0,0,0,0,1,Mass Affluent,8,Dwarka Branch,Delhi,248900,71,56.3,Life Insurance
3850,42,18,34,110012,1,2.0,2,0,0,1,0,0,0,Mass,13,Karol Bagh Branch,Delhi,137600,57,38.2,Credit Card
3851,48,23,15,560050,4,0.8,1,0,0,0,0,1,0,Mass,11,Whitefield Branch,Bengaluru,23700,43,18.8,Gold Loan
3852,46,21,99,110028,2,3.8,3,194,0,0,0,1,0,Affluent,4,Dwarka Branch,Delhi,412100,75,64.9,Credit Card
3853,33,7,15,560013,1,0.4,2,82,0,1,1,1,1,Mass,8,Koramangala Branch,Bengaluru,244600,59,44.8,Auto Loan
3854,45,21,83,560036,4,2.0,3,0,0,0,0,1,0,Mass Affluent,9,Whitefield Branch,Bengaluru,236500,73,58.1,Credit Card
3855,31,6,83,600049,4,1.8,3,0,0,0,0,1,0,Mass Affluent,2,Anna Nagar Branch,Chennai,185700,70,48.3,Credit Card
3856,42,18,143,110006,1,1.7,1,0,0,1,0,1,0,Affluent,14,Karol Bagh Branch,Delhi,671500,95,83.4,Fixed Deposit
3857,56,30,81,380028,4,2.6,3,0,0,0,0,1,0,Mass Affluent,26,Maninagar Branch,Ahmedabad,370200,67,74.4,Credit Card
3858,63,39,39,560072,1,1.9,2,0,0,0,0,0,0,Mass,26,Indiranagar Branch,Bengaluru,121500,58,44.9,Life Insurance
3859,42,18,158,700062,2,0.4,2,277,1,0,0,0,1,Affluent,10,Howrah Branch,Kolkata,572000,73,68.4,Fixed Deposit
3860,50,24,62,400002,1,1.4,3,0,0,0,0,0,0,Mass,17,Fort Branch,Mumbai,183700,69,54.1,Credit Card
3861,31,6,64,500071,2,0.1,1,0,0,0,0,1,1,Mass,7,Secunderabad Branch,Hyderabad,162000,61,42.1,Auto Loan
3862,65,40,29,400007,1,1.5,2,0,0,0,0,0,0,Mass,17,Bandra West Branch,Mumbai,65600,52,30.2,Life Insurance
3863,60,34,64,411028,3,2.5,1,0,0,0,0,1,0,Mass Affluent,19,Hinjewadi Branch,Pune,237400,67,60.3,Credit Card
3864,34,10,21,560051,4,0.7,2,0,0,0,0,1,0,Mass,3,Koramangala Branch,Bengaluru,22800,46,15.3,Credit Card
3865,62,32,142,641028,2,2.8,3,0,1,0,0,0,1,Affluent,9,Gandhipuram Branch,Coimbatore,570300,73,70.3,Fixed Deposit
3866,56,30,64,560074,3,2.5,1,0,0,0,0,0,0,Mass Affluent,26,Whitefield Branch,Bengaluru,255000,64,64.7,Credit Card
3867,51,25,40,600014,4,1.8,1,0,0,1,0,0,1,Mass,21,T Nagar Branch,Chennai,280900,62,58.7,Life Insurance
3868,44,19,61,110095,3,2.7,2,0,0,0,0,0,0,Mass Affluent,14,Karol Bagh Branch,Delhi,178900,60,49.3,Credit Card
3869,41,16,44,600040,1,0.3,3,0,0,0,0,0,0,Mass,3,T Nagar Branch,Chennai,68200,67,28.5,Credit Card
3870,43,16,78,500066,3,2.67,2,161,0,0,0,1,1,Mass Affluent,4,Hitech City Branch,Hyderabad,328200,64,55.1,Life Insurance
3871,25,0,25,560050,2,0.9,3,0,0,0,0,0,0,Mass,1,Whitefield Branch,Bengaluru,33900,43,15.0,Credit Card
3872,40,16,125,110062,2,1.9,1,0,0,0,0,0,1,Affluent,8,Connaught Place Branch,Delhi,434500,85,71.7,Fixed Deposit
3873,53,29,63,400018,2,1.0,3,0,0,0,0,1,0,Mass,16,Bandra West Branch,Mumbai,195300,74,56.1,Credit Card
3874,54,30,54,400058,1,1.6,3,185,0,0,0,1,0,Mass,16,Andheri East Branch,Mumbai,268300,60,56.7,Life Insurance
3875,36,12,92,395074,2,0.0,1,184,0,0,0,0,0,Mass Affluent,4,Ring Road Branch,Surat,233600,77,54.6,Credit Card
3876,26,2,119,560056,2,0.6,1,381,0,0,0,1,1,Affluent,4,Indiranagar Branch,Bengaluru,385300,73,61.7,Fixed Deposit
3877,35,11,40,400035,1,2.4,2,0,0,0,0,1,0,Mass,9,Andheri East Branch,Mumbai,93600,53,30.8,Credit Card
3878,29,4,41,641088,1,1.0,1,0,0,0,0,0,0,Mass,3,Gandhipuram Branch,Coimbatore,61500,54,23.8,Credit Card
3879,35,11,81,400023,2,0.0,1,0,0,0,0,1,1,Mass Affluent,12,Fort Branch,Mumbai,267600,77,61.1,Home Loan
3880,28,4,101,560030,3,2.5,1,270,0,0,0,0,0,Affluent,0,Whitefield Branch,Bengaluru,279400,72,55.1,Fixed Deposit
3881,48,24,25,700017,4,0.5,2,0,0,0,0,0,0,Mass,9,Howrah Branch,Kolkata,36200,48,21.3,Gold Loan
3882,46,20,55,682061,1,1.5,2,0,0,1,0,0,0,Mass Affluent,5,MG Road Kochi Branch,Kochi,168200,73,43.8,Credit Card
3883,31,7,43,700002,1,2.1,3,166,0,0,0,0,1,Mass,8,Howrah Branch,Kolkata,220800,53,44.2,Auto Loan
3884,40,16,98,500081,2,1.8,2,98,0,0,0,1,0,Mass Affluent,8,Banjara Hills Branch,Hyderabad,371300,72,65.0,Credit Card
3885,27,1,112,440032,4,2.3,3,402,0,0,0,1,1,Affluent,5,Sitabuldi Branch,Nagpur,445400,67,62.7,Fixed Deposit
3886,32,2,69,400037,4,4.0,3,102,0,0,0,1,0,Mass Affluent,1,Fort Branch,Mumbai,240900,56,45.9,Credit Card
3887,67,43,79,395050,4,1.7,2,215,0,0,1,1,1,Mass Affluent,5,Vesu Branch,Surat,399600,79,60.6,Life Insurance
3888,24,-2,118,226020,2,7.2,1,0,0,1,0,1,0,Affluent,2,Hazratganj Branch,Lucknow,510000,70,65.8,Fixed Deposit
3889,45,18,81,452027,3,2.67,2,251,0,0,0,1,1,Mass Affluent,7,Palasia Branch,Indore,379800,64,59.4,Life Insurance
3890,26,0,19,110085,1,0.1,2,121,0,0,0,1,0,Mass,2,Karol Bagh Branch,Delhi,79300,50,20.7,Credit Card
3891,42,17,139,400052,2,2.9,3,0,1,0,0,1,0,Affluent,16,Andheri East Branch,Mumbai,674900,76,79.7,Fixed Deposit
3892,65,40,63,411064,3,0.5,2,0,0,0,0,1,0,Mass,18,Viman Nagar Branch,Pune,187900,72,56.1,Credit Card
3893,59,33,102,500015,2,1.4,1,0,0,0,0,1,0,Mass Affluent,7,Banjara Hills Branch,Hyderabad,271400,79,62.8,Fixed Deposit
3894,30,5,40,500009,4,1.7,2,0,0,0,0,1,0,Mass,6,Secunderabad Branch,Hyderabad,69500,47,24.4,Credit Card
3895,32,6,44,452002,1,0.3,1,81,0,0,0,1,1,Mass,4,Vijay Nagar Branch,Indore,186800,65,41.4,Auto Loan
3896,36,12,59,600070,3,2.0,1,216,0,0,0,0,0,Mass Affluent,2,OMR Branch,Chennai,181800,58,40.3,Life Insurance
3897,48,24,224,560054,2,6.67,1,0,0,0,1,1,1,HNI,12,Koramangala Branch,Bengaluru,1739700,98,85.6,Home Loan
3898,56,31,64,560067,2,2.3,3,0,0,0,0,0,0,Mass Affluent,22,Whitefield Branch,Bengaluru,234100,71,62.8,Credit Card
3899,44,20,129,400024,2,3.3,1,0,0,0,0,1,0,Affluent,16,Bandra West Branch,Mumbai,574700,76,80.0,Fixed Deposit
3900,60,34,43,110054,1,1.4,1,0,0,0,0,1,1,Mass,15,Connaught Place Branch,Delhi,176400,61,46.5,Life Insurance
3901,51,27,12,400063,3,0.4,1,0,0,1,1,1,1,Mass,22,Andheri East Branch,Mumbai,242400,61,53.5,Life Insurance
3902,34,10,53,302067,3,2.6,2,0,0,0,0,1,0,Mass,5,Malviya Nagar Branch,Jaipur,114400,54,33.3,Credit Card
3903,45,21,39,700076,2,2.1,3,0,0,0,0,0,1,Mass,5,Howrah Branch,Kolkata,118300,51,30.0,Life Insurance
3904,47,23,65,500023,1,0.0,1,0,0,0,0,0,0,Mass,19,Hitech City Branch,Hyderabad,167700,72,54.4,Credit Card
3905,29,5,18,560080,1,0.4,3,94,0,0,0,1,1,Mass,1,Indiranagar Branch,Bengaluru,109000,45,22.4,Gold Loan
3906,52,28,55,411034,1,1.6,3,0,0,0,0,0,0,Mass,17,Hinjewadi Branch,Pune,151000,67,48.6,Life Insurance
3907,61,35,60,302082,1,2.5,3,0,0,0,0,1,0,Mass Affluent,24,C Scheme Branch,Jaipur,251700,71,64.8,Life Insurance
3908,40,14,42,160027,2,0.3,1,187,0,0,0,1,0,Mass,4,IT Park Branch,Chandigarh,131800,57,33.0,Credit Card
3909,24,0,44,600055,3,0.1,2,0,0,0,0,0,0,Mass,1,T Nagar Branch,Chennai,53100,56,23.1,Mutual Funds
3910,33,7,111,302054,2,1.3,1,0,0,0,0,1,0,Affluent,6,Vaishali Nagar Branch,Jaipur,291600,77,63.6,Fixed Deposit
3911,33,8,62,500096,1,1.0,1,0,0,0,0,1,0,Mass,8,Hitech City Branch,Hyderabad,136400,61,40.7,Credit Card
3912,52,26,44,500050,2,0.8,3,148,0,0,0,0,1,Mass,7,Hitech City Branch,Hyderabad,186000,52,39.9,Life Insurance
3913,40,14,69,226055,1,1.5,3,0,0,0,0,0,0,Mass Affluent,3,Aliganj Branch,Lucknow,136000,70,40.6,Credit Card
3914,45,20,62,560076,3,0.8,3,172,0,0,0,1,0,Mass Affluent,15,Koramangala Branch,Bengaluru,275000,67,59.2,Credit Card
3915,27,3,35,560008,1,1.8,2,0,0,0,0,0,0,Mass,4,Koramangala Branch,Bengaluru,59200,50,22.3,Gold Loan
3916,38,13,91,560022,1,2.8,1,0,0,0,0,1,1,Mass Affluent,4,Indiranagar Branch,Bengaluru,295700,72,58.2,Home Loan
3917,50,26,12,500080,1,0.2,1,96,0,0,0,0,0,Mass,20,Banjara Hills Branch,Hyderabad,100000,44,32.3,Gold Loan
3918,41,15,89,600088,3,0.1,1,292,0,0,0,1,0,Mass Affluent,5,T Nagar Branch,Chennai,252900,76,56.3,Credit Card
3919,60,34,65,411009,4,1.7,2,0,0,1,0,1,0,Mass Affluent,17,Hinjewadi Branch,Pune,310000,78,66.1,Credit Card
3920,64,34,179,560043,2,4.5,3,400,1,0,0,0,0,HNI,8,Indiranagar Branch,Bengaluru,882400,75,75.0,Fixed Deposit
3921,34,8,82,110023,2,1.5,3,0,0,1,1,1,1,Affluent,6,Dwarka Branch,Delhi,410100,87,63.9,Auto Loan
3922,30,6,48,226091,1,1.2,1,0,0,0,0,1,0,Mass,3,Hazratganj Branch,Lucknow,84800,58,28.7,Credit Card
3923,31,4,20,560067,4,1.5,2,0,0,0,0,1,0,Mass,5,Indiranagar Branch,Bengaluru,23700,30,12.4,Credit Card
3924,41,15,91,452069,1,2.8,3,330,0,1,0,1,0,Affluent,8,Palasia Branch,Indore,475200,78,67.2,Credit Card
3925,61,37,122,110032,2,6.0,1,0,0,0,0,1,0,Affluent,21,Connaught Place Branch,Delhi,764900,78,86.2,Fixed Deposit
3926,42,18,22,600001,1,1.4,3,0,0,0,0,1,0,Mass,16,OMR Branch,Chennai,44900,45,25.1,Credit Card
3927,48,23,43,600014,2,1.3,1,0,0,0,0,1,0,Mass,4,Anna Nagar Branch,Chennai,71700,65,28.7,Credit Card
3928,59,34,38,302091,4,1.7,1,0,0,0,0,0,1,Mass,19,Vaishali Nagar Branch,Jaipur,165700,53,44.5,Life Insurance
3929,57,33,61,400065,3,2.67,1,0,0,0,0,1,0,Mass Affluent,13,Fort Branch,Mumbai,178700,57,47.9,Credit Card
3930,37,13,33,682065,4,0.4,2,0,0,0,0,0,0,Mass,3,Edappally Branch,Kochi,41500,51,20.0,Life Insurance
3931,53,27,145,500088,1,2.9,1,345,0,0,0,0,0,Affluent,14,Secunderabad Branch,Hyderabad,698500,79,79.8,Fixed Deposit
3932,53,27,170,600040,1,1.0,1,0,0,0,0,1,0,Affluent,20,Anna Nagar Branch,Chennai,740400,88,89.5,Home Loan
3933,26,2,55,500005,3,0.7,2,0,0,0,0,1,0,Mass,4,Secunderabad Branch,Hyderabad,97200,56,31.4,Mutual Funds
3934,39,14,40,400095,1,2.5,3,0,0,0,0,1,0,Mass,9,Andheri East Branch,Mumbai,86600,53,29.9,Credit Card
3935,35,11,68,500074,2,0.0,1,126,0,0,0,0,1,Mass Affluent,4,Hitech City Branch,Hyderabad,208700,67,45.8,Life Insurance
3936,59,33,53,110046,3,2.5,1,0,0,0,0,1,0,Mass,18,Connaught Place Branch,Delhi,171600,60,49.7,Life Insurance
3937,43,18,63,560040,3,0.8,3,0,0,1,0,0,0,Mass Affluent,6,Koramangala Branch,Bengaluru,169200,76,46.0,Credit Card
3938,39,15,123,411081,2,2.2,1,92,0,0,0,0,1,Affluent,16,Viman Nagar Branch,Pune,667400,78,77.0,Fixed Deposit
3939,49,24,13,500060,2,0.0,1,0,0,0,0,1,0,Mass,15,Secunderabad Branch,Hyderabad,27300,54,24.1,Credit Card
3940,47,23,12,400059,4,0.2,1,102,0,0,0,0,1,Mass,5,Bandra West Branch,Mumbai,94500,40,21.4,Life Insurance
3941,41,17,53,400034,2,2.5,1,102,0,0,0,1,0,Mass,8,Bandra West Branch,Mumbai,219500,56,46.8,Credit Card
3942,57,33,79,110095,1,2.7,2,294,0,0,0,1,1,Mass Affluent,14,Karol Bagh Branch,Delhi,482600,70,68.0,Life Insurance
3943,42,17,89,110014,1,0.1,2,170,0,0,0,1,0,Mass Affluent,5,Dwarka Branch,Delhi,256900,77,56.9,Credit Card
3944,61,36,188,600013,1,9.3,2,0,1,0,0,0,0,HNI,20,OMR Branch,Chennai,1616600,77,87.9,Home Loan
3945,56,26,62,110046,3,1.4,3,0,0,0,0,1,0,Mass,16,Dwarka Branch,Delhi,186000,65,52.8,Credit Card
3946,29,3,123,160053,3,5.6,3,428,1,0,0,1,0,Affluent,4,IT Park Branch,Chandigarh,566700,57,62.7,Fixed Deposit
3947,25,-1,40,110060,3,2.4,2,0,0,0,0,1,0,Mass,4,Karol Bagh Branch,Delhi,75300,53,25.4,Credit Card
3948,32,8,119,400074,4,5.0,3,0,1,0,0,1,0,Affluent,7,Fort Branch,Mumbai,480300,61,65.9,Fixed Deposit
3949,37,12,123,160077,4,3.1,2,253,1,0,1,1,1,Affluent,11,Sector 17 Branch,Chandigarh,785700,71,68.7,Mutual Funds
3950,31,5,23,110062,1,0.4,2,0,0,0,0,1,1,Mass,4,Dwarka Branch,Delhi,61500,48,19.9,Gold Loan
3951,38,14,62,560083,1,1.5,3,255,0,0,0,1,0,Mass Affluent,7,Whitefield Branch,Bengaluru,219900,59,48.0,Credit Card
3952,40,14,69,641051,3,2.1,1,106,0,0,0,1,0,Mass Affluent,8,RS Puram Branch,Coimbatore,268500,62,53.9,Credit Card
3953,61,36,124,641013,2,3.9,1,0,0,1,0,0,1,Affluent,24,RS Puram Branch,Coimbatore,980800,92,88.4,Fixed Deposit
3954,50,26,52,700094,4,0.1,3,0,0,0,0,0,0,Mass,18,Salt Lake Branch,Kolkata,130700,68,46.3,Credit Card
3955,32,7,134,400048,2,3.1,1,0,0,0,0,0,0,Affluent,0,Fort Branch,Mumbai,328600,79,64.2,Fixed Deposit
3956,62,36,58,600087,1,0.8,2,0,0,0,0,0,0,Mass,20,Anna Nagar Branch,Chennai,176000,74,55.5,Life Insurance
3957,62,37,45,395077,3,0.5,2,200,0,0,0,1,1,Mass,14,Ring Road Branch,Surat,249700,58,51.7,Life Insurance
3958,40,15,75,641020,4,1.1,2,0,0,0,0,1,0,Mass Affluent,12,Peelamedu Branch,Coimbatore,210900,70,55.7,Credit Card
3959,59,34,23,400038,4,0.4,2,78,0,0,0,0,0,Mass,21,Bandra West Branch,Mumbai,138300,49,39.8,Life Insurance
3960,43,19,123,560043,3,1.3,1,0,1,0,0,1,0,Affluent,15,Whitefield Branch,Bengaluru,476100,71,73.3,Fixed Deposit
3961,62,37,48,560025,3,2.2,1,0,0,0,0,0,0,Mass,17,Indiranagar Branch,Bengaluru,140600,59,44.3,Life Insurance
3962,48,22,145,400008,1,0.3,1,140,0,0,0,1,0,Affluent,4,Bandra West Branch,Mumbai,419000,83,69.0,Fixed Deposit
3963,29,5,31,411028,1,1.0,3,0,0,0,0,0,0,Mass,4,Hinjewadi Branch,Pune,40000,48,19.3,Credit Card
3964,58,32,38,110085,3,2.2,3,0,0,0,0,1,0,Mass,19,Connaught Place Branch,Delhi,109600,53,38.4,Life Insurance
3965,43,18,78,560078,4,1.9,3,0,0,0,0,0,0,Mass Affluent,12,Koramangala Branch,Bengaluru,222700,70,57.1,Credit Card
3966,39,15,94,400001,2,1.9,1,0,0,0,0,1,0,Mass Affluent,2,Fort Branch,Mumbai,219600,75,54.2,Credit Card
3967,33,7,84,500068,1,2.9,3,0,0,0,0,1,0,Mass Affluent,4,Banjara Hills Branch,Hyderabad,218500,69,52.8,Credit Card
3968,40,15,22,110088,1,0.6,3,0,0,0,0,1,0,Mass,6,Connaught Place Branch,Delhi,31200,50,19.0,Credit Card
3969,28,3,78,560007,4,0.2,1,0,0,0,0,1,1,Mass Affluent,6,Koramangala Branch,Bengaluru,206700,70,50.0,Auto Loan
3970,38,11,75,400030,3,2.33,2,0,0,0,0,1,0,Mass Affluent,11,Bandra West Branch,Mumbai,222200,66,55.3,Credit Card
3971,65,40,71,641036,3,2.2,1,0,0,0,0,0,1,Mass Affluent,20,RS Puram Branch,Coimbatore,334300,71,68.0,Life Insurance
3972,35,11,24,400001,1,0.5,3,0,0,0,0,1,1,Mass,6,Fort Branch,Mumbai,88900,56,26.6,Life Insurance
3973,29,5,112,500055,2,4.33,1,0,0,0,0,1,1,Affluent,6,Hitech City Branch,Hyderabad,460600,74,67.8,Fixed Deposit
3974,61,35,53,110025,1,2.8,2,167,0,0,0,1,0,Mass Affluent,19,Connaught Place Branch,Delhi,311300,55,60.3,Life Insurance
3975,46,21,41,400011,1,0.5,3,0,0,0,0,0,0,Mass,15,Fort Branch,Mumbai,89700,63,36.7,Credit Card
3976,50,23,25,110097,1,0.5,2,0,0,0,0,1,0,Mass,24,Dwarka Branch,Delhi,58100,54,33.8,Credit Card
3977,60,33,42,400071,4,2.5,2,194,0,0,0,1,0,Mass,23,Fort Branch,Mumbai,263400,48,56.3,Life Insurance
3978,54,27,51,400016,3,1.0,2,113,0,1,1,1,1,Mass Affluent,23,Bandra West Branch,Mumbai,543200,68,70.0,Life Insurance
3979,43,18,19,500097,2,0.3,2,0,0,0,0,1,0,Mass,11,Secunderabad Branch,Hyderabad,23600,52,21.3,Credit Card
3980,38,14,90,411047,2,0.0,1,258,0,1,1,1,1,Affluent,15,Hinjewadi Branch,Pune,603200,92,73.4,Life Insurance
3981,46,22,89,400075,4,1.4,2,0,0,0,0,1,0,Mass Affluent,24,Andheri East Branch,Mumbai,364100,75,76.6,Credit Card
3982,64,39,22,560094,3,0.5,1,0,0,1,1,1,1,Mass,9,Indiranagar Branch,Bengaluru,196100,67,43.4,Life Insurance
3983,24,0,119,600027,1,1.5,1,0,0,0,0,1,0,Affluent,0,T Nagar Branch,Chennai,267000,82,59.9,Fixed Deposit
3984,39,13,93,110070,4,3.6,3,0,1,0,0,1,0,Mass Affluent,15,Dwarka Branch,Delhi,421400,62,68.4,Credit Card
3985,34,8,18,560048,4,0.3,1,0,0,0,0,0,0,Mass,7,Whitefield Branch,Bengaluru,24600,43,16.6,Credit Card
3986,65,40,32,400051,1,1.1,3,120,0,0,0,1,0,Mass,7,Fort Branch,Mumbai,133100,55,33.2,Life Insurance
3987,38,14,182,110027,3,2.6,3,0,1,0,1,1,1,HNI,4,Dwarka Branch,Delhi,719000,76,68.3,Home Loan
3988,62,36,19,500064,2,0.2,3,0,0,0,0,1,1,Mass,14,Secunderabad Branch,Hyderabad,94200,58,31.8,Life Insurance
3989,59,35,85,395086,1,3.4,3,0,1,0,1,0,1,Affluent,8,Ring Road Branch,Surat,432600,69,61.7,Life Insurance
3990,49,25,90,395034,4,1.4,2,0,0,1,0,1,0,Mass Affluent,13,Vesu Branch,Surat,380000,86,71.4,Credit Card
3991,57,32,59,440031,2,3.7,1,134,0,0,0,1,0,Mass Affluent,20,Dharampeth Branch,Nagpur,382000,62,66.5,Life Insurance
3992,64,38,84,560063,1,2.0,1,0,0,0,0,0,0,Mass Affluent,4,Indiranagar Branch,Bengaluru,202400,79,53.6,Credit Card
3993,47,22,95,400099,2,3.9,2,0,1,0,0,0,0,Mass Affluent,2,Andheri East Branch,Mumbai,262900,59,51.6,Credit Card
3994,30,6,13,560096,3,0.9,3,0,0,0,0,1,0,Mass,4,Koramangala Branch,Bengaluru,15000,39,12.9,Credit Card
3995,42,18,88,110075,4,0.8,1,0,0,0,0,1,1,Mass Affluent,9,Connaught Place Branch,Delhi,284100,75,60.9,Home Loan
3996,53,28,34,400062,2,0.6,3,0,0,0,0,1,1,Mass,19,Fort Branch,Mumbai,148500,60,43.9,Life Insurance
3997,50,24,11,400084,4,0.6,3,0,0,0,0,0,1,Mass,5,Andheri East Branch,Mumbai,40600,37,14.8,Life Insurance
3998,62,38,80,500095,4,1.7,2,0,0,0,0,0,0,Mass Affluent,18,Hitech City Branch,Hyderabad,270800,75,66.2,Credit Card
3999,34,10,41,560055,1,1.33,1,0,0,0,0,0,1,Mass,8,Whitefield Branch,Bengaluru,126700,56,34.4,Auto Loan
4000,47,21,90,110055,2,0.8,3,0,0,0,0,0,0,Mass Affluent,19,Karol Bagh Branch,Delhi,277000,74,68.3,Credit Card
4001,62,37,93,700081,3,3.0,3,0,1,0,1,1,1,Affluent,21,Salt Lake Branch,Kolkata,730700,79,77.9,Life Insurance
4002,61,35,81,560080,4,1.9,2,0,0,0,0,0,0,Mass Affluent,13,Indiranagar Branch,Bengaluru,253300,79,62.9,Credit Card
4003,59,34,60,226021,2,2.8,1,0,0,0,0,1,0,Mass Affluent,17,Hazratganj Branch,Lucknow,214000,68,56.6,Life Insurance
4004,47,21,39,110012,3,0.6,2,0,0,0,0,1,1,Mass,11,Connaught Place Branch,Delhi,130800,61,37.5,Life Insurance
4005,65,39,22,600097,3,0.7,2,0,0,0,0,0,0,Mass,13,OMR Branch,Chennai,39900,58,26.0,Life Insurance
4006,56,32,32,110013,2,0.8,1,79,0,1,0,1,0,Mass,9,Connaught Place Branch,Delhi,198100,60,43.0,Life Insurance
4007,56,32,28,500050,1,1.2,3,0,0,0,0,1,0,Mass,20,Secunderabad Branch,Hyderabad,70300,52,32.3,Life Insurance
4008,31,7,35,400044,2,1.0,2,0,0,0,0,0,1,Mass,9,Andheri East Branch,Mumbai,103800,51,30.4,Auto Loan
4009,61,31,154,110067,3,7.5,3,351,1,0,1,1,1,HNI,3,Connaught Place Branch,Delhi,1029100,76,67.3,Mutual Funds
4010,42,18,189,600027,2,7.6,1,0,0,0,0,1,0,HNI,13,Anna Nagar Branch,Chennai,1209800,81,87.1,Home Loan
4011,44,19,40,110009,4,1.9,3,84,0,0,0,0,0,Mass,13,Connaught Place Branch,Delhi,169600,45,39.9,Life Insurance
4012,47,21,88,110047,2,1.7,2,0,0,0,0,1,0,Mass Affluent,16,Connaught Place Branch,Delhi,307400,75,68.8,Credit Card
4013,30,6,124,452001,2,0.6,1,0,0,0,0,1,0,Affluent,2,Vijay Nagar Branch,Indore,275200,79,61.2,Fixed Deposit
4014,62,38,23,400045,2,0.3,3,0,0,0,0,0,0,Mass,3,Fort Branch,Mumbai,30400,61,20.1,Life Insurance
4015,56,32,23,600045,4,0.7,1,0,0,0,0,1,1,Mass,10,OMR Branch,Chennai,83400,50,26.6,Life Insurance
4016,25,-1,139,600045,2,2.0,1,0,0,0,0,0,1,Affluent,1,OMR Branch,Chennai,345100,72,61.2,Fixed Deposit
4017,53,28,173,110016,4,2.7,1,427,1,0,0,1,0,HNI,21,Karol Bagh Branch,Delhi,1093500,75,84.0,Fixed Deposit
4018,26,0,42,500031,4,1.3,3,153,0,0,0,1,0,Mass,3,Hitech City Branch,Hyderabad,135100,50,31.1,Credit Card
4019,59,35,161,400009,1,2.9,1,160,0,0,0,0,1,Affluent,13,Bandra West Branch,Mumbai,879200,87,80.7,Fixed Deposit
4020,62,36,28,700058,3,0.7,2,0,0,0,0,1,0,Mass,13,Howrah Branch,Kolkata,55500,58,28.1,Life Insurance
4021,58,32,191,110006,4,5.2,3,194,1,0,0,0,1,HNI,24,Dwarka Branch,Delhi,1642500,74,83.7,Fixed Deposit
4022,40,14,42,110052,2,0.3,1,106,0,0,0,0,1,Mass,8,Connaught Place Branch,Delhi,182800,60,41.8,Life Insurance
4023,35,5,81,560018,4,4.0,3,0,0,0,0,1,0,Mass Affluent,9,Whitefield Branch,Bengaluru,256300,60,56.1,Credit Card
4024,51,25,175,160049,3,0.7,1,312,1,0,0,0,0,HNI,26,Sector 17 Branch,Chandigarh,902900,75,85.3,Fixed Deposit
4025,41,15,82,380067,3,0.1,1,0,0,0,0,1,0,Mass Affluent,12,Satellite Branch,Ahmedabad,204200,74,56.9,Credit Card
4026,51,27,53,641042,1,1.8,3,0,0,0,0,0,1,Mass,15,Peelamedu Branch,Coimbatore,207700,66,52.2,Life Insurance
4027,27,1,142,411062,3,5.5,1,0,1,0,0,0,0,Affluent,1,Hinjewadi Branch,Pune,448300,61,62.4,Fixed Deposit
4028,46,21,42,411076,4,1.9,3,0,0,0,0,1,0,Mass,5,Viman Nagar Branch,Pune,73400,48,25.1,Credit Card
4029,46,20,64,500090,4,2.9,1,189,0,0,0,0,0,Mass Affluent,8,Hitech City Branch,Hyderabad,255400,59,51.7,Credit Card
4030,31,5,90,682009,2,1.3,1,0,0,1,0,1,0,Mass Affluent,8,Kakkanad Branch,Kochi,310200,82,64.0,Credit Card
4031,58,32,44,500050,1,0.8,2,0,0,0,0,0,0,Mass,24,Hitech City Branch,Hyderabad,132200,67,48.9,Life Insurance
4032,42,18,29,560004,1,0.3,3,0,0,0,0,1,0,Mass,11,Whitefield Branch,Bengaluru,57400,61,28.0,Credit Card
4033,59,35,93,411075,2,1.6,1,0,0,0,0,0,1,Mass Affluent,6,Kothrud Branch,Pune,287200,80,61.0,Life Insurance
4034,54,24,69,600019,3,1.4,3,132,0,0,0,1,0,Mass Affluent,16,OMR Branch,Chennai,330200,67,64.2,Credit Card
4035,35,11,82,400048,2,1.7,2,0,0,0,0,1,1,Mass Affluent,8,Andheri East Branch,Mumbai,284800,70,58.5,Life Insurance
4036,34,9,180,560086,2,6.5,3,0,1,0,1,1,0,HNI,4,Koramangala Branch,Bengaluru,904900,76,73.0,Home Loan
4037,46,21,13,560009,2,0.7,3,0,0,0,0,1,0,Mass,20,Whitefield Branch,Bengaluru,28800,45,25.0,Credit Card
4038,52,28,72,226003,1,0.0,1,178,0,0,0,0,0,Mass Affluent,24,Hazratganj Branch,Lucknow,341700,80,73.1,Credit Card
4039,55,30,54,560013,3,1.7,1,0,0,0,0,1,0,Mass,11,Koramangala Branch,Bengaluru,145900,66,43.9,Life Insurance
4040,34,9,104,302088,1,4.6,1,0,0,0,0,1,1,Affluent,7,Malviya Nagar Branch,Jaipur,452900,73,67.7,Fixed Deposit
4041,57,32,44,560087,2,1.9,2,157,0,0,0,0,0,Mass,10,Indiranagar Branch,Bengaluru,190100,58,44.5,Life Insurance
4042,45,19,40,700080,1,0.2,1,0,0,1,1,1,1,Mass Affluent,9,Salt Lake Branch,Kolkata,232900,72,49.2,Life Insurance
4043,29,3,190,400083,2,4.5,1,246,0,0,0,1,1,HNI,4,Bandra West Branch,Mumbai,895600,80,74.1,Fixed Deposit
4044,49,23,64,452091,4,2.6,1,0,0,0,0,1,1,Mass Affluent,8,Palasia Branch,Indore,233200,65,51.3,Home Loan
4045,36,11,9,500047,2,0.3,2,99,0,1,0,0,0,Mass,7,Hitech City Branch,Hyderabad,107400,47,25.9,Gold Loan
4046,57,31,38,110015,4,0.7,2,0,0,0,0,1,0,Mass,20,Karol Bagh Branch,Delhi,99200,57,38.7,Life Insurance
4047,25,0,72,110024,3,2.6,3,0,0,0,0,1,0,Mass Affluent,1,Karol Bagh Branch,Delhi,141300,58,37.5,Credit Card
4048,43,17,82,110042,1,5.2,1,79,0,0,0,1,0,Mass Affluent,7,Karol Bagh Branch,Delhi,395300,63,61.8,Credit Card
4049,27,2,48,560003,2,1.6,3,119,0,1,0,1,0,Mass Affluent,5,Koramangala Branch,Bengaluru,218800,58,43.8,Credit Card
4050,54,28,82,700082,4,2.6,3,294,0,0,0,0,0,Mass Affluent,4,Park Street Branch,Kolkata,271500,70,55.1,Credit Card
4051,53,26,14,641075,2,1.0,2,83,0,0,0,0,0,Mass,18,Peelamedu Branch,Coimbatore,109700,41,31.7,Life Insurance
4052,55,29,162,411039,1,2.9,1,0,0,0,0,1,1,Affluent,12,Kothrud Branch,Pune,808900,93,83.7,Home Loan
4053,43,19,54,600081,2,1.7,1,0,0,0,0,1,0,Mass,10,T Nagar Branch,Chennai,133300,60,40.2,Credit Card
4054,35,11,90,500051,2,0.0,1,0,0,0,0,0,0,Mass Affluent,7,Secunderabad Branch,Hyderabad,179400,75,52.5,Credit Card
4055,59,34,64,302054,4,1.7,1,0,0,0,0,0,0,Mass Affluent,1,Malviya Nagar Branch,Jaipur,119300,66,36.0,Credit Card
4056,42,18,65,226037,3,2.1,3,0,0,0,0,1,1,Mass Affluent,9,Hazratganj Branch,Lucknow,230700,61,50.9,Life Insurance
4057,51,25,113,110043,2,6.3,1,0,0,0,0,0,0,Affluent,9,Connaught Place Branch,Delhi,475900,71,71.6,Fixed Deposit
4058,57,32,38,641044,2,2.1,3,0,0,0,0,0,0,Mass,19,Peelamedu Branch,Coimbatore,103800,53,37.8,Life Insurance
4059,39,15,65,560038,1,1.5,3,0,0,0,0,0,0,Mass Affluent,9,Whitefield Branch,Bengaluru,156200,70,46.5,Credit Card
4060,53,27,39,380091,4,1.5,3,0,0,0,0,1,0,Mass,10,Satellite Branch,Ahmedabad,80900,51,29.0,Life Insurance
4061,31,6,174,440060,2,6.7,1,0,0,0,0,1,1,HNI,3,Dharampeth Branch,Nagpur,819200,81,75.7,Home Loan
4062,33,3,59,700093,2,1.75,3,0,0,0,0,1,0,Mass,8,Park Street Branch,Kolkata,149500,64,42.7,Credit Card
4063,38,14,43,110061,2,1.7,1,0,0,0,0,1,0,Mass,16,Connaught Place Branch,Delhi,116400,57,39.6,Credit Card
4064,47,21,24,600030,2,0.1,3,0,0,0,0,0,1,Mass,18,Anna Nagar Branch,Chennai,97500,60,35.9,Life Insurance
4065,63,39,50,400051,1,0.0,2,166,0,0,0,0,0,Mass,19,Andheri East Branch,Mumbai,213500,65,54.7,Life Insurance
4066,44,19,68,380089,1,3.7,3,0,0,0,0,1,0,Mass Affluent,2,Satellite Branch,Ahmedabad,164400,62,41.4,Credit Card
4067,61,37,61,110096,3,2.0,3,0,0,0,0,1,0,Mass Affluent,15,Karol Bagh Branch,Delhi,192700,68,53.4,Credit Card
4068,52,28,21,411072,4,0.5,2,0,0,0,0,1,0,Mass,20,Viman Nagar Branch,Pune,37900,50,27.8,Life Insurance
4069,59,34,21,682021,2,0.5,2,0,0,0,0,1,0,Mass,7,MG Road Kochi Branch,Kochi,38800,59,22.3,Life Insurance
4070,56,32,31,110084,4,1.3,1,0,0,0,0,0,0,Mass,10,Connaught Place Branch,Delhi,55800,48,24.4,Life Insurance
4071,58,33,70,560075,4,0.7,1,0,0,1,0,0,0,Mass Affluent,22,Indiranagar Branch,Bengaluru,302800,79,69.1,Credit Card
4072,30,6,25,411040,3,1.0,2,135,0,0,0,0,1,Mass,3,Hinjewadi Branch,Pune,120100,38,23.9,Auto Loan
4073,42,17,78,560010,1,1.0,3,0,0,0,0,1,0,Mass Affluent,17,Indiranagar Branch,Bengaluru,238500,71,61.6,Credit Card
4074,51,27,19,110045,1,0.2,1,0,0,0,0,0,0,Mass,28,Connaught Place Branch,Delhi,43900,54,32.1,Life Insurance
4075,60,35,23,400055,1,0.3,3,0,0,0,0,1,0,Mass,23,Bandra West Branch,Mumbai,54400,59,33.8,Life Insurance
4076,30,4,40,560010,4,0.8,1,0,0,0,0,1,0,Mass,1,Indiranagar Branch,Bengaluru,61900,51,21.7,Credit Card
4077,49,23,22,411058,1,0.3,3,0,0,0,0,0,0,Mass,23,Viman Nagar Branch,Pune,50700,61,33.8,Credit Card
4078,26,0,71,600065,4,1.8,2,0,0,1,0,1,0,Mass Affluent,1,T Nagar Branch,Chennai,181400,67,43.1,Credit Card
4079,36,12,58,110083,1,3.6,2,0,0,0,0,0,0,Mass Affluent,7,Dwarka Branch,Delhi,152100,60,41.2,Credit Card
4080,65,40,75,500070,3,2.2,1,0,0,0,0,1,0,Mass Affluent,11,Hitech City Branch,Hyderabad,227700,77,58.5,Credit Card
4081,27,0,40,560097,1,2.0,2,110,0,0,0,0,1,Mass,3,Indiranagar Branch,Bengaluru,168200,46,33.1,Auto Loan
4082,60,35,155,110077,1,1.5,3,0,1,0,0,0,1,Affluent,20,Karol Bagh Branch,Delhi,756500,79,81.6,Home Loan
4083,32,6,83,700033,4,2.2,2,0,0,0,0,0,0,Mass Affluent,2,Salt Lake Branch,Kolkata,170100,69,46.0,Credit Card
4084,46,20,99,560065,3,1.1,1,0,0,0,0,0,0,Mass Affluent,19,Koramangala Branch,Bengaluru,336600,79,74.1,Credit Card
4085,60,36,59,600074,1,0.0,2,0,0,1,0,0,0,Mass Affluent,9,T Nagar Branch,Chennai,175600,83,49.9,Life Insurance
4086,28,2,53,452054,3,2.4,2,0,0,0,0,1,0,Mass,3,Palasia Branch,Indore,110900,52,31.3,Credit Card
4087,50,26,11,600078,4,0.2,1,0,0,1,0,0,0,Mass,3,Anna Nagar Branch,Chennai,39200,57,18.4,Credit Card
4088,52,28,179,600014,4,4.2,3,0,1,0,0,0,0,HNI,9,T Nagar Branch,Chennai,759100,74,77.0,Home Loan
4089,29,-1,71,400050,2,1.75,3,0,0,0,0,0,0,Mass Affluent,2,Andheri East Branch,Mumbai,139900,64,39.3,Credit Card
4090,30,4,85,110099,4,2.1,3,0,0,0,0,1,0,Mass Affluent,3,Karol Bagh Branch,Delhi,193600,69,49.8,Credit Card
4091,42,18,49,400081,3,2.1,3,0,0,1,0,1,0,Mass Affluent,7,Andheri East Branch,Mumbai,173500,67,43.4,Credit Card
4092,32,6,122,380084,2,1.3,1,0,0,0,0,1,1,Affluent,4,Maninagar Branch,Ahmedabad,370700,84,66.6,Fixed Deposit
4093,40,15,171,302073,2,3.3,1,0,0,0,0,1,0,HNI,8,Vaishali Nagar Branch,Jaipur,657400,81,79.6,Home Loan
4094,49,24,138,110047,2,2.2,2,0,1,0,0,1,0,Affluent,2,Connaught Place Branch,Delhi,390200,73,63.8,Fixed Deposit
4095,53,23,8,110017,4,0.4,3,0,0,1,0,1,0,Mass,15,Dwarka Branch,Delhi,61900,43,24.0,Life Insurance
4096,42,17,59,560041,4,0.4,1,0,0,0,0,1,0,Mass,6,Indiranagar Branch,Bengaluru,113600,69,38.3,Credit Card
4097,38,14,49,600090,3,2.8,1,0,0,0,0,0,0,Mass,10,OMR Branch,Chennai,121800,53,36.4,Home Loan
4098,60,34,92,411083,2,2.0,1,0,0,0,0,0,0,Mass Affluent,11,Viman Nagar Branch,Pune,273500,78,64.5,Credit Card
4099,27,3,75,411018,4,0.0,1,0,0,0,0,0,0,Mass Affluent,3,Viman Nagar Branch,Pune,111800,69,38.3,Credit Card
4100,61,35,60,682055,1,2.8,2,0,0,0,0,1,1,Mass Affluent,8,MG Road Kochi Branch,Kochi,224800,67,50.7,Life Insurance
4101,27,2,41,110045,2,1.7,2,0,0,0,0,1,0,Mass,4,Connaught Place Branch,Delhi,68800,49,23.9,Credit Card
4102,45,21,40,411063,3,0.6,2,0,0,0,0,1,1,Mass,6,Kothrud Branch,Pune,124400,62,34.2,Life Insurance
4103,41,16,81,600035,2,0.4,1,146,0,0,0,1,1,Mass Affluent,9,T Nagar Branch,Chennai,331000,74,61.1,Life Insurance
4104,44,20,52,560050,1,0.8,3,196,0,0,0,0,1,Mass,13,Indiranagar Branch,Bengaluru,266900,64,54.4,Fixed Deposit
4105,38,14,25,682006,4,1.0,1,0,0,0,0,0,0,Mass,14,Kakkanad Branch,Kochi,49400,43,24.2,Life Insurance
4106,39,15,139,400013,1,3.4,1,353,0,0,0,1,0,Affluent,6,Fort Branch,Mumbai,575100,75,71.6,Fixed Deposit
4107,48,22,54,700092,1,1.2,2,0,0,0,0,0,0,Mass,6,Howrah Branch,Kolkata,94600,66,34.6,Credit Card
4108,47,22,81,700003,1,2.9,1,0,0,0,0,0,1,Mass Affluent,12,Howrah Branch,Kolkata,332600,74,64.9,Personal Loan
4109,64,39,73,682015,3,2.2,1,0,0,1,0,0,1,Mass Affluent,10,Kakkanad Branch,Kochi,347500,82,63.8,Life Insurance
4110,27,0,30,500053,4,1.0,3,0,0,0,0,1,1,Mass,4,Secunderabad Branch,Hyderabad,88400,42,22.4,Gold Loan
4111,66,41,59,560050,3,2.4,1,0,0,0,0,0,0,Mass Affluent,5,Whitefield Branch,Bengaluru,128900,68,39.2,Life Insurance
4112,43,17,21,302051,3,1.5,1,0,0,0,0,0,0,Mass,12,Vaishali Nagar Branch,Jaipur,31300,37,19.2,Gold Loan
4113,34,9,65,380003,3,0.7,2,104,0,0,0,1,0,Mass Affluent,5,Navrangpura Branch,Ahmedabad,198100,62,45.6,Credit Card
4114,28,2,41,500076,3,1.1,2,161,0,0,0,1,0,Mass,4,Secunderabad Branch,Hyderabad,126000,48,29.9,Credit Card
4115,52,28,52,380068,4,0.1,3,121,0,0,0,0,0,Mass,11,Satellite Branch,Ahmedabad,170500,60,44.0,Life Insurance
4116,45,20,84,110063,4,1.1,2,180,0,0,0,1,0,Mass Affluent,6,Dwarka Branch,Delhi,273000,69,56.4,Credit Card
4117,24,-2,135,600087,2,7.2,1,0,0,0,0,1,0,Affluent,1,T Nagar Branch,Chennai,510500,75,69.8,Fixed Deposit
4118,39,14,18,226073,4,0.2,3,0,0,1,0,0,0,Mass,3,Aliganj Branch,Lucknow,52700,59,20.6,Life Insurance
4119,40,16,34,560073,1,0.7,1,0,0,0,0,1,1,Mass,8,Indiranagar Branch,Bengaluru,125000,65,35.5,Home Loan
4120,30,5,85,500058,4,1.8,3,0,0,0,0,1,0,Mass Affluent,4,Secunderabad Branch,Hyderabad,195400,71,51.1,Credit Card
4121,49,23,23,641012,1,1.4,3,0,0,0,0,0,0,Mass,12,RS Puram Branch,Coimbatore,43300,50,23.9,Credit Card
4122,53,27,65,380035,4,2.8,2,0,0,0,0,0,1,Mass Affluent,10,Maninagar Branch,Ahmedabad,241100,63,52.9,Life Insurance
4123,56,30,195,160045,1,2.9,1,0,0,0,0,0,0,HNI,16,Sector 17 Branch,Chandigarh,914100,89,89.7,Home Loan
4124,50,24,40,560002,4,2.6,1,89,0,0,0,1,0,Mass,21,Indiranagar Branch,Bengaluru,254200,49,54.1,Life Insurance
4125,53,29,141,395085,2,0.2,3,0,1,0,0,0,0,Affluent,8,Vesu Branch,Surat,379000,81,69.2,Fixed Deposit
4126,60,34,95,400043,2,0.7,2,322,0,0,0,1,1,Mass Affluent,16,Bandra West Branch,Mumbai,502300,81,73.7,Life Insurance
4127,58,33,23,500081,3,1.3,2,131,0,0,0,0,0,Mass,19,Secunderabad Branch,Hyderabad,135700,39,35.7,Life Insurance
4128,43,19,82,500050,2,1.8,2,0,0,0,0,1,1,Mass Affluent,4,Secunderabad Branch,Hyderabad,246900,74,54.1,Home Loan
4129,46,21,53,380003,4,1.9,3,0,0,0,0,0,0,Mass,10,Satellite Branch,Ahmedabad,118700,57,37.6,Life Insurance
4130,29,3,10,682064,4,0.4,1,87,0,0,0,1,1,Mass,5,Edappally Branch,Kochi,96300,30,19.1,Gold Loan
4131,56,30,75,700020,1,1.9,2,125,0,0,0,1,0,Mass Affluent,27,Howrah Branch,Kolkata,503800,76,78.2,Credit Card
4132,48,23,23,411088,4,0.4,2,122,0,0,0,0,0,Mass,2,Hinjewadi Branch,Pune,72600,41,18.2,Life Insurance
4133,61,36,133,560040,1,2.6,1,0,0,0,0,1,0,Affluent,3,Indiranagar Branch,Bengaluru,400200,92,72.1,Fixed Deposit
4134,41,17,129,500086,1,3.4,1,0,0,0,0,0,1,Affluent,17,Secunderabad Branch,Hyderabad,665300,81,81.0,Fixed Deposit
4135,35,11,85,500057,4,0.1,2,131,0,0,0,0,0,Mass Affluent,7,Banjara Hills Branch,Hyderabad,238300,71,54.9,Credit Card
4136,48,23,168,400016,2,2.8,1,308,0,0,0,1,0,HNI,4,Andheri East Branch,Mumbai,633000,84,74.5,Fixed Deposit
4137,43,19,83,500010,4,2.0,3,0,0,0,0,1,0,Mass Affluent,7,Secunderabad Branch,Hyderabad,223200,69,54.9,Credit Card
4138,37,12,52,226048,2,1.1,2,0,0,0,0,1,0,Mass,11,Gomti Nagar Branch,Lucknow,118900,60,38.8,Life Insurance
4139,47,22,114,700056,1,0.6,1,0,0,1,1,1,1,Affluent,4,Salt Lake Branch,Kolkata,463600,99,68.2,Home Loan
4140,29,3,81,380049,1,2.9,3,0,0,0,0,0,0,Mass Affluent,4,Satellite Branch,Ahmedabad,196000,66,49.1,Credit Card
4141,63,38,32,560006,1,1.5,2,0,0,0,0,0,0,Mass,8,Koramangala Branch,Bengaluru,56600,55,25.2,Life Insurance
4142,43,19,63,500092,3,2.1,3,0,0,0,0,0,0,Mass Affluent,6,Secunderabad Branch,Hyderabad,136200,63,40.1,Credit Card
4143,57,32,70,400064,3,1.6,3,0,0,0,0,0,0,Mass Affluent,10,Andheri East Branch,Mumbai,178400,67,49.6,Credit Card
4144,55,31,20,560027,2,0.3,1,0,0,0,0,1,0,Mass,14,Whitefield Branch,Bengaluru,41500,52,24.9,Life Insurance
4145,47,23,138,500016,2,3.3,1,0,0,0,0,1,1,Affluent,10,Banjara Hills Branch,Hyderabad,614200,78,75.4,Fixed Deposit
4146,58,34,63,110093,4,1.6,2,0,0,0,0,0,0,Mass,21,Dwarka Branch,Delhi,217000,73,61.1,Credit Card
4147,53,28,85,400047,1,1.3,3,118,0,0,0,1,0,Mass Affluent,22,Fort Branch,Mumbai,471000,78,77.3,Credit Card
4148,59,35,180,411053,2,6.5,2,0,1,1,1,1,1,HNI,22,Viman Nagar Branch,Pune,2015900,93,84.3,Home Loan
4149,46,22,80,560010,4,2.0,3,0,0,0,0,1,0,Mass Affluent,11,Indiranagar Branch,Bengaluru,236300,70,57.9,Credit Card
4150,41,15,53,560072,1,0.7,3,0,0,0,0,1,0,Mass,11,Indiranagar Branch,Bengaluru,119700,67,40.8,Credit Card
4151,46,20,72,110073,2,1.7,2,75,0,0,0,1,0,Mass Affluent,7,Connaught Place Branch,Delhi,277000,72,56.7,Credit Card
4152,44,18,123,600023,3,5.9,1,0,1,0,1,1,1,Affluent,19,T Nagar Branch,Chennai,1054200,73,78.5,Mutual Funds
4153,44,18,91,560097,2,0.8,3,0,0,0,0,1,0,Mass Affluent,15,Whitefield Branch,Bengaluru,293900,82,69.4,Credit Card
4154,50,26,148,500005,2,6.8,1,0,0,0,0,1,0,Affluent,16,Secunderabad Branch,Hyderabad,919300,80,86.2,Fixed Deposit
4155,51,25,163,600053,2,1.3,3,0,1,0,0,1,0,Affluent,10,OMR Branch,Chennai,571300,78,75.4,Home Loan
4156,55,30,28,400029,4,0.1,3,149,0,0,0,1,1,Mass,25,Fort Branch,Mumbai,250800,52,55.0,Life Insurance
4157,37,12,193,682011,1,8.6,1,0,0,0,0,0,0,HNI,5,Edappally Branch,Kochi,951300,77,80.3,Home Loan
4158,34,10,22,400003,3,0.9,3,0,0,0,0,1,0,Mass,10,Andheri East Branch,Mumbai,30900,44,19.9,Gold Loan
4159,59,34,74,500043,4,0.7,1,0,0,0,0,1,1,Mass Affluent,16,Banjara Hills Branch,Hyderabad,282300,69,62.1,Life Insurance
4160,45,20,70,110078,4,1.9,3,0,0,0,0,1,1,Mass Affluent,14,Connaught Place Branch,Delhi,291800,66,60.3,Home Loan
4161,30,4,11,500095,1,0.1,2,0,0,0,0,1,1,Mass,2,Secunderabad Branch,Hyderabad,49000,49,16.7,Gold Loan
4162,32,8,61,110099,3,2.6,2,0,0,0,0,0,0,Mass Affluent,2,Connaught Place Branch,Delhi,112500,57,33.1,Credit Card
4163,61,37,41,226007,1,0.8,1,0,0,0,0,1,1,Mass,27,Aliganj Branch,Lucknow,218400,65,57.7,Life Insurance
4164,54,28,108,560015,4,1.9,2,0,1,0,0,1,0,Affluent,26,Indiranagar Branch,Bengaluru,564000,70,80.3,Fixed Deposit
4165,35,10,23,411014,4,1.1,3,0,0,0,0,0,1,Mass,8,Hinjewadi Branch,Pune,70200,39,20.9,Gold Loan
4166,63,38,135,110086,2,3.8,3,183,1,0,0,0,0,Affluent,9,Dwarka Branch,Delhi,672400,78,73.3,Fixed Deposit
4167,66,40,30,400015,2,0.7,3,86,0,0,0,0,0,Mass,19,Fort Branch,Mumbai,159400,58,44.1,Life Insurance
4168,48,24,144,560067,4,3.5,2,0,1,0,0,0,0,Affluent,15,Koramangala Branch,Bengaluru,644600,69,77.0,Fixed Deposit
4169,60,34,139,600051,4,0.4,1,0,1,0,0,1,0,Affluent,23,T Nagar Branch,Chennai,616800,79,83.6,Fixed Deposit
4170,41,17,143,500048,2,2.7,3,209,1,0,0,1,0,Affluent,4,Banjara Hills Branch,Hyderabad,547300,72,66.6,Fixed Deposit
4171,31,7,44,440001,1,1.2,1,0,0,0,0,1,1,Mass,6,Sitabuldi Branch,Nagpur,135500,60,35.9,Auto Loan
4172,58,31,49,700061,4,2.5,2,0,0,0,0,1,0,Mass,11,Park Street Branch,Kolkata,132300,54,38.5,Life Insurance
4173,67,42,75,395089,4,0.1,2,182,0,0,0,1,0,Mass Affluent,3,Adajan Branch,Surat,222400,81,52.5,Credit Card
4174,35,9,43,110086,2,0.3,1,0,0,0,0,1,0,Mass,3,Karol Bagh Branch,Delhi,67200,62,26.9,Credit Card
4175,40,14,59,380060,3,0.5,3,0,0,0,0,1,0,Mass,5,Navrangpura Branch,Ahmedabad,111300,61,35.4,Credit Card
4176,42,17,154,600024,3,4.9,1,0,1,0,1,1,1,HNI,14,T Nagar Branch,Chennai,1068100,78,77.4,Home Loan
4177,44,18,75,600083,1,0.7,3,0,0,0,0,0,1,Mass Affluent,10,OMR Branch,Chennai,224500,73,54.9,Mutual Funds
4178,47,23,75,395070,1,2.6,2,0,0,0,0,0,1,Mass Affluent,15,Vesu Branch,Surat,317900,70,64.2,Home Loan
4179,59,35,88,411063,2,1.6,1,278,0,0,0,0,0,Mass Affluent,15,Hinjewadi Branch,Pune,379200,72,68.9,Credit Card
4180,29,3,91,160017,1,3.4,3,0,1,0,0,0,0,Mass Affluent,7,IT Park Branch,Chandigarh,294200,58,56.5,Credit Card
4181,36,6,11,700064,1,0.67,3,0,0,1,1,1,1,Mass,1,Park Street Branch,Kolkata,116900,55,25.5,Gold Loan
4182,47,22,22,400096,1,0.4,3,0,0,0,0,1,0,Mass,6,Fort Branch,Mumbai,31800,55,20.3,Credit Card
4183,55,29,49,700081,2,0.8,3,220,0,0,0,0,1,Mass,24,Park Street Branch,Kolkata,325700,62,64.4,Life Insurance
4184,41,17,140,500006,1,3.5,1,342,0,0,0,0,0,Affluent,9,Hitech City Branch,Hyderabad,610800,76,74.4,Fixed Deposit
4185,51,25,99,682055,2,2.4,2,0,0,0,0,0,0,Mass Affluent,19,Kakkanad Branch,Kochi,390000,77,75.8,Credit Card
4186,26,2,82,302083,2,2.5,1,199,0,0,0,0,0,Mass Affluent,2,Malviya Nagar Branch,Jaipur,249500,66,51.1,Credit Card
4187,33,9,10,400088,4,1.0,1,81,0,0,0,0,1,Mass,7,Bandra West Branch,Mumbai,103000,22,19.2,Health Insurance
4188,30,5,109,400058,4,2.2,2,103,0,0,0,0,1,Affluent,5,Fort Branch,Mumbai,402500,70,61.9,Fixed Deposit
4189,30,4,45,400075,4,1.3,3,0,0,0,0,0,0,Mass,6,Fort Branch,Mumbai,72200,50,26.7,Gold Loan
4190,45,19,93,500027,2,1.7,2,0,0,0,0,0,0,Mass Affluent,6,Hitech City Branch,Hyderabad,224700,74,56.7,Credit Card
4191,40,16,89,400021,3,3.9,2,216,1,1,1,1,0,Affluent,3,Fort Branch,Mumbai,534400,72,59.7,Credit Card
4192,42,15,39,700074,3,1.0,2,132,0,0,0,0,0,Mass,4,Salt Lake Branch,Kolkata,114100,52,29.2,Life Insurance
4193,50,26,21,600043,1,0.2,1,89,0,0,0,1,0,Mass,21,Anna Nagar Branch,Chennai,144500,50,40.5,Credit Card
4194,62,37,31,302052,3,0.2,1,0,0,0,0,1,0,Mass,21,Vaishali Nagar Branch,Jaipur,76800,62,36.8,Life Insurance
4195,63,37,31,110035,1,0.5,3,0,0,0,0,1,0,Mass,26,Karol Bagh Branch,Delhi,94100,63,41.6,Life Insurance
4196,43,19,52,500059,4,2.2,2,0,0,0,0,0,0,Mass,13,Banjara Hills Branch,Hyderabad,130500,53,39.6,Life Insurance
4197,49,25,13,400067,1,0.9,3,0,0,0,0,1,0,Mass,19,Andheri East Branch,Mumbai,25600,45,24.1,Credit Card
4198,51,25,21,160012,2,0.4,3,76,0,1,0,1,0,Mass,29,Sector 35 Branch,Chandigarh,272900,61,58.4,Life Insurance
4199,61,36,50,110097,4,1.7,1,189,0,0,0,1,0,Mass,27,Karol Bagh Branch,Delhi,306600,52,62.4,Life Insurance
4200,43,19,81,400028,4,0.2,3,0,0,0,0,0,1,Mass Affluent,7,Bandra West Branch,Mumbai,218300,80,54.8,Life Insurance
4201,43,19,74,110071,4,1.9,1,0,0,0,0,0,1,Mass Affluent,7,Connaught Place Branch,Delhi,230300,66,51.7,Life Insurance
4202,61,36,89,302025,3,0.5,1,0,0,0,0,1,0,Mass Affluent,12,C Scheme Branch,Jaipur,244800,76,61.9,Credit Card
4203,35,9,82,400004,3,0.9,2,0,0,0,0,1,0,Mass Affluent,3,Bandra West Branch,Mumbai,165700,72,46.5,Credit Card
4204,59,33,88,600068,4,1.9,2,0,0,0,0,0,0,Mass Affluent,13,Anna Nagar Branch,Chennai,276300,79,65.7,Credit Card
4205,40,16,61,700072,3,2.1,3,0,0,0,0,0,0,Mass Affluent,6,Park Street Branch,Kolkata,133200,61,38.9,Credit Card
4206,61,36,139,700049,2,3.9,1,0,0,0,0,0,0,Affluent,10,Park Street Branch,Kolkata,556400,85,78.8,Fixed Deposit
4207,48,23,29,110034,1,1.3,2,0,0,0,0,0,0,Mass,25,Karol Bagh Branch,Delhi,76200,59,38.0,Credit Card
4208,37,11,51,400015,3,2.1,1,0,0,0,0,1,1,Mass,5,Andheri East Branch,Mumbai,161200,57,38.4,Life Insurance
4209,56,32,58,500076,1,1.8,3,241,0,0,0,1,0,Mass Affluent,29,Hitech City Branch,Hyderabad,413000,72,73.1,Life Insurance
4210,35,9,21,110048,2,1.4,3,125,0,0,0,1,0,Mass,3,Karol Bagh Branch,Delhi,90000,39,20.2,Credit Card
4211,35,8,43,700068,2,1.67,2,0,0,0,0,0,0,Mass,3,Park Street Branch,Kolkata,62500,55,24.7,Home Loan
4212,40,16,104,560040,2,1.8,2,0,0,0,0,0,0,Mass Affluent,14,Koramangala Branch,Bengaluru,340900,78,71.3,Fixed Deposit
4213,50,23,9,500086,1,0.5,2,98,0,0,0,1,0,Mass,16,Secunderabad Branch,Hyderabad,96100,39,27.9,Credit Card
4214,49,25,39,400018,3,1.9,2,0,0,0,0,0,0,Mass,20,Andheri East Branch,Mumbai,98500,54,38.1,Life Insurance
4215,46,22,89,600083,1,2.7,1,0,0,1,1,1,1,Affluent,15,T Nagar Branch,Chennai,660800,92,76.5,Personal Loan
4216,64,40,21,110054,2,0.3,3,0,0,0,0,0,0,Mass,10,Dwarka Branch,Delhi,28100,57,22.7,Life Insurance
4217,60,35,173,411089,3,3.1,3,0,1,0,0,1,0,HNI,6,Kothrud Branch,Pune,633700,74,73.4,Home Loan
4218,45,21,29,400071,1,0.3,3,105,0,0,0,1,1,Mass,11,Bandra West Branch,Mumbai,185200,58,42.1,Personal Loan
4219,52,27,43,440068,4,0.2,2,0,0,0,0,0,1,Mass,16,Sitabuldi Branch,Nagpur,143700,65,43.9,Life Insurance
4220,58,34,30,411061,3,0.4,2,0,0,0,0,0,0,Mass,0,Hinjewadi Branch,Pune,29700,54,17.3,Life Insurance
4221,54,30,39,110092,4,0.1,3,0,0,1,0,1,0,Mass,19,Dwarka Branch,Delhi,163500,69,48.4,Life Insurance
4222,48,22,83,400095,2,0.4,3,248,0,0,0,1,0,Mass Affluent,22,Fort Branch,Mumbai,418700,77,75.4,Credit Card
4223,51,25,58,560001,3,0.7,2,223,0,0,0,0,0,Mass,22,Koramangala Branch,Bengaluru,279800,65,62.8,Life Insurance
4224,53,26,8,400083,1,0.5,2,0,0,0,0,0,1,Mass,11,Fort Branch,Mumbai,61100,43,21.6,Life Insurance
4225,57,27,39,110093,3,1.0,3,0,0,1,0,0,1,Mass,6,Dwarka Branch,Delhi,163200,69,39.8,Life Insurance
4226,43,18,204,226043,2,8.8,1,0,0,0,0,1,0,HNI,19,Gomti Nagar Branch,Lucknow,1675500,82,91.8,Home Loan
4227,37,13,45,600096,1,1.8,1,0,0,0,0,0,0,Mass,13,OMR Branch,Chennai,108400,59,37.8,Credit Card
4228,32,7,111,110025,1,3.8,1,0,0,1,0,0,0,Affluent,4,Connaught Place Branch,Delhi,391100,78,65.3,Fixed Deposit
4229,34,10,83,600039,2,2.0,2,148,0,0,0,0,0,Mass Affluent,6,T Nagar Branch,Chennai,253300,56,51.4,Credit Card
4230,54,24,83,110068,1,3.0,3,0,0,0,0,0,0,Mass Affluent,20,Dwarka Branch,Delhi,329300,70,70.8,Credit Card
4231,62,36,115,440042,2,2.8,1,202,0,0,0,1,1,Affluent,10,Sitabuldi Branch,Nagpur,623100,82,73.4,Fixed Deposit
4232,56,32,60,400053,1,1.8,3,227,0,0,0,1,0,Mass Affluent,13,Bandra West Branch,Mumbai,269300,64,56.5,Life Insurance
4233,39,15,53,700008,1,1.8,1,0,0,0,0,0,0,Mass,4,Park Street Branch,Kolkata,98800,64,33.3,Credit Card
4234,32,7,134,380002,2,3.3,1,0,0,0,0,1,0,Affluent,4,Satellite Branch,Ahmedabad,420000,81,70.8,Fixed Deposit
4235,50,24,91,400051,1,0.8,3,0,0,0,0,1,0,Mass Affluent,12,Andheri East Branch,Mumbai,265100,79,64.6,Credit Card
4236,27,1,91,110069,2,0.2,1,0,0,0,0,1,0,Mass Affluent,1,Karol Bagh Branch,Delhi,162200,73,46.2,Credit Card
4237,37,12,128,560002,2,3.9,1,0,0,0,0,1,1,Affluent,11,Indiranagar Branch,Bengaluru,587900,70,73.2,Fixed Deposit
4238,60,34,78,226015,3,4.4,1,0,0,1,0,0,0,Affluent,10,Aliganj Branch,Lucknow,346000,71,63.0,Credit Card
4239,43,19,161,600041,2,7.6,1,464,0,0,0,1,0,HNI,12,T Nagar Branch,Chennai,1087600,71,80.2,Fixed Deposit
4240,62,36,60,411013,3,2.2,3,0,0,0,0,1,0,Mass Affluent,7,Kothrud Branch,Pune,144300,68,42.5,Life Insurance
4241,39,14,161,380045,1,4.1,1,509,0,1,0,0,0,HNI,9,Satellite Branch,Ahmedabad,861600,85,77.6,Fixed Deposit
4242,34,9,40,302099,4,2.0,2,0,0,0,0,1,1,Mass,8,C Scheme Branch,Jaipur,132600,46,32.4,Life Insurance
4243,46,21,68,500092,1,0.2,2,0,0,0,0,1,0,Mass,22,Hitech City Branch,Hyderabad,208300,71,60.7,Credit Card
4244,46,22,74,500011,3,0.7,1,0,0,0,0,1,0,Mass Affluent,19,Secunderabad Branch,Hyderabad,238100,70,62.2,Credit Card
4245,51,26,55,700071,3,2.0,2,93,0,0,0,1,0,Mass,8,Salt Lake Branch,Kolkata,229400,63,49.6,Life Insurance
4246,44,20,145,110001,1,3.5,1,0,0,0,0,0,1,Affluent,5,Dwarka Branch,Delhi,528700,82,72.0,Fixed Deposit
4247,60,35,24,226080,1,1.5,2,0,0,0,0,0,0,Mass,15,Gomti Nagar Branch,Lucknow,44900,55,27.3,Life Insurance
4248,65,39,10,400061,1,0.8,2,0,0,0,0,1,0,Mass,9,Andheri East Branch,Mumbai,12000,39,15.4,Life Insurance
4249,58,33,138,110041,2,3.9,1,0,0,1,0,1,0,Affluent,14,Dwarka Branch,Delhi,792300,93,84.0,Fixed Deposit
4250,37,12,63,380048,4,2.1,3,0,0,0,0,1,0,Mass Affluent,5,Maninagar Branch,Ahmedabad,133300,59,38.1,Credit Card
4251,52,28,54,560009,4,0.1,3,0,0,0,0,0,1,Mass,10,Koramangala Branch,Bengaluru,143800,66,41.8,Life Insurance
4252,42,16,62,400067,3,0.9,3,0,0,0,0,1,0,Mass,7,Bandra West Branch,Mumbai,136600,70,42.3,Credit Card
4253,54,29,81,110015,1,0.1,3,0,0,0,0,0,0,Mass Affluent,14,Connaught Place Branch,Delhi,205500,78,59.1,Credit Card
4254,54,28,61,500046,3,3.0,2,0,0,0,0,1,1,Mass Affluent,16,Secunderabad Branch,Hyderabad,292400,64,60.2,Life Insurance
4255,51,27,68,226028,1,1.6,3,0,0,0,0,1,0,Mass Affluent,7,Hazratganj Branch,Lucknow,165800,68,46.1,Credit Card
4256,59,35,78,400099,2,2.8,1,0,0,0,0,1,0,Mass Affluent,19,Bandra West Branch,Mumbai,316000,72,68.9,Credit Card
4257,41,17,165,400004,2,7.6,1,157,0,0,0,0,0,HNI,13,Bandra West Branch,Mumbai,1112600,73,81.5,Fixed Deposit
4258,43,17,48,500053,3,2.2,2,0,0,0,0,0,1,Mass,14,Hitech City Branch,Hyderabad,181600,55,45.7,Home Loan
4259,52,26,155,641028,3,7.2,2,0,1,0,0,1,0,HNI,11,Peelamedu Branch,Coimbatore,899300,70,78.0,Home Loan
4260,52,26,158,110079,2,3.7,3,251,1,0,0,0,1,HNI,18,Karol Bagh Branch,Delhi,1065400,75,79.1,Fixed Deposit
4261,57,31,52,641035,1,1.4,1,0,0,0,0,1,0,Mass,21,RS Puram Branch,Coimbatore,173500,64,52.6,Life Insurance
4262,53,28,18,160090,4,0.8,1,0,0,0,0,0,0,Mass,12,Sector 17 Branch,Chandigarh,29800,43,20.1,Life Insurance
4263,58,33,42,110056,4,1.7,1,0,0,0,0,0,0,Mass,8,Connaught Place Branch,Delhi,82800,55,29.8,Life Insurance
4264,59,33,18,302096,2,0.2,3,0,0,0,0,0,0,Mass,12,Vaishali Nagar Branch,Jaipur,22100,55,22.4,Life Insurance
4265,57,31,40,411099,2,0.3,1,0,0,1,1,1,1,Mass Affluent,23,Kothrud Branch,Pune,359200,77,67.3,Life Insurance
4266,27,2,44,500002,4,0.6,2,0,0,1,1,1,0,Mass Affluent,4,Secunderabad Branch,Hyderabad,161400,65,38.1,Credit Card
4267,42,16,11,560080,1,0.2,1,87,0,0,0,0,1,Mass,18,Koramangala Branch,Bengaluru,140300,42,35.4,Gold Loan
4268,52,26,194,302039,2,5.7,2,0,1,0,0,1,0,HNI,16,C Scheme Branch,Jaipur,1221900,75,84.6,Home Loan
4269,49,23,108,380065,2,2.4,2,0,0,0,0,1,0,Affluent,22,Satellite Branch,Ahmedabad,500600,78,81.4,Fixed Deposit
4270,47,23,12,700066,4,0.5,2,0,0,0,0,0,0,Mass,20,Howrah Branch,Kolkata,21600,44,24.0,Home Loan
4271,45,19,19,395008,3,1.5,1,94,0,0,0,1,1,Mass,16,Adajan Branch,Surat,187300,35,38.7,Life Insurance
4272,25,1,150,500078,1,6.33,1,0,0,0,0,0,0,Affluent,1,Banjara Hills Branch,Hyderabad,501200,73,69.5,Fixed Deposit
4273,47,22,89,302055,4,1.9,3,0,0,0,0,1,0,Mass Affluent,12,Malviya Nagar Branch,Jaipur,269800,69,62.3,Credit Card
4274,44,19,83,226059,2,3.8,3,0,0,1,0,0,1,Affluent,4,Hazratganj Branch,Lucknow,361300,78,60.6,Life Insurance
4275,30,3,79,110082,4,2.0,2,0,0,0,0,1,0,Mass Affluent,8,Connaught Place Branch,Delhi,209500,65,52.2,Credit Card
4276,63,38,102,400056,4,3.4,2,0,0,0,0,0,0,Affluent,14,Andheri East Branch,Mumbai,400700,78,73.6,Fixed Deposit
4277,50,24,155,560087,1,7.3,1,0,0,0,0,1,1,HNI,12,Whitefield Branch,Bengaluru,1044900,84,83.1,Home Loan
4278,40,16,138,226025,1,3.5,1,0,0,0,0,1,0,Affluent,14,Aliganj Branch,Lucknow,623600,82,81.7,Fixed Deposit
4279,56,31,51,110053,3,1.7,1,0,0,0,0,1,1,Mass,18,Karol Bagh Branch,Delhi,237100,63,55.8,Life Insurance
4280,39,15,80,700010,2,1.8,2,86,0,0,0,1,1,Mass Affluent,7,Howrah Branch,Kolkata,358900,70,59.9,Life Insurance
4281,42,18,135,400036,2,3.3,1,0,0,1,1,1,1,HNI,8,Bandra West Branch,Mumbai,799200,99,76.7,Home Loan
4282,28,1,34,560085,4,1.5,2,162,0,0,0,0,1,Mass,1,Whitefield Branch,Bengaluru,116300,36,22.5,Auto Loan
4283,26,0,195,600057,3,6.33,3,0,1,1,1,1,0,HNI,4,T Nagar Branch,Chennai,1095500,81,72.7,Home Loan
4284,58,32,62,400038,3,2.2,3,217,0,0,1,1,1,Mass Affluent,26,Andheri East Branch,Mumbai,614400,69,74.6,Life Insurance
4285,38,13,173,160063,2,3.3,1,243,0,0,0,0,0,HNI,15,IT Park Branch,Chandigarh,887400,78,82.7,Fixed Deposit
4286,23,-3,149,110021,2,7.2,1,0,0,0,0,1,0,HNI,0,Dwarka Branch,Delhi,533600,73,69.7,Fixed Deposit
4287,53,29,20,682050,1,0.2,1,131,0,0,0,1,1,Mass,18,Kakkanad Branch,Kochi,184100,52,43.9,Life Insurance
4288,54,28,42,110003,4,2.5,1,0,0,0,0,1,1,Mass,18,Karol Bagh Branch,Delhi,196600,52,48.2,Life Insurance
4289,42,17,28,395059,1,0.6,3,0,0,0,0,0,1,Mass,14,Adajan Branch,Surat,98700,54,32.4,Gold Loan
4290,54,28,95,600069,1,1.9,2,0,0,0,0,1,0,Mass Affluent,14,Anna Nagar Branch,Chennai,354000,84,72.9,Credit Card
4291,66,42,95,400097,2,0.0,3,0,0,0,0,1,0,Mass Affluent,18,Andheri East Branch,Mumbai,321600,88,74.8,Credit Card
4292,46,21,34,400061,1,0.1,1,124,0,0,0,1,0,Mass,16,Bandra West Branch,Mumbai,160500,57,42.8,Credit Card
4293,63,37,191,400006,2,4.3,3,205,1,0,0,0,0,HNI,23,Andheri East Branch,Mumbai,1405700,78,87.0,Fixed Deposit
4294,63,38,41,600047,2,1.5,1,173,0,0,0,1,1,Mass,24,OMR Branch,Chennai,351300,60,64.2,Life Insurance
4295,58,34,150,302018,1,7.4,1,481,0,0,0,1,0,HNI,9,C Scheme Branch,Jaipur,943400,76,78.5,Fixed Deposit
4296,65,41,91,560069,2,0.0,3,146,0,0,0,0,0,Mass Affluent,7,Indiranagar Branch,Bengaluru,253700,80,58.8,Credit Card
4297,35,9,84,560083,4,2.2,2,0,0,0,0,1,0,Mass Affluent,9,Whitefield Branch,Bengaluru,252600,70,58.9,Credit Card
4298,33,9,73,600012,4,3.4,1,140,0,0,0,1,0,Mass Affluent,1,T Nagar Branch,Chennai,234900,60,46.8,Credit Card
4299,43,19,122,500091,1,0.3,1,0,0,0,0,1,0,Affluent,3,Banjara Hills Branch,Hyderabad,270700,85,62.9,Fixed Deposit
4300,30,5,73,411052,1,2.6,2,133,0,0,0,1,0,Mass Affluent,5,Kothrud Branch,Pune,269900,65,53.3,Credit Card
4301,61,37,20,500059,2,0.3,3,0,0,0,0,1,0,Mass,4,Banjara Hills Branch,Hyderabad,31000,55,18.7,Life Insurance
4302,49,24,130,700062,4,1.1,1,281,1,0,1,1,0,Affluent,18,Howrah Branch,Kolkata,740400,74,75.7,Credit Card
4303,52,27,85,395062,3,3.4,3,0,1,0,0,0,0,Mass Affluent,13,Vesu Branch,Surat,325300,59,62.0,Credit Card
4304,45,21,134,560053,2,3.3,1,0,0,0,0,1,1,Affluent,15,Whitefield Branch,Bengaluru,703300,83,81.0,Fixed Deposit
4305,64,39,98,400034,3,1.8,2,80,0,0,0,1,0,Mass Affluent,16,Fort Branch,Mumbai,484300,78,74.8,Credit Card
4306,26,1,54,400029,2,1.6,3,0,0,1,0,0,0,Mass Affluent,4,Fort Branch,Mumbai,143000,60,36.6,Home Loan
4307,35,11,41,600077,3,2.0,1,0,0,0,0,1,0,Mass,5,T Nagar Branch,Chennai,80300,51,26.4,Credit Card
4308,45,19,128,560012,4,6.0,3,0,1,0,0,1,0,Affluent,4,Koramangala Branch,Bengaluru,500200,62,65.1,Fixed Deposit
4309,44,20,132,452035,3,2.6,1,308,1,0,0,0,0,Affluent,13,MG Road Branch,Indore,591100,62,70.1,Fixed Deposit
4310,34,8,188,411061,1,2.9,3,0,1,0,0,1,0,HNI,9,Kothrud Branch,Pune,754800,73,76.9,Home Loan
4311,65,41,170,500009,4,6.1,2,0,1,0,1,1,1,HNI,12,Banjara Hills Branch,Hyderabad,1244500,82,77.9,Home Loan
4312,32,8,14,380090,3,0.9,3,111,0,0,0,0,0,Mass,5,Navrangpura Branch,Ahmedabad,76300,36,18.3,Gold Loan
4313,41,15,93,110012,1,2.8,3,0,0,0,0,1,0,Mass Affluent,15,Dwarka Branch,Delhi,348400,74,70.6,Credit Card
4314,52,28,79,302011,1,2.7,2,0,0,0,0,1,1,Mass Affluent,6,C Scheme Branch,Jaipur,287300,74,58.1,Life Insurance
4315,35,9,79,400016,4,2.2,2,0,0,0,0,0,0,Mass Affluent,9,Andheri East Branch,Mumbai,205800,66,52.7,Credit Card
4316,51,26,62,600017,4,1.8,3,119,0,0,0,1,0,Mass Affluent,24,OMR Branch,Chennai,357500,60,67.7,Credit Card
4317,30,6,95,452055,2,0.2,1,0,0,1,0,1,0,Mass Affluent,4,Palasia Branch,Indore,246500,83,57.4,Credit Card
4318,58,33,60,380022,4,1.3,3,0,0,0,0,1,0,Mass,19,Maninagar Branch,Ahmedabad,194800,70,56.3,Life Insurance
4319,49,23,75,226085,1,1.5,2,0,0,0,0,0,1,Mass Affluent,7,Gomti Nagar Branch,Lucknow,225400,75,53.7,Mutual Funds
4320,63,38,85,560066,4,0.1,2,0,0,0,0,0,1,Mass Affluent,27,Whitefield Branch,Bengaluru,362900,77,75.3,Life Insurance
4321,40,15,143,302099,1,4.1,1,0,0,0,0,1,0,Affluent,1,C Scheme Branch,Jaipur,421700,76,68.2,Fixed Deposit
4322,27,0,34,600039,1,2.0,2,112,0,0,0,0,1,Mass,3,Anna Nagar Branch,Chennai,148600,39,28.4,Personal Loan
4323,38,14,44,600088,2,1.7,1,0,0,0,0,0,0,Mass,6,OMR Branch,Chennai,81000,60,30.0,Credit Card
4324,52,28,31,400065,4,0.9,2,151,0,1,0,1,0,Mass,6,Bandra West Branch,Mumbai,161600,49,34.0,Life Insurance
4325,49,24,13,110062,4,0.8,1,111,0,0,0,1,0,Mass,17,Karol Bagh Branch,Delhi,111800,36,30.0,Credit Card
4326,59,35,52,600021,4,1.5,1,0,0,0,0,1,1,Mass,13,Anna Nagar Branch,Chennai,196800,64,49.3,Life Insurance
4327,32,8,42,400054,1,0.2,3,102,0,0,0,1,0,Mass,4,Andheri East Branch,Mumbai,130800,59,33.4,Credit Card
4328,30,4,102,700086,4,2.1,3,139,0,0,0,0,1,Affluent,6,Park Street Branch,Kolkata,394300,69,61.7,Fixed Deposit
4329,64,38,143,302057,2,6.4,3,0,1,1,1,1,0,HNI,8,Vaishali Nagar Branch,Jaipur,1021300,91,76.6,Credit Card
4330,59,33,10,682003,4,0.7,3,0,0,0,0,1,0,Mass,21,Kakkanad Branch,Kochi,16300,40,23.2,Life Insurance
4331,62,37,44,400039,1,1.1,3,0,0,0,0,0,0,Mass,4,Fort Branch,Mumbai,69100,62,27.9,Life Insurance
4332,61,37,158,452078,2,6.0,1,306,0,1,1,1,1,HNI,17,Palasia Branch,Indore,1681000,95,81.7,Life Insurance
4333,53,26,12,400065,2,1.0,2,0,0,0,0,0,1,Mass,18,Bandra West Branch,Mumbai,67100,35,24.6,Life Insurance
4334,51,26,59,500080,1,1.2,1,139,0,0,0,1,0,Mass,11,Hitech City Branch,Hyderabad,246000,69,54.5,Life Insurance
4335,55,29,92,302011,1,1.9,2,0,0,0,0,0,0,Mass Affluent,12,Vaishali Nagar Branch,Jaipur,290900,83,67.6,Credit Card
4336,36,10,82,400088,2,2.8,1,0,0,0,0,0,1,Mass Affluent,11,Fort Branch,Mumbai,318200,71,62.8,Home Loan
4337,44,19,44,400048,4,0.0,2,0,0,0,0,0,0,Mass,1,Bandra West Branch,Mumbai,59600,61,24.9,Life Insurance
4338,26,2,182,400017,2,3.2,2,0,1,0,0,0,0,HNI,2,Andheri East Branch,Mumbai,512900,66,66.8,Home Loan
4339,54,30,121,500075,2,0.4,1,0,0,0,0,1,0,Affluent,21,Secunderabad Branch,Hyderabad,460000,82,81.7,Fixed Deposit
4340,35,11,38,302007,1,1.7,1,0,0,0,0,0,1,Mass,9,C Scheme Branch,Jaipur,123400,50,32.5,Fixed Deposit
4341,34,10,92,400097,2,2.7,1,0,0,1,1,0,1,Affluent,2,Bandra West Branch,Mumbai,398400,88,61.7,Auto Loan
4342,28,3,53,400033,2,1.6,3,0,0,0,0,0,0,Mass,3,Bandra West Branch,Mumbai,98000,62,32.1,Auto Loan
4343,32,7,45,600063,3,2.3,1,83,0,1,0,1,0,Mass Affluent,4,Anna Nagar Branch,Chennai,226900,62,44.8,Credit Card
4344,38,14,63,110034,1,3.6,2,0,0,1,0,1,0,Mass Affluent,8,Dwarka Branch,Delhi,258100,67,53.9,Credit Card
4345,53,28,181,700082,1,8.1,1,0,0,0,0,1,0,HNI,10,Park Street Branch,Kolkata,1049800,76,83.4,Home Loan
4346,26,1,184,641082,2,4.2,3,577,1,0,1,1,1,HNI,3,RS Puram Branch,Coimbatore,881600,70,65.0,Mutual Funds
4347,45,21,33,380013,3,0.5,1,136,0,0,1,1,1,Mass,13,Navrangpura Branch,Ahmedabad,273800,62,52.0,Life Insurance
4348,58,33,22,160052,3,0.2,1,0,0,0,0,1,0,Mass,10,IT Park Branch,Chandigarh,30800,56,22.9,Life Insurance
4349,59,33,99,500044,2,2.7,1,0,0,0,0,0,0,Mass Affluent,15,Banjara Hills Branch,Hyderabad,365100,78,72.8,Credit Card
4350,45,18,44,302036,3,1.0,2,193,0,0,0,0,0,Mass,2,Malviya Nagar Branch,Jaipur,116200,52,29.2,Life Insurance
4351,64,39,101,110059,4,3.4,2,0,0,0,0,0,1,Affluent,2,Connaught Place Branch,Delhi,313900,76,59.7,Fixed Deposit
4352,30,3,32,400031,1,2.0,2,0,0,0,0,1,1,Mass,3,Andheri East Branch,Mumbai,90500,43,22.6,Personal Loan
4353,40,16,59,411079,4,2.67,1,0,0,0,0,1,0,Mass Affluent,9,Hinjewadi Branch,Pune,158500,64,44.3,Home Loan
4354,61,36,25,400046,2,0.5,2,0,0,0,0,1,1,Mass,28,Fort Branch,Mumbai,154300,63,47.9,Life Insurance
4355,40,16,140,160095,3,5.6,1,0,1,0,0,0,0,Affluent,11,IT Park Branch,Chandigarh,651900,64,73.4,Fixed Deposit
4356,40,10,29,411059,1,0.75,3,0,0,0,0,1,0,Mass,12,Hinjewadi Branch,Pune,57500,48,25.4,Credit Card
4357,43,19,35,641074,1,0.7,1,0,0,0,0,0,0,Mass,4,Gandhipuram Branch,Coimbatore,53600,59,24.1,Credit Card
4358,39,14,141,560010,4,6.3,1,0,1,1,1,1,1,HNI,8,Indiranagar Branch,Bengaluru,1038900,80,71.3,Home Loan
4359,35,11,75,500032,4,2.0,3,79,0,0,0,0,0,Mass Affluent,7,Hitech City Branch,Hyderabad,263100,66,54.5,Credit Card
4360,38,12,58,700006,2,2.8,1,0,0,0,0,1,0,Mass Affluent,6,Park Street Branch,Kolkata,139000,61,39.2,Credit Card
4361,67,43,41,110001,2,1.1,1,0,0,0,0,0,0,Mass,10,Dwarka Branch,Delhi,81100,60,31.8,Life Insurance
4362,55,30,42,600045,2,2.0,2,196,0,0,0,0,1,Mass,12,OMR Branch,Chennai,251700,56,49.7,Life Insurance
4363,28,2,55,411084,3,1.1,2,0,0,0,0,0,0,Mass,5,Viman Nagar Branch,Pune,100200,58,33.0,Home Loan
4364,30,4,18,440033,4,0.3,2,84,0,0,0,1,0,Mass,2,Dharampeth Branch,Nagpur,75700,39,17.4,Life Insurance
4365,59,35,75,700077,4,2.3,3,0,0,1,0,0,0,Mass Affluent,21,Howrah Branch,Kolkata,378100,78,72.6,Credit Card
4366,26,2,85,400055,2,2.5,1,0,0,0,0,0,0,Mass Affluent,2,Bandra West Branch,Mumbai,190500,71,49.4,Credit Card
4367,52,28,43,500024,4,1.1,2,0,0,0,0,0,0,Mass,10,Hitech City Branch,Hyderabad,81100,52,30.3,Life Insurance
4368,40,15,149,600092,2,3.9,1,319,0,0,0,1,1,Affluent,5,T Nagar Branch,Chennai,708300,80,72.1,Fixed Deposit
4369,31,7,25,400015,2,1.0,2,0,0,1,1,1,1,Mass,6,Andheri East Branch,Mumbai,187400,61,39.5,Auto Loan
4370,50,25,19,560046,4,0.4,2,103,0,0,0,1,1,Mass,5,Indiranagar Branch,Bengaluru,125700,42,26.0,Gold Loan
4371,27,3,18,110016,1,0.4,3,0,0,0,0,0,0,Mass,3,Connaught Place Branch,Delhi,22600,52,16.3,Credit Card
4372,64,39,13,400052,4,0.6,2,0,0,0,0,1,0,Mass,16,Andheri East Branch,Mumbai,17500,43,21.2,Life Insurance
4373,34,10,41,500048,1,2.4,2,0,0,0,0,0,0,Mass,1,Secunderabad Branch,Hyderabad,58300,49,21.1,Credit Card
4374,30,6,139,110096,1,4.3,1,0,0,0,0,1,0,Affluent,5,Dwarka Branch,Delhi,483700,76,71.9,Fixed Deposit
4375,39,15,62,600063,3,2.33,1,131,0,0,1,1,1,Mass Affluent,3,Anna Nagar Branch,Chennai,319600,66,52.0,Life Insurance
4376,34,10,51,110085,3,2.0,1,130,0,0,0,0,0,Mass,0,Dwarka Branch,Delhi,133900,50,30.2,Gold Loan
4377,40,15,71,700087,3,3.0,1,272,0,0,0,1,0,Mass Affluent,7,Howrah Branch,Kolkata,280500,59,53.7,Credit Card
4378,33,8,145,110012,1,2.7,3,0,1,0,0,1,0,Affluent,8,Dwarka Branch,Delhi,523700,70,70.7,Fixed Deposit
4379,38,12,45,160006,4,1.2,2,138,0,0,0,1,0,Mass,8,IT Park Branch,Chandigarh,175900,54,40.9,Credit Card
4380,42,17,53,400014,4,1.9,3,0,0,0,0,1,0,Mass,12,Bandra West Branch,Mumbai,141000,55,41.0,Credit Card
4381,37,13,64,500016,1,1.5,3,0,0,0,0,1,0,Mass Affluent,10,Secunderabad Branch,Hyderabad,168100,64,46.9,Credit Card
4382,33,8,39,560093,4,0.8,1,0,0,0,0,1,0,Mass,9,Koramangala Branch,Bengaluru,66400,52,26.9,Credit Card
4383,60,34,38,110058,3,2.2,3,0,0,1,0,0,0,Mass,9,Connaught Place Branch,Delhi,145900,60,37.8,Life Insurance
4384,28,4,85,500012,3,2.5,1,0,0,0,0,1,0,Mass Affluent,2,Banjara Hills Branch,Hyderabad,195100,68,49.1,Credit Card
4385,45,20,61,302061,3,2.7,2,0,0,0,0,0,1,Mass Affluent,8,Vaishali Nagar Branch,Jaipur,204300,59,46.8,Life Insurance
4386,56,32,23,682066,1,1.2,3,127,0,0,0,1,1,Mass,9,Edappally Branch,Kochi,171600,47,36.0,Life Insurance
4387,53,27,122,560081,1,2.4,1,330,0,0,0,0,0,Affluent,14,Indiranagar Branch,Bengaluru,557200,76,75.7,Fixed Deposit
4388,37,12,72,400021,4,0.7,3,0,0,0,0,0,0,Mass Affluent,13,Bandra West Branch,Mumbai,165800,67,50.0,Credit Card
4389,47,21,123,700021,1,7.3,1,0,0,0,0,0,0,Affluent,21,Park Street Branch,Kolkata,787700,73,85.2,Fixed Deposit
4390,58,32,40,600089,1,1.6,1,0,0,1,1,1,1,Mass Affluent,12,OMR Branch,Chennai,316400,76,58.4,Life Insurance
4391,52,26,62,110021,4,2.8,2,0,0,0,0,1,0,Mass Affluent,7,Dwarka Branch,Delhi,158100,65,43.7,Credit Card
4392,46,22,113,380083,2,3.3,1,0,0,0,0,0,1,Affluent,10,Maninagar Branch,Ahmedabad,459300,74,70.2,Fixed Deposit
4393,52,27,81,500054,4,3.8,2,0,0,0,0,0,0,Mass Affluent,16,Secunderabad Branch,Hyderabad,299700,61,63.8,Credit Card
4394,24,0,59,411083,4,1.6,1,0,0,0,0,0,0,Mass,2,Kothrud Branch,Pune,96700,55,30.2,Home Loan
4395,57,31,25,560017,2,0.7,2,103,0,0,0,0,0,Mass,16,Whitefield Branch,Bengaluru,130700,47,35.5,Life Insurance
4396,66,41,25,560052,4,0.6,2,0,0,0,0,1,1,Mass,15,Indiranagar Branch,Bengaluru,101400,45,31.0,Life Insurance
4397,30,5,14,110038,4,0.5,3,0,0,0,0,1,0,Mass,4,Dwarka Branch,Delhi,17200,45,14.6,Credit Card
4398,48,23,19,700089,1,0.1,1,0,0,0,0,1,0,Mass,24,Howrah Branch,Kolkata,49400,59,33.2,Credit Card
4399,63,37,61,110002,1,2.5,3,0,0,0,0,0,0,Mass Affluent,26,Karol Bagh Branch,Delhi,240700,70,64.4,Credit Card
4400,48,23,21,380019,1,0.1,1,0,0,0,0,0,0,Mass,11,Navrangpura Branch,Ahmedabad,34500,57,23.9,Credit Card
4401,34,10,44,380012,1,1.33,1,0,0,0,0,1,0,Mass,7,Navrangpura Branch,Ahmedabad,89900,60,31.9,Credit Card
4402,60,35,42,700095,3,1.5,1,0,0,0,0,0,1,Mass,10,Salt Lake Branch,Kolkata,137200,58,37.6,Life Insurance
4403,55,25,52,400037,1,1.4,3,207,0,1,0,0,0,Mass Affluent,25,Andheri East Branch,Mumbai,394700,71,70.3,Life Insurance
4404,50,24,112,110093,1,0.0,1,0,0,0,0,0,0,Mass Affluent,23,Dwarka Branch,Delhi,386900,84,80.5,Fixed Deposit
4405,29,5,34,500039,1,0.4,3,0,0,0,0,0,0,Mass,1,Banjara Hills Branch,Hyderabad,36400,56,19.7,Credit Card
4406,61,35,83,600029,2,1.7,3,245,0,0,0,1,0,Mass Affluent,21,Anna Nagar Branch,Chennai,463500,74,75.2,Credit Card
4407,50,25,24,682040,4,0.4,2,137,0,0,0,1,0,Mass,22,Kakkanad Branch,Kochi,164900,50,44.0,Credit Card
4408,37,13,71,560032,2,1.7,2,0,0,0,0,1,1,Mass Affluent,13,Koramangala Branch,Bengaluru,274100,68,59.0,Home Loan
4409,64,40,181,160049,2,2.3,2,0,1,0,1,1,1,HNI,8,Sector 17 Branch,Chandigarh,850600,86,74.6,Home Loan
4410,43,19,75,110081,4,0.2,3,102,0,0,0,1,0,Mass Affluent,13,Dwarka Branch,Delhi,285000,71,61.1,Credit Card
4411,39,14,153,560094,2,3.0,1,0,0,0,0,0,0,Affluent,6,Whitefield Branch,Bengaluru,494900,83,75.0,Home Loan
4412,23,-2,75,400031,2,1.8,2,0,0,0,0,1,1,Mass Affluent,1,Fort Branch,Mumbai,191100,65,44.1,Home Loan
4413,34,10,19,700019,4,0.4,2,0,0,0,0,0,0,Mass,5,Howrah Branch,Kolkata,18800,44,15.5,Gold Loan
4414,29,2,31,400034,4,1.5,2,0,0,0,0,0,1,Mass,1,Fort Branch,Mumbai,72100,39,17.8,Home Loan
4415,33,8,178,110018,3,8.5,1,0,1,1,1,1,0,HNI,6,Karol Bagh Branch,Delhi,1256300,82,74.4,Home Loan
4416,60,35,65,380079,2,1.5,1,220,0,0,0,0,1,Mass Affluent,17,Navrangpura Branch,Ahmedabad,363100,64,63.7,Life Insurance
4417,49,25,8,600045,1,0.3,1,97,0,0,0,0,0,Mass,14,T Nagar Branch,Chennai,86200,43,26.3,Gold Loan
4418,54,28,92,400062,2,1.1,1,0,0,0,0,1,0,Mass Affluent,20,Fort Branch,Mumbai,336100,78,74.0,Credit Card
4419,59,34,145,400085,4,1.8,1,198,1,0,0,1,0,Affluent,23,Fort Branch,Mumbai,906200,77,84.1,Fixed Deposit
4420,42,17,85,500011,1,3.7,3,272,0,0,0,0,0,Mass Affluent,2,Secunderabad Branch,Hyderabad,297300,71,56.5,Credit Card
4421,62,38,149,560053,1,4.7,1,0,0,0,0,1,0,Affluent,7,Whitefield Branch,Bengaluru,615600,82,77.7,Fixed Deposit
4422,63,38,9,110097,4,0.6,2,100,0,0,0,1,1,Mass,7,Connaught Place Branch,Delhi,112500,35,23.6,Life Insurance
4423,57,31,164,600088,2,3.8,3,422,1,0,1,1,1,HNI,25,OMR Branch,Chennai,1551600,79,82.4,Mutual Funds
4424,61,36,40,110003,3,0.5,2,100,0,1,0,0,0,Mass,17,Karol Bagh Branch,Delhi,254300,69,55.9,Life Insurance
4425,35,10,54,600075,1,2.5,3,0,0,0,0,0,1,Mass,9,OMR Branch,Chennai,184800,59,44.7,Personal Loan
4426,26,0,164,560078,2,4.0,3,301,1,0,0,1,0,HNI,2,Whitefield Branch,Bengaluru,610300,64,65.0,Fixed Deposit
4427,33,8,140,110025,1,4.6,1,0,0,0,0,1,0,Affluent,1,Karol Bagh Branch,Delhi,429900,77,68.5,Fixed Deposit
4428,31,7,18,400012,1,0.4,3,0,0,0,0,0,0,Mass,6,Fort Branch,Mumbai,25900,49,17.6,Credit Card
4429,51,27,12,110010,4,1.0,1,0,0,1,0,1,0,Mass,15,Karol Bagh Branch,Delhi,74900,48,26.9,Life Insurance
4430,55,29,140,400064,2,2.7,1,0,0,0,0,1,0,Affluent,5,Andheri East Branch,Mumbai,445100,82,72.5,Fixed Deposit
4431,38,12,24,560025,2,0.8,3,0,0,0,0,1,1,Mass,6,Koramangala Branch,Bengaluru,79400,50,23.8,Gold Loan
4432,38,12,60,160023,2,1.8,1,0,0,0,0,1,0,Mass,4,Sector 17 Branch,Chandigarh,119200,64,36.6,Credit Card
4433,53,27,50,302029,2,0.8,3,0,0,0,0,1,0,Mass,19,C Scheme Branch,Jaipur,151500,67,49.1,Life Insurance
4434,62,38,44,560060,1,1.9,2,0,0,0,0,0,1,Mass,12,Indiranagar Branch,Bengaluru,152800,62,42.1,Life Insurance
4435,35,9,51,600074,4,2.2,2,110,0,0,0,1,0,Mass,7,Anna Nagar Branch,Chennai,200600,55,43.7,Credit Card
4436,46,21,34,600005,2,1.3,1,116,0,0,0,0,0,Mass,15,T Nagar Branch,Chennai,154800,44,38.2,Life Insurance
4437,60,35,33,302019,2,0.5,2,0,0,0,0,1,0,Mass,7,Malviya Nagar Branch,Jaipur,47800,58,24.7,Life Insurance
4438,63,38,63,110070,2,1.5,1,0,0,0,0,1,0,Mass,5,Dwarka Branch,Delhi,144700,73,43.1,Credit Card
4439,43,18,22,110012,2,0.0,3,0,0,0,0,0,0,Mass,3,Karol Bagh Branch,Delhi,22300,53,17.2,Credit Card
4440,33,7,104,560074,2,3.6,3,0,1,0,0,0,1,Affluent,8,Indiranagar Branch,Bengaluru,410700,58,60.9,Fixed Deposit
4441,43,19,75,400056,3,0.3,3,0,0,0,0,0,0,Mass Affluent,17,Bandra West Branch,Mumbai,202200,71,58.0,Credit Card
4442,62,36,75,560070,2,1.7,3,0,0,0,0,0,0,Mass Affluent,16,Whitefield Branch,Bengaluru,232500,72,60.6,Credit Card
4443,48,23,62,160007,4,3.6,3,83,0,0,0,0,1,Mass Affluent,8,Sector 17 Branch,Chandigarh,325900,59,55.1,Life Insurance
4444,38,14,48,682081,1,1.8,1,169,0,0,0,0,0,Mass,11,Edappally Branch,Kochi,198800,58,46.4,Credit Card
4445,36,10,73,400071,2,2.8,1,0,0,0,0,1,1,Mass Affluent,1,Bandra West Branch,Mumbai,214300,65,46.2,Life Insurance
4446,49,25,135,500091,2,1.4,1,82,0,0,0,1,1,Affluent,11,Hitech City Branch,Hyderabad,650400,87,76.3,Fixed Deposit
4447,61,35,61,560031,3,2.2,3,117,0,0,0,1,1,Mass Affluent,23,Whitefield Branch,Bengaluru,450300,60,68.9,Life Insurance
4448,49,22,78,500028,3,2.0,2,0,0,0,0,1,0,Mass Affluent,9,Hitech City Branch,Hyderabad,216400,70,54.6,Credit Card
4449,59,34,40,600006,3,0.9,3,0,0,0,0,1,0,Mass,17,T Nagar Branch,Chennai,101500,65,39.8,Life Insurance
4450,30,6,44,400062,1,0.2,3,0,0,0,0,0,1,Mass,8,Andheri East Branch,Mumbai,118500,65,36.2,Fixed Deposit
4451,44,20,45,302008,2,2.5,1,0,0,0,0,1,0,Mass,5,C Scheme Branch,Jaipur,104000,60,32.8,Credit Card
4452,67,41,18,440082,2,0.4,1,0,0,0,0,1,0,Mass,26,Dharampeth Branch,Nagpur,43400,54,31.9,Life Insurance
4453,59,35,53,411035,4,2.3,3,174,0,0,0,1,0,Mass Affluent,12,Viman Nagar Branch,Pune,248100,60,52.6,Life Insurance
4454,37,11,11,411037,3,0.1,2,0,0,0,0,0,0,Mass,5,Hinjewadi Branch,Pune,13100,46,15.0,Life Insurance
4455,50,24,38,500018,3,0.6,2,0,0,0,0,1,0,Mass,5,Hitech City Branch,Hyderabad,62900,60,26.0,Credit Card
4456,56,31,28,560075,1,1.5,2,0,0,1,1,1,1,Mass Affluent,17,Indiranagar Branch,Bengaluru,313900,73,59.7,Life Insurance
4457,29,3,35,400008,2,0.3,1,88,0,0,1,1,1,Mass,1,Fort Branch,Mumbai,174700,58,34.7,Auto Loan
4458,55,29,81,600018,3,1.7,2,171,0,0,0,1,0,Mass Affluent,4,Anna Nagar Branch,Chennai,267000,66,53.5,Credit Card
4459,48,22,90,400010,2,0.8,3,205,0,0,0,0,0,Mass Affluent,8,Fort Branch,Mumbai,296900,81,62.8,Credit Card
4460,32,8,115,302056,1,4.0,1,0,0,0,0,0,0,Affluent,7,C Scheme Branch,Jaipur,379900,76,68.9,Fixed Deposit
4461,47,22,78,560027,1,0.2,2,0,0,0,0,1,0,Mass Affluent,9,Indiranagar Branch,Bengaluru,187300,76,53.2,Credit Card
4462,46,21,30,560001,4,1.9,3,0,0,0,0,1,0,Mass,7,Koramangala Branch,Bengaluru,45300,43,20.3,Credit Card
4463,33,7,39,560006,4,0.8,1,0,0,0,0,1,1,Mass,9,Indiranagar Branch,Bengaluru,114900,45,30.5,Auto Loan
4464,39,13,69,440045,3,0.1,1,0,0,0,0,0,0,Mass,2,Sitabuldi Branch,Nagpur,109500,70,36.9,Credit Card
4465,60,35,29,110063,3,0.2,1,79,0,0,0,1,1,Mass,22,Connaught Place Branch,Delhi,229300,54,52.0,Life Insurance
4466,39,15,54,400084,4,2.2,2,0,0,0,0,0,1,Mass,9,Andheri East Branch,Mumbai,177900,57,43.3,Life Insurance
4467,34,10,60,110077,3,2.8,1,0,0,0,1,1,1,Mass Affluent,5,Dwarka Branch,Delhi,259100,66,50.1,Auto Loan
4468,55,30,99,411032,1,0.1,3,0,0,0,0,0,0,Mass Affluent,9,Viman Nagar Branch,Pune,208100,74,57.1,Credit Card
4469,67,42,51,395064,3,2.2,1,0,0,0,0,1,1,Mass,16,Vesu Branch,Surat,230800,64,54.3,Life Insurance
4470,40,14,53,110059,3,0.5,3,0,0,1,1,1,1,Mass Affluent,4,Dwarka Branch,Delhi,248000,80,50.4,Home Loan
4471,44,20,111,682054,2,5.3,2,0,1,0,0,1,0,Affluent,17,Kakkanad Branch,Kochi,620200,64,75.2,Fixed Deposit
4472,56,30,79,110089,3,0.8,1,302,0,0,0,0,0,Mass Affluent,18,Karol Bagh Branch,Delhi,338200,70,67.4,Credit Card
4473,50,25,90,411093,1,2.8,2,0,0,0,0,1,0,Mass Affluent,25,Hinjewadi Branch,Pune,442400,76,80.4,Credit Card
4474,31,5,18,400095,2,0.3,1,124,0,0,0,1,1,Mass,3,Bandra West Branch,Mumbai,107200,42,22.6,Gold Loan
4475,66,41,73,500071,3,2.4,1,0,0,0,0,0,0,Mass Affluent,5,Hitech City Branch,Hyderabad,169300,73,47.3,Credit Card
4476,43,18,59,411030,3,0.8,3,91,0,0,0,1,0,Mass,6,Hinjewadi Branch,Pune,198100,65,46.1,Credit Card
4477,58,32,40,600069,2,0.3,1,0,0,0,0,0,0,Mass,28,Anna Nagar Branch,Chennai,123300,65,47.0,Life Insurance
4478,33,9,41,110010,1,1.5,2,0,0,0,1,1,1,Mass,6,Dwarka Branch,Delhi,192600,69,43.7,Home Loan
4479,33,9,53,302028,1,2.1,3,0,0,0,0,0,0,Mass,6,Malviya Nagar Branch,Jaipur,104600,57,33.5,Mutual Funds
4480,32,8,128,440038,2,4.33,1,0,0,0,0,1,0,Affluent,4,Wardha Road Branch,Nagpur,418200,74,68.6,Fixed Deposit
4481,55,30,145,500036,2,6.0,3,0,1,0,0,1,0,Affluent,22,Banjara Hills Branch,Hyderabad,1061600,75,86.6,Fixed Deposit
4482,25,-2,35,411006,4,1.0,3,0,0,0,0,1,0,Mass,1,Kothrud Branch,Pune,51100,47,19.0,Credit Card
4483,40,14,28,380020,2,0.8,3,0,0,0,0,0,0,Mass,8,Satellite Branch,Ahmedabad,43100,54,23.0,Credit Card
4484,54,28,155,110039,1,1.0,1,256,0,0,0,1,1,Affluent,17,Connaught Place Branch,Delhi,821000,87,82.4,Fixed Deposit
4485,36,11,195,226057,2,3.0,1,0,0,0,0,1,1,HNI,11,Gomti Nagar Branch,Lucknow,910300,84,82.5,Home Loan
4486,35,9,50,110088,4,2.2,2,0,0,0,0,0,0,Mass,7,Connaught Place Branch,Delhi,102600,56,33.3,Life Insurance
4487,44,19,48,380059,3,0.8,3,0,0,0,0,0,1,Mass,17,Satellite Branch,Ahmedabad,182900,63,49.6,Life Insurance
4488,38,14,81,400021,1,3.6,2,0,0,0,0,1,1,Mass Affluent,4,Bandra West Branch,Mumbai,273700,63,53.3,Personal Loan
4489,30,4,50,110041,1,1.5,1,0,0,0,0,0,0,Mass,3,Dwarka Branch,Delhi,89500,59,29.9,Credit Card
4490,39,13,21,500019,3,0.2,2,0,0,0,0,1,0,Mass,13,Secunderabad Branch,Hyderabad,32700,47,22.4,Credit Card
4491,35,9,142,500078,2,0.0,1,0,0,1,0,1,0,Affluent,6,Banjara Hills Branch,Hyderabad,412600,95,72.8,Fixed Deposit
4492,41,16,64,226021,4,0.4,1,0,0,0,0,1,0,Mass,15,Hazratganj Branch,Lucknow,183500,72,54.0,Credit Card
4493,56,26,91,395048,1,3.0,3,0,0,0,0,1,1,Mass Affluent,12,Ring Road Branch,Surat,426200,81,71.3,Life Insurance
4494,52,28,74,400023,1,2.6,2,0,0,0,0,1,1,Mass Affluent,16,Andheri East Branch,Mumbai,358500,72,67.1,Life Insurance
4495,29,4,182,110071,1,3.7,3,0,1,0,0,1,0,HNI,1,Dwarka Branch,Delhi,559600,69,67.9,Home Loan
4496,38,14,82,560091,4,2.67,1,0,0,0,0,0,0,Mass Affluent,12,Indiranagar Branch,Bengaluru,246700,69,59.6,Credit Card
4497,51,25,45,500008,4,2.6,1,0,0,0,0,0,0,Mass,16,Banjara Hills Branch,Hyderabad,121100,51,39.1,Life Insurance
4498,45,21,85,500027,2,3.2,1,0,0,1,0,1,0,Affluent,4,Banjara Hills Branch,Hyderabad,315600,87,62.9,Credit Card
4499,51,26,133,226033,1,0.6,1,328,0,0,0,0,0,Affluent,13,Aliganj Branch,Lucknow,501400,87,77.0,Fixed Deposit
4500,53,26,22,380056,1,0.5,2,0,0,0,0,1,1,Mass,8,Satellite Branch,Ahmedabad,87600,57,27.5,Life Insurance
4501,50,26,24,400035,4,0.5,2,0,0,0,0,0,1,Mass,26,Andheri East Branch,Mumbai,126500,54,42.0,Gold Loan
4502,59,33,38,500085,3,2.2,3,178,0,1,1,1,1,Mass Affluent,10,Secunderabad Branch,Hyderabad,386800,62,56.0,Life Insurance
4503,57,32,80,600035,2,0.0,3,0,0,0,0,0,0,Mass Affluent,3,T Nagar Branch,Chennai,141300,75,43.9,Credit Card
4504,45,21,33,500014,3,0.5,1,108,0,0,0,1,0,Mass,18,Banjara Hills Branch,Hyderabad,163800,45,41.2,Credit Card
4505,27,1,41,400027,4,1.8,3,147,0,0,0,0,0,Mass,4,Fort Branch,Mumbai,119100,43,27.9,Life Insurance
4506,40,15,90,560005,4,1.1,2,0,0,1,0,1,0,Mass Affluent,8,Indiranagar Branch,Bengaluru,304700,82,63.6,Credit Card
4507,39,13,89,560087,1,2.8,3,153,0,0,0,1,1,Mass Affluent,8,Koramangala Branch,Bengaluru,456500,72,65.2,Personal Loan
4508,26,1,8,110094,2,0.9,3,0,0,0,0,0,1,Mass,3,Connaught Place Branch,Delhi,37200,33,12.1,Gold Loan
4509,27,2,85,700068,1,1.9,1,0,0,0,0,1,1,Mass Affluent,4,Howrah Branch,Kolkata,264800,72,55.5,Mutual Funds
4510,55,30,53,560040,3,1.7,1,0,0,0,0,1,0,Mass,12,Indiranagar Branch,Bengaluru,146900,66,44.5,Life Insurance
4511,64,39,20,600063,3,0.1,3,0,0,0,0,0,0,Mass,16,T Nagar Branch,Chennai,32700,53,25.5,Life Insurance
4512,41,17,9,500025,1,1.0,1,0,0,0,0,1,1,Mass,14,Banjara Hills Branch,Hyderabad,63400,42,23.4,Personal Loan
4513,46,22,25,160093,4,0.6,1,0,0,0,0,1,1,Mass,3,Sector 17 Branch,Chandigarh,71800,48,20.7,Gold Loan
4514,43,19,114,400033,1,1.7,1,0,0,0,0,1,0,Affluent,4,Fort Branch,Mumbai,305800,82,64.8,Fixed Deposit
4515,24,-3,41,400033,4,1.0,3,0,0,0,0,1,0,Mass,1,Andheri East Branch,Mumbai,54100,54,22.0,Credit Card
4516,29,3,49,110080,4,2.1,3,0,0,0,0,0,0,Mass,2,Karol Bagh Branch,Delhi,82900,55,27.2,Life Insurance
4517,58,32,12,560038,4,0.7,3,0,0,0,0,1,0,Mass,27,Whitefield Branch,Bengaluru,18100,42,26.3,Life Insurance
4518,45,18,50,110084,3,2.5,2,0,0,0,0,1,0,Mass,4,Connaught Place Branch,Delhi,101900,56,31.4,Credit Card
4519,53,28,30,380009,4,0.2,2,0,0,0,0,1,0,Mass,20,Satellite Branch,Ahmedabad,64200,58,33.5,Life Insurance
4520,45,21,32,110077,4,0.6,1,77,0,0,0,0,1,Mass,3,Connaught Place Branch,Delhi,128400,45,27.1,Life Insurance
4521,32,7,41,400063,4,2.0,2,0,0,0,0,0,0,Mass,3,Andheri East Branch,Mumbai,60700,45,21.5,Life Insurance
4522,56,31,25,560006,3,0.1,2,0,0,0,0,0,0,Mass,18,Indiranagar Branch,Bengaluru,53100,57,30.5,Life Insurance
4523,31,5,29,380017,1,0.3,1,0,0,0,0,0,0,Mass,7,Satellite Branch,Ahmedabad,39100,51,21.4,Gold Loan
4524,29,4,50,226059,4,1.7,2,0,0,0,0,1,0,Mass,1,Gomti Nagar Branch,Lucknow,79600,53,25.8,Credit Card
4525,48,24,79,700018,3,0.7,1,0,0,0,0,1,1,Mass Affluent,16,Howrah Branch,Kolkata,300600,73,64.7,Life Insurance
4526,36,11,110,600058,1,3.8,1,0,0,0,0,1,1,Affluent,1,OMR Branch,Chennai,358400,74,61.1,Fixed Deposit
4527,36,9,40,700002,2,1.67,2,129,0,1,0,1,0,Mass Affluent,3,Park Street Branch,Kolkata,188800,56,38.2,Credit Card
4528,41,16,18,411095,1,0.6,3,0,0,0,0,0,1,Mass,13,Hinjewadi Branch,Pune,83300,53,28.4,Personal Loan
4529,48,23,48,110005,1,0.3,1,0,0,0,0,0,0,Mass,24,Dwarka Branch,Delhi,137700,69,50.6,Credit Card
4530,27,0,40,600078,4,1.0,3,0,0,0,0,0,0,Mass,5,T Nagar Branch,Chennai,62900,50,24.0,Gold Loan
4531,33,9,19,380008,2,1.0,2,92,0,0,0,1,0,Mass,9,Maninagar Branch,Ahmedabad,100400,36,24.2,Credit Card
4532,31,7,35,560016,1,1.33,1,131,0,0,0,0,1,Mass,5,Indiranagar Branch,Bengaluru,161800,48,33.5,Personal Loan
4533,48,22,133,411019,2,3.1,2,0,1,0,0,1,0,Affluent,9,Kothrud Branch,Pune,518900,70,70.8,Fixed Deposit
4534,59,34,19,500017,2,0.5,2,0,0,0,0,1,0,Mass,24,Banjara Hills Branch,Hyderabad,42000,61,33.0,Life Insurance
4535,41,17,83,500051,4,2.67,1,0,0,0,0,1,0,Mass Affluent,11,Banjara Hills Branch,Hyderabad,256900,65,59.0,Credit Card
4536,42,18,39,400018,3,2.1,3,0,0,0,0,0,0,Mass,6,Fort Branch,Mumbai,62300,47,23.5,Life Insurance
4537,62,37,38,411055,3,0.5,2,0,0,0,0,0,0,Mass,5,Hinjewadi Branch,Pune,58700,58,25.1,Life Insurance
4538,62,36,63,226077,1,2.5,3,0,0,0,0,1,1,Mass Affluent,9,Aliganj Branch,Lucknow,252600,70,54.6,Life Insurance
4539,51,24,85,400061,3,2.0,2,0,0,0,0,0,0,Mass Affluent,13,Andheri East Branch,Mumbai,265400,75,63.8,Credit Card
4540,48,24,14,560027,4,1.0,1,0,0,0,0,1,0,Mass,10,Whitefield Branch,Bengaluru,17900,36,16.0,Credit Card
4541,56,32,64,400068,4,1.5,1,0,0,0,0,1,0,Mass Affluent,21,Bandra West Branch,Mumbai,230100,71,61.9,Credit Card
4542,62,38,124,400036,1,3.8,1,405,0,0,0,1,0,Affluent,5,Andheri East Branch,Mumbai,537900,81,71.2,Fixed Deposit
4543,53,29,20,395067,1,0.2,1,0,0,1,1,1,1,Mass,15,Adajan Branch,Surat,238500,77,53.4,Life Insurance
4544,62,38,33,500074,3,0.1,3,0,0,0,0,1,0,Mass,2,Hitech City Branch,Hyderabad,42300,66,23.2,Life Insurance
4545,28,4,80,560065,3,2.5,1,0,0,0,0,1,0,Mass Affluent,2,Whitefield Branch,Bengaluru,175200,59,43.6,Credit Card
4546,61,35,35,110003,2,0.2,3,0,0,0,0,1,0,Mass,25,Dwarka Branch,Delhi,96000,66,43.3,Life Insurance
4547,48,24,74,440014,3,0.7,1,0,0,1,0,1,0,Mass Affluent,7,Wardha Road Branch,Nagpur,225800,77,54.1,Credit Card
4548,50,25,32,110084,2,0.7,2,0,0,0,0,1,0,Mass,18,Karol Bagh Branch,Delhi,81400,58,34.7,Credit Card
4549,58,33,73,700034,4,0.7,1,241,0,0,0,0,0,Mass Affluent,4,Howrah Branch,Kolkata,198700,69,47.4,Credit Card
4550,53,29,41,110095,2,0.8,1,0,0,0,0,1,0,Mass,9,Karol Bagh Branch,Delhi,84500,62,32.1,Life Insurance
4551,65,40,18,400025,1,1.5,2,0,0,0,0,1,0,Mass,14,Fort Branch,Mumbai,35100,43,21.8,Life Insurance
4552,27,0,28,411029,4,1.5,2,0,0,0,0,1,0,Mass,4,Hinjewadi Branch,Pune,42100,42,17.5,Gold Loan
4553,50,23,64,400043,1,2.67,2,0,0,0,0,0,0,Mass Affluent,16,Fort Branch,Mumbai,200500,62,53.8,Credit Card
4554,50,25,44,411039,2,0.7,2,192,0,0,0,1,0,Mass,15,Kothrud Branch,Pune,204700,60,49.6,Credit Card
4555,41,16,109,110096,3,1.0,1,0,0,1,0,1,0,Affluent,4,Karol Bagh Branch,Delhi,315300,82,62.8,Fixed Deposit
4556,43,19,71,700094,3,0.3,3,179,0,0,0,0,0,Mass Affluent,9,Howrah Branch,Kolkata,215500,68,51.7,Credit Card
4557,55,29,79,380043,2,1.1,1,0,0,1,0,1,0,Mass Affluent,14,Navrangpura Branch,Ahmedabad,332300,89,69.5,Credit Card
4558,33,9,30,700067,2,1.0,2,0,0,0,0,1,0,Mass,5,Howrah Branch,Kolkata,54100,57,23.4,Credit Card
4559,44,19,82,400012,2,0.4,1,0,0,0,0,1,1,Mass Affluent,17,Andheri East Branch,Mumbai,313900,71,66.1,Home Loan
4560,47,20,101,700074,3,2.0,2,270,0,0,0,1,0,Affluent,6,Salt Lake Branch,Kolkata,366400,72,63.7,Fixed Deposit
4561,43,18,13,395099,2,0.1,2,0,0,0,1,1,1,Mass,4,Adajan Branch,Surat,95900,58,25.6,Home Loan
4562,59,33,59,110034,3,1.4,3,0,0,0,0,0,0,Mass,14,Karol Bagh Branch,Delhi,158200,74,49.7,Life Insurance
4563,65,40,64,110061,2,1.5,1,0,0,0,0,0,1,Mass Affluent,19,Connaught Place Branch,Delhi,267500,72,62.5,Life Insurance
4564,28,2,188,302070,2,4.5,1,0,0,1,0,1,0,HNI,4,Vaishali Nagar Branch,Jaipur,833500,92,79.5,Home Loan
4565,58,32,28,110050,2,0.3,1,148,0,0,0,0,0,Mass,21,Karol Bagh Branch,Delhi,146300,54,42.4,Life Insurance
4566,33,8,120,411091,2,4.2,3,76,1,0,0,0,1,Affluent,10,Hinjewadi Branch,Pune,645000,59,65.7,Fixed Deposit
4567,24,0,131,700080,1,5.4,1,0,0,0,0,1,0,Affluent,1,Howrah Branch,Kolkata,405300,67,64.7,Fixed Deposit
4568,46,20,19,400011,3,0.5,2,97,0,1,0,1,0,Mass,5,Andheri East Branch,Mumbai,126200,48,27.7,Credit Card
4569,26,0,44,600098,4,1.3,3,0,0,1,0,0,0,Mass,4,OMR Branch,Chennai,120600,67,34.6,Credit Card
4570,47,21,49,600056,3,2.2,2,0,0,1,0,0,0,Mass Affluent,10,T Nagar Branch,Chennai,177200,66,45.5,Life Insurance
4571,32,6,99,560002,2,4.5,3,249,0,0,0,1,0,Affluent,5,Koramangala Branch,Bengaluru,430000,69,64.7,Credit Card
4572,58,28,95,160006,1,3.0,3,0,0,0,0,0,0,Mass Affluent,17,Sector 17 Branch,Chandigarh,365800,73,72.6,Credit Card
4573,32,7,81,110054,4,1.8,3,0,0,0,0,1,0,Mass Affluent,6,Dwarka Branch,Delhi,192300,66,49.9,Credit Card
4574,46,20,73,560094,2,0.8,3,264,0,0,1,1,1,Mass Affluent,24,Koramangala Branch,Bengaluru,591600,78,76.3,Life Insurance
4575,35,11,193,226035,2,6.5,1,0,0,0,0,0,1,HNI,8,Aliganj Branch,Lucknow,1019200,78,79.9,Home Loan
4576,53,27,115,110029,2,0.5,3,0,1,0,0,0,0,Mass Affluent,5,Connaught Place Branch,Delhi,275600,73,58.7,Fixed Deposit
4577,55,30,41,302087,2,0.6,3,0,0,0,0,1,1,Mass,27,Malviya Nagar Branch,Jaipur,208300,61,55.6,Life Insurance
4578,63,37,80,400008,2,1.7,3,0,0,0,0,1,1,Mass Affluent,21,Andheri East Branch,Mumbai,410500,79,74.4,Life Insurance
4579,45,20,90,500085,4,1.1,2,0,0,0,0,1,1,Mass Affluent,12,Banjara Hills Branch,Hyderabad,332600,77,66.5,Life Insurance
4580,58,32,41,400092,1,0.2,1,81,0,0,0,1,0,Mass,19,Andheri East Branch,Mumbai,211200,67,53.8,Life Insurance
4581,50,24,102,411076,2,6.3,1,0,0,0,0,1,0,Affluent,11,Viman Nagar Branch,Pune,482400,74,73.2,Fixed Deposit
4582,37,13,59,380058,1,1.5,3,0,0,0,0,0,1,Mass,10,Navrangpura Branch,Ahmedabad,195300,64,48.0,Fixed Deposit
4583,25,-1,69,226038,3,0.3,3,0,0,0,0,1,0,Mass,1,Hazratganj Branch,Lucknow,109500,69,36.0,Credit Card
4584,52,26,83,395008,1,3.1,1,0,1,0,0,1,0,Mass Affluent,12,Adajan Branch,Surat,327800,60,61.4,Credit Card
4585,26,0,49,411044,3,2.4,2,0,0,0,0,0,0,Mass,2,Hinjewadi Branch,Pune,88400,53,27.5,Gold Loan
4586,35,11,180,380099,1,3.6,3,571,1,0,1,1,1,HNI,8,Satellite Branch,Ahmedabad,981500,70,68.7,Mutual Funds
4587,58,32,61,500018,3,2.2,3,0,0,0,0,1,1,Mass Affluent,15,Banjara Hills Branch,Hyderabad,262500,63,57.1,Life Insurance
4588,37,11,59,682015,4,0.2,3,0,0,0,0,0,0,Mass,2,Edappally Branch,Kochi,93000,71,33.7,Life Insurance
4589,35,10,85,411007,4,2.1,3,0,0,0,0,0,1,Mass Affluent,8,Kothrud Branch,Pune,284500,72,59.5,Home Loan
4590,31,7,13,160067,1,0.5,3,0,0,0,0,1,0,Mass,1,IT Park Branch,Chandigarh,15700,48,13.4,Credit Card
4591,58,34,151,110002,3,0.6,2,0,1,0,0,0,0,Affluent,19,Karol Bagh Branch,Delhi,565300,76,79.8,Home Loan
4592,43,16,44,500087,3,1.0,2,0,0,0,0,1,0,Mass,13,Banjara Hills Branch,Hyderabad,101900,55,35.8,Home Loan
4593,43,18,53,700044,3,0.8,3,154,0,0,0,0,0,Mass,6,Park Street Branch,Kolkata,159700,59,39.5,Life Insurance
4594,54,30,133,110048,1,5.0,2,0,1,0,0,0,1,Affluent,4,Connaught Place Branch,Delhi,546500,70,65.8,Fixed Deposit
4595,53,27,31,110060,3,0.9,3,78,0,0,0,1,0,Mass,18,Connaught Place Branch,Delhi,175600,57,45.5,Life Insurance
4596,32,7,101,440099,4,2.2,2,0,0,0,0,1,0,Mass Affluent,7,Wardha Road Branch,Nagpur,297200,76,63.9,Fixed Deposit
4597,37,13,61,560088,3,2.8,1,0,0,0,0,0,0,Mass Affluent,5,Whitefield Branch,Bengaluru,133900,59,37.9,Credit Card
4598,34,10,68,110038,3,2.6,2,0,0,0,0,0,0,Mass Affluent,6,Karol Bagh Branch,Delhi,159300,62,43.1,Credit Card
4599,51,26,21,560088,4,0.8,1,0,0,0,0,1,0,Mass,12,Whitefield Branch,Bengaluru,34300,48,22.2,Life Insurance
4600,49,25,149,560093,2,0.4,1,0,0,0,0,1,0,Affluent,27,Koramangala Branch,Bengaluru,667400,83,89.7,Fixed Deposit
4601,54,24,75,411085,1,1.4,3,0,0,0,0,0,0,Mass Affluent,13,Kothrud Branch,Pune,199400,67,54.4,Credit Card
4602,37,12,55,452001,1,2.5,3,0,0,0,0,1,0,Mass,8,Vijay Nagar Branch,Indore,144400,62,41.1,Credit Card
4603,57,32,81,395003,2,3.7,1,226,0,0,0,1,1,Mass Affluent,26,Adajan Branch,Surat,713500,68,78.7,Life Insurance
4604,37,12,179,411075,1,8.6,1,0,0,0,0,1,0,HNI,4,Hinjewadi Branch,Pune,854300,74,77.9,Home Loan
4605,32,7,81,700008,2,3.4,2,0,1,0,0,0,1,Mass Affluent,6,Salt Lake Branch,Kolkata,285900,48,49.8,Home Loan
4606,48,22,42,560004,1,1.2,2,0,0,0,0,0,0,Mass,14,Whitefield Branch,Bengaluru,95600,64,37.3,Credit Card
4607,44,20,199,226059,2,6.67,1,0,0,0,0,1,0,HNI,12,Gomti Nagar Branch,Lucknow,1163500,82,86.9,Home Loan
4608,50,23,18,110079,1,0.5,2,0,0,0,0,1,1,Mass,10,Connaught Place Branch,Delhi,86000,54,27.2,Gold Loan
4609,44,19,28,400048,1,0.3,3,0,0,0,0,1,0,Mass,22,Fort Branch,Mumbai,67200,57,34.4,Credit Card
4610,54,28,80,440077,4,2.6,3,143,0,0,0,0,0,Mass Affluent,20,Sitabuldi Branch,Nagpur,437400,68,72.0,Credit Card
4611,37,13,79,226049,1,3.6,2,104,0,0,0,1,0,Mass Affluent,7,Gomti Nagar Branch,Lucknow,335300,63,58.9,Credit Card
4612,34,7,52,560087,2,1.0,2,0,0,0,0,1,0,Mass,3,Koramangala Branch,Bengaluru,88300,61,30.4,Credit Card
4613,32,6,18,411004,2,0.3,2,0,0,0,0,1,0,Mass,7,Hinjewadi Branch,Pune,23300,50,18.3,Credit Card
4614,63,38,52,500028,4,1.7,1,218,0,0,0,1,1,Mass,15,Secunderabad Branch,Hyderabad,317600,57,57.5,Life Insurance
4615,56,30,15,560075,4,0.7,3,102,0,0,0,0,0,Mass,16,Koramangala Branch,Bengaluru,100300,37,28.4,Life Insurance
4616,37,12,84,110043,4,0.7,3,0,0,0,0,1,0,Mass Affluent,10,Connaught Place Branch,Delhi,221000,75,58.2,Credit Card
4617,66,41,114,400084,1,0.8,3,0,0,0,0,1,1,Affluent,15,Andheri East Branch,Mumbai,474500,89,77.4,Fixed Deposit
4618,38,13,41,600097,3,0.5,3,0,0,0,0,0,1,Mass,8,OMR Branch,Chennai,110000,54,32.0,Life Insurance
4619,35,9,29,560048,3,0.9,1,126,0,0,0,1,0,Mass,4,Indiranagar Branch,Bengaluru,99200,43,23.9,Credit Card
4620,61,36,23,500041,1,0.1,1,96,0,0,0,0,0,Mass,25,Secunderabad Branch,Hyderabad,157200,55,46.0,Life Insurance
4621,52,26,84,110056,1,2.4,1,0,0,0,0,1,0,Mass Affluent,19,Dwarka Branch,Delhi,334100,75,71.9,Credit Card
4622,57,32,60,452035,3,1.7,1,0,0,1,1,1,1,Mass Affluent,7,Vijay Nagar Branch,Indore,352800,87,61.0,Life Insurance
4623,47,20,13,411040,3,0.67,2,0,0,0,0,1,0,Mass,15,Hinjewadi Branch,Pune,20200,43,20.8,Credit Card
4624,50,25,45,160051,2,0.6,3,0,0,0,0,0,0,Mass,15,Sector 17 Branch,Chandigarh,116200,71,42.9,Life Insurance
4625,36,11,83,400083,1,2.8,1,0,0,0,0,0,0,Mass Affluent,11,Andheri East Branch,Mumbai,258400,71,60.7,Credit Card
4626,45,21,102,411054,4,4.7,2,81,1,0,0,0,0,Affluent,11,Kothrud Branch,Pune,543100,60,66.5,Fixed Deposit
4627,58,34,58,226028,4,2.3,3,169,0,0,0,1,0,Mass Affluent,5,Aliganj Branch,Lucknow,216300,59,45.8,Life Insurance
4628,27,1,134,560083,1,1.7,2,307,1,0,0,1,0,Affluent,2,Koramangala Branch,Bengaluru,413000,65,60.1,Fixed Deposit
4629,27,1,130,110097,3,2.9,2,0,1,0,0,0,0,Affluent,3,Dwarka Branch,Delhi,363500,66,61.4,Fixed Deposit
4630,48,24,148,110070,2,3.3,1,0,0,0,1,1,1,Affluent,11,Dwarka Branch,Delhi,810500,88,78.8,Mutual Funds
4631,46,21,92,110049,1,0.2,2,0,0,0,0,0,0,Mass Affluent,15,Karol Bagh Branch,Delhi,249000,80,65.5,Credit Card
4632,32,8,142,500069,4,6.2,2,120,1,0,1,1,1,HNI,4,Secunderabad Branch,Hyderabad,876100,69,65.0,Mutual Funds
4633,54,29,62,560017,4,0.7,1,0,0,0,0,0,1,Mass,14,Indiranagar Branch,Bengaluru,207700,72,54.0,Life Insurance
4634,31,5,50,110019,1,1.5,1,0,0,0,0,1,0,Mass,5,Karol Bagh Branch,Delhi,99900,53,30.9,Credit Card
4635,42,17,29,411003,1,0.6,3,0,0,0,0,1,0,Mass,5,Viman Nagar Branch,Pune,43700,56,22.0,Credit Card
4636,30,5,85,400091,2,2.5,1,293,0,1,1,1,1,Affluent,2,Andheri East Branch,Mumbai,453900,77,58.5,Life Insurance
4637,41,16,78,560051,4,0.4,1,0,0,0,0,1,0,Mass Affluent,7,Koramangala Branch,Bengaluru,169600,72,48.8,Credit Card
4638,44,19,85,411090,4,1.9,3,0,0,0,0,1,1,Mass Affluent,4,Kothrud Branch,Pune,253700,71,54.4,Home Loan
4639,37,13,89,110089,2,1.7,2,0,0,0,0,1,0,Mass Affluent,10,Karol Bagh Branch,Delhi,248100,68,59.1,Credit Card
4640,51,25,33,110025,3,0.9,3,0,0,0,0,1,1,Mass,23,Karol Bagh Branch,Delhi,169500,57,48.0,Life Insurance
4641,30,6,42,110030,1,2.1,3,0,0,0,0,1,0,Mass,2,Karol Bagh Branch,Delhi,72700,46,22.7,Credit Card
4642,36,11,31,400018,4,1.7,1,124,0,0,0,1,1,Mass,12,Fort Branch,Mumbai,190300,38,38.4,Life Insurance
4643,65,40,143,500026,4,6.6,2,0,1,0,0,1,0,Affluent,20,Secunderabad Branch,Hyderabad,1023100,73,84.7,Fixed Deposit
4644,33,7,35,400039,4,0.8,1,0,0,0,0,1,0,Mass,6,Bandra West Branch,Mumbai,57700,54,24.4,Credit Card
4645,58,34,22,110029,1,0.1,2,0,0,0,0,1,0,Mass,8,Dwarka Branch,Delhi,33500,56,21.9,Life Insurance
4646,34,10,45,395059,1,1.7,1,84,0,0,0,0,0,Mass,6,Ring Road Branch,Surat,162800,54,37.9,Credit Card
4647,38,13,119,682083,2,3.3,1,0,0,0,0,0,0,Affluent,9,Edappally Branch,Kochi,407000,80,72.3,Fixed Deposit
4648,59,35,43,110037,4,1.3,1,0,0,0,0,1,0,Mass,7,Dwarka Branch,Delhi,95300,63,33.0,Life Insurance
4649,37,11,75,560077,3,0.9,2,0,0,0,0,1,0,Mass Affluent,10,Indiranagar Branch,Bengaluru,193100,73,53.4,Credit Card
4650,59,35,121,500097,1,4.3,1,0,0,0,0,1,0,Affluent,6,Secunderabad Branch,Hyderabad,473400,89,74.7,Fixed Deposit
4651,47,23,63,302069,1,0.8,3,0,0,0,0,1,0,Mass,5,C Scheme Branch,Jaipur,126800,69,39.8,Credit Card
4652,48,24,58,380014,2,1.7,1,0,0,0,0,0,0,Mass,3,Navrangpura Branch,Ahmedabad,106700,66,34.7,Credit Card
4653,38,12,184,400027,3,8.0,1,0,1,0,0,1,0,HNI,13,Andheri East Branch,Mumbai,1183600,67,80.6,Home Loan
4654,34,10,155,400061,2,6.5,1,0,0,0,0,1,1,HNI,3,Andheri East Branch,Mumbai,674100,71,71.1,Home Loan
4655,44,17,69,560055,3,2.67,2,0,0,0,0,0,0,Mass Affluent,2,Indiranagar Branch,Bengaluru,141200,64,39.2,Credit Card
4656,33,7,188,226099,2,7.0,2,581,1,0,0,0,0,HNI,2,Aliganj Branch,Lucknow,809100,59,66.8,Fixed Deposit
4657,47,21,38,160066,3,0.6,2,0,0,1,0,0,0,Mass,18,Sector 35 Branch,Chandigarh,153800,64,45.2,Life Insurance
4658,41,16,9,400065,2,0.3,2,0,0,0,0,0,1,Mass,7,Andheri East Branch,Mumbai,42100,42,17.3,Gold Loan
4659,36,11,69,600012,4,2.1,3,0,0,0,0,1,1,Mass Affluent,5,OMR Branch,Chennai,214900,64,48.0,Life Insurance
4660,28,4,199,110064,1,6.33,1,0,0,0,0,0,0,HNI,4,Dwarka Branch,Delhi,811100,78,78.9,Home Loan
4661,59,35,38,411076,1,0.8,1,0,0,0,0,1,0,Mass,12,Viman Nagar Branch,Pune,87800,58,32.6,Life Insurance
4662,43,19,129,682097,1,5.0,1,0,0,1,0,1,0,Affluent,9,MG Road Kochi Branch,Kochi,683800,88,78.3,Fixed Deposit
4663,56,31,59,500043,2,1.9,2,0,0,0,0,1,0,Mass,19,Secunderabad Branch,Hyderabad,200800,65,55.5,Life Insurance
4664,28,3,115,400038,1,1.9,1,200,0,0,0,1,0,Affluent,6,Andheri East Branch,Mumbai,400200,73,65.9,Fixed Deposit
4665,62,37,83,600092,4,0.1,2,0,0,0,0,0,0,Mass Affluent,22,OMR Branch,Chennai,255700,77,68.5,Credit Card
4666,40,16,65,560020,2,3.2,1,0,0,0,0,1,0,Mass Affluent,11,Whitefield Branch,Bengaluru,204900,66,52.4,Credit Card
4667,34,9,72,302070,3,2.3,1,124,0,0,0,0,0,Mass Affluent,10,Malviya Nagar Branch,Jaipur,278200,63,56.4,Credit Card
4668,52,28,72,560051,1,1.6,3,0,0,0,0,1,0,Mass Affluent,18,Whitefield Branch,Bengaluru,247000,71,62.4,Credit Card
4669,40,14,63,160037,3,0.5,3,221,0,0,0,1,0,Mass Affluent,10,IT Park Branch,Chandigarh,208300,57,48.1,Credit Card
4670,27,1,64,110042,4,1.8,2,0,0,0,0,1,1,Mass Affluent,1,Connaught Place Branch,Delhi,171200,67,41.2,Home Loan
4671,52,26,194,110095,1,1.7,1,0,0,0,0,1,0,HNI,6,Connaught Place Branch,Delhi,665900,96,82.8,Home Loan
4672,39,14,104,560071,1,4.0,3,0,0,0,1,1,1,Affluent,13,Whitefield Branch,Bengaluru,653500,86,76.4,Personal Loan
4673,52,26,180,400027,1,1.7,1,550,0,0,0,1,0,HNI,3,Bandra West Branch,Mumbai,586000,83,73.0,Fixed Deposit
4674,50,23,18,110046,2,1.0,2,88,0,0,0,1,1,Mass,13,Dwarka Branch,Delhi,160100,38,34.1,Life Insurance
4675,40,14,93,411026,1,2.8,3,328,0,1,1,1,1,Affluent,8,Viman Nagar Branch,Pune,652600,87,68.9,Personal Loan
4676,35,11,32,400092,1,1.33,1,137,0,0,0,1,1,Mass,7,Andheri East Branch,Mumbai,176500,44,35.4,Gold Loan
4677,39,13,68,400034,3,2.1,1,0,0,1,0,1,0,Mass Affluent,6,Bandra West Branch,Mumbai,229000,69,51.0,Credit Card
4678,25,0,38,400063,2,1.6,3,0,0,0,0,0,0,Mass,2,Fort Branch,Mumbai,64800,53,22.6,Credit Card
4679,33,7,115,400064,1,2.7,2,283,0,0,0,1,0,Affluent,10,Fort Branch,Mumbai,508600,73,71.3,Fixed Deposit
4680,26,0,161,160001,2,7.2,1,0,0,0,0,0,0,HNI,5,Sector 17 Branch,Chandigarh,666200,71,75.1,Home Loan
4681,46,21,154,641004,2,2.8,1,94,0,0,0,0,0,Affluent,11,Peelamedu Branch,Coimbatore,708400,86,80.1,Fixed Deposit
4682,27,3,68,400092,4,0.0,1,0,0,0,0,0,1,Mass,2,Fort Branch,Mumbai,137700,64,37.1,Home Loan
4683,55,25,44,380059,3,1.0,3,0,0,0,0,1,0,Mass,8,Satellite Branch,Ahmedabad,84200,55,30.5,Life Insurance
4684,52,28,149,700038,2,0.4,1,0,0,0,0,0,0,Affluent,12,Park Street Branch,Kolkata,432500,85,77.5,Fixed Deposit
4685,59,34,103,395099,1,2.6,1,0,0,0,0,1,0,Mass Affluent,12,Adajan Branch,Surat,366100,79,71.5,Fixed Deposit
4686,63,39,41,560002,4,1.3,2,0,0,0,0,1,0,Mass,11,Indiranagar Branch,Bengaluru,99600,60,34.9,Life Insurance
4687,61,35,113,110066,2,2.8,1,0,0,0,0,0,0,Affluent,19,Karol Bagh Branch,Delhi,493500,82,80.8,Fixed Deposit
4688,58,34,48,500013,4,1.3,2,0,0,0,0,1,1,Mass,14,Banjara Hills Branch,Hyderabad,183600,65,48.4,Life Insurance
4689,29,3,69,226043,4,1.8,2,0,0,0,0,1,1,Mass Affluent,2,Hazratganj Branch,Lucknow,181500,61,42.0,Auto Loan
4690,51,27,43,700018,4,1.1,2,164,0,0,0,1,1,Mass,21,Salt Lake Branch,Kolkata,292500,52,57.4,Life Insurance
4691,59,34,19,500042,1,0.3,3,0,0,0,0,1,0,Mass,7,Hitech City Branch,Hyderabad,27400,62,21.8,Life Insurance
4692,41,17,65,110085,3,2.1,3,0,0,0,0,1,0,Mass Affluent,10,Karol Bagh Branch,Delhi,182600,67,49.8,Credit Card
4693,59,35,32,700092,3,0.4,2,0,0,0,0,0,1,Mass,19,Salt Lake Branch,Kolkata,129000,59,40.9,Life Insurance
4694,52,28,20,226099,1,0.3,1,0,0,0,0,0,0,Mass,19,Hazratganj Branch,Lucknow,44600,58,29.7,Life Insurance
4695,39,13,25,560085,2,0.8,3,0,0,0,0,0,0,Mass,7,Indiranagar Branch,Bengaluru,36800,49,20.3,Life Insurance
4696,45,19,70,411006,1,2.8,1,0,0,0,0,0,1,Mass Affluent,12,Kothrud Branch,Pune,270800,63,56.8,Personal Loan
4697,59,35,70,560001,4,2.3,3,0,0,0,0,0,0,Mass Affluent,5,Indiranagar Branch,Bengaluru,170900,75,47.6,Credit Card
4698,49,22,103,500073,3,2.0,2,167,0,0,0,0,0,Affluent,13,Secunderabad Branch,Hyderabad,435000,74,71.1,Fixed Deposit
4699,48,22,162,500043,3,1.4,1,400,1,0,0,0,0,Affluent,20,Hitech City Branch,Hyderabad,799800,73,80.6,Fixed Deposit
4700,61,36,61,380001,2,2.8,1,153,0,0,0,0,1,Mass Affluent,13,Maninagar Branch,Ahmedabad,346200,58,58.6,Life Insurance
4701,31,7,170,440050,1,6.0,1,0,0,0,0,1,0,HNI,5,Sitabuldi Branch,Nagpur,733400,81,78.7,Home Loan
4702,42,16,49,560065,1,2.8,1,0,0,0,0,0,0,Mass,2,Whitefield Branch,Bengaluru,92300,53,28.0,Home Loan
4703,35,5,108,560041,2,2.75,3,0,1,1,0,0,0,Affluent,8,Koramangala Branch,Bengaluru,437400,75,66.2,Fixed Deposit
4704,57,27,62,560096,3,2.0,3,0,0,0,0,1,0,Mass Affluent,14,Whitefield Branch,Bengaluru,191200,71,53.6,Credit Card
4705,54,28,102,400070,3,1.7,2,0,0,0,0,1,0,Mass Affluent,18,Fort Branch,Mumbai,397700,81,76.7,Fixed Deposit
4706,61,37,141,110018,3,0.7,1,0,1,0,1,1,1,Affluent,18,Dwarka Branch,Delhi,752200,86,79.1,Mutual Funds
4707,60,36,8,400027,2,1.0,1,0,0,0,0,0,0,Mass,16,Fort Branch,Mumbai,17900,41,20.3,Life Insurance
4708,59,35,91,560045,2,1.6,1,0,0,1,0,0,1,Mass Affluent,27,Koramangala Branch,Bengaluru,608000,88,82.8,Life Insurance
4709,62,37,10,110087,3,0.5,1,0,0,0,0,1,0,Mass,23,Connaught Place Branch,Delhi,18800,47,26.3,Life Insurance
4710,26,1,35,560057,2,1.7,2,119,0,0,0,0,1,Mass,3,Koramangala Branch,Bengaluru,155400,44,30.5,Auto Loan
4711,41,17,71,380014,3,0.3,3,0,0,0,0,0,1,Mass,16,Navrangpura Branch,Ahmedabad,242900,74,59.7,Life Insurance
4712,65,40,59,110041,3,2.4,1,0,0,0,0,0,0,Mass Affluent,12,Connaught Place Branch,Delhi,161200,63,46.2,Life Insurance
4713,25,0,14,600035,2,0.9,3,0,0,0,0,0,1,Mass,2,OMR Branch,Chennai,41300,42,14.5,Gold Loan
4714,25,1,122,160017,2,0.2,1,0,0,0,0,1,0,Affluent,2,IT Park Branch,Chandigarh,248600,77,58.5,Fixed Deposit
4715,27,3,81,600078,3,1.5,1,307,0,1,1,1,1,Affluent,3,T Nagar Branch,Chennai,418000,77,58.0,Auto Loan
4716,65,39,35,110076,1,0.5,3,150,0,0,0,1,0,Mass,23,Connaught Place Branch,Delhi,209200,61,53.7,Life Insurance
4717,60,34,83,560024,2,1.4,1,75,0,1,0,1,0,Mass Affluent,12,Koramangala Branch,Bengaluru,452600,86,70.6,Credit Card
4718,29,5,121,600083,1,1.5,1,0,0,0,0,1,0,Affluent,4,Anna Nagar Branch,Chennai,304100,73,62.8,Fixed Deposit
4719,32,6,35,500026,3,1.0,1,0,0,1,0,1,0,Mass,7,Banjara Hills Branch,Hyderabad,110800,57,31.5,Credit Card
4720,32,8,140,400064,4,6.6,3,0,1,0,1,0,1,HNI,8,Fort Branch,Mumbai,806200,64,68.1,Mutual Funds
4721,41,15,88,500068,1,2.8,3,0,0,1,0,0,0,Affluent,7,Hitech City Branch,Hyderabad,314400,78,62.5,Credit Card
4722,52,26,70,600005,2,1.1,1,0,0,1,0,1,0,Mass Affluent,9,Anna Nagar Branch,Chennai,244300,78,56.5,Credit Card
4723,40,16,63,110089,1,1.5,3,0,0,0,0,0,0,Mass,5,Connaught Place Branch,Delhi,128300,68,39.8,Credit Card
4724,39,15,125,600060,1,3.5,1,0,0,0,0,1,1,Affluent,14,T Nagar Branch,Chennai,625500,76,77.2,Fixed Deposit
4725,34,8,21,400059,4,1.0,1,0,0,0,0,0,0,Mass,5,Andheri East Branch,Mumbai,26800,38,14.8,Gold Loan
4726,34,8,75,560006,2,1.8,1,0,0,0,0,0,0,Mass Affluent,5,Koramangala Branch,Bengaluru,168600,71,47.0,Credit Card
4727,34,10,38,380030,1,1.33,1,0,0,1,0,1,0,Mass,7,Maninagar Branch,Ahmedabad,134700,69,37.5,Credit Card
4728,41,17,58,110084,4,2.67,1,0,0,0,0,1,1,Mass Affluent,5,Dwarka Branch,Delhi,190800,55,42.2,Life Insurance
4729,59,35,31,600016,3,0.4,2,0,0,0,0,1,0,Mass,26,T Nagar Branch,Chennai,86900,62,40.4,Life Insurance
4730,40,14,18,560019,4,1.5,3,0,0,0,0,0,0,Mass,8,Koramangala Branch,Bengaluru,30300,35,15.7,Gold Loan
4731,52,27,29,560061,1,1.5,2,159,0,0,0,0,1,Mass,22,Koramangala Branch,Bengaluru,231600,42,49.2,Life Insurance
4732,37,11,29,682005,2,1.4,3,0,0,0,0,1,1,Mass,6,Kakkanad Branch,Kochi,86600,45,23.9,Home Loan
4733,39,13,69,560026,3,0.1,1,247,0,0,0,0,0,Mass Affluent,14,Indiranagar Branch,Bengaluru,214600,56,51.4,Credit Card
4734,49,23,121,110009,1,4.9,1,0,0,0,0,1,0,Affluent,11,Connaught Place Branch,Delhi,540600,78,76.5,Fixed Deposit
4735,63,39,64,682008,1,1.8,3,147,0,0,0,1,1,Mass Affluent,14,Kakkanad Branch,Kochi,378900,66,62.9,Life Insurance
4736,34,9,84,700079,4,2.2,2,323,0,0,0,1,0,Mass Affluent,9,Park Street Branch,Kolkata,331200,65,61.2,Credit Card
4737,51,25,65,411041,3,0.7,2,0,0,0,0,0,0,Mass,23,Kothrud Branch,Pune,208900,78,63.0,Credit Card
4738,61,36,85,400035,3,1.8,2,0,0,0,0,0,0,Mass Affluent,12,Fort Branch,Mumbai,263300,83,65.1,Credit Card
4739,56,32,44,400014,3,1.5,1,153,0,0,0,1,0,Mass,19,Bandra West Branch,Mumbai,237100,54,53.5,Life Insurance
4740,62,38,174,411084,1,4.7,1,0,0,0,0,1,1,HNI,10,Viman Nagar Branch,Pune,917700,85,81.8,Home Loan
4741,56,30,178,110023,1,2.9,1,0,0,0,0,1,0,HNI,19,Connaught Place Branch,Delhi,958600,92,92.1,Home Loan
4742,58,32,55,110012,4,2.5,1,0,0,0,0,1,0,Mass,18,Connaught Place Branch,Delhi,181200,58,50.8,Life Insurance
4743,58,33,25,380056,4,0.9,2,90,0,0,0,1,1,Mass,9,Navrangpura Branch,Ahmedabad,170900,49,36.5,Life Insurance
4744,50,26,21,110021,1,0.2,1,0,0,0,0,1,0,Mass,14,Connaught Place Branch,Delhi,44200,66,28.9,Credit Card
4745,44,20,72,400036,3,0.3,3,0,0,0,0,1,0,Mass Affluent,7,Fort Branch,Mumbai,156400,74,46.9,Credit Card
4746,49,23,129,400058,1,0.3,1,0,0,0,0,1,1,Affluent,11,Fort Branch,Mumbai,447800,89,74.9,Fixed Deposit
4747,31,7,18,560091,1,0.4,3,0,0,0,0,1,0,Mass,4,Whitefield Branch,Bengaluru,25000,53,17.4,Credit Card
4748,49,25,91,600048,4,1.4,2,0,0,0,0,1,0,Mass Affluent,2,Anna Nagar Branch,Chennai,197600,75,51.6,Credit Card
4749,43,18,38,226038,1,0.5,3,144,0,0,0,1,0,Mass,11,Aliganj Branch,Lucknow,153800,57,39.2,Credit Card
4750,31,5,21,400068,3,1.0,1,0,0,0,0,1,0,Mass,3,Andheri East Branch,Mumbai,24900,38,13.5,Gold Loan
4751,66,41,38,110026,1,1.1,3,0,0,0,0,0,1,Mass,10,Connaught Place Branch,Delhi,133800,67,38.6,Life Insurance
4752,41,17,154,500035,1,1.7,1,0,0,0,0,0,1,Affluent,12,Secunderabad Branch,Hyderabad,582300,81,77.3,Home Loan
4753,39,14,178,560039,1,4.1,1,207,0,0,0,1,0,HNI,6,Indiranagar Branch,Bengaluru,818100,84,78.3,Fixed Deposit
4754,46,21,85,500087,1,0.2,2,0,0,1,1,1,1,Affluent,9,Secunderabad Branch,Hyderabad,414700,98,68.9,Home Loan
4755,57,33,93,452084,2,1.6,1,161,0,0,0,0,0,Mass Affluent,24,MG Road Branch,Indore,507000,77,79.7,Credit Card
4756,59,35,151,600033,2,6.0,1,0,0,0,0,1,0,Affluent,5,T Nagar Branch,Chennai,640200,81,76.8,Home Loan
4757,30,4,78,560026,4,2.2,2,236,0,1,0,0,0,Mass Affluent,5,Whitefield Branch,Bengaluru,324400,68,56.5,Credit Card
4758,26,2,135,395095,1,1.5,1,0,0,0,0,0,0,Affluent,2,Vesu Branch,Surat,295400,76,62.5,Fixed Deposit
4759,46,21,40,400005,1,0.3,1,116,0,0,0,0,0,Mass,15,Bandra West Branch,Mumbai,162200,60,43.8,Credit Card
4760,66,41,80,452098,4,0.1,2,0,0,0,0,1,0,Mass Affluent,8,Palasia Branch,Indore,180000,76,52.1,Credit Card
4761,50,25,18,500013,2,0.0,1,0,0,0,0,0,1,Mass,9,Banjara Hills Branch,Hyderabad,64700,53,23.8,Life Insurance
4762,61,35,74,500029,2,0.7,2,0,0,0,0,1,1,Mass Affluent,9,Hitech City Branch,Hyderabad,247400,78,57.3,Life Insurance
4763,37,7,94,682064,4,1.8,3,232,0,0,0,1,0,Mass Affluent,12,Kakkanad Branch,Kochi,409200,71,68.4,Credit Card
4764,51,25,173,500057,1,0.5,2,0,1,0,0,1,0,Affluent,16,Secunderabad Branch,Hyderabad,662600,77,80.6,Home Loan
4765,56,32,88,560043,4,1.0,2,0,0,0,0,1,1,Mass Affluent,11,Whitefield Branch,Bengaluru,308200,73,63.2,Life Insurance
4766,58,34,82,110071,1,4.3,1,263,0,0,0,0,0,Mass Affluent,24,Connaught Place Branch,Delhi,584700,71,78.7,Credit Card
4767,41,15,54,411074,3,2.1,1,0,0,0,0,1,0,Mass,2,Kothrud Branch,Pune,106900,57,31.6,Life Insurance
4768,35,9,45,600009,3,0.9,1,101,0,1,0,0,0,Mass,2,T Nagar Branch,Chennai,173600,69,39.6,Life Insurance
4769,38,14,39,110034,1,2.0,2,0,0,0,0,1,0,Mass,9,Dwarka Branch,Delhi,85300,53,29.5,Credit Card
4770,26,2,20,700096,4,1.0,1,116,0,0,0,0,0,Mass,2,Salt Lake Branch,Kolkata,67700,32,15.0,Credit Card
4771,35,5,93,411033,4,1.8,3,0,0,0,0,0,1,Mass Affluent,6,Viman Nagar Branch,Pune,264200,70,56.7,Home Loan
4772,36,11,85,560024,3,1.2,3,0,0,0,0,1,0,Mass Affluent,14,Koramangala Branch,Bengaluru,268500,74,64.4,Credit Card
4773,26,2,95,400018,3,0.8,1,0,0,0,0,1,0,Mass Affluent,3,Andheri East Branch,Mumbai,215400,84,56.6,Credit Card
4774,53,28,48,560079,2,1.9,2,0,0,0,0,1,0,Mass,22,Koramangala Branch,Bengaluru,151100,60,48.8,Life Insurance
4775,56,32,22,400007,1,1.2,3,0,0,0,0,1,1,Mass,16,Bandra West Branch,Mumbai,117300,55,35.6,Life Insurance
4776,44,14,33,400015,1,0.75,3,171,0,0,0,0,0,Mass,11,Andheri East Branch,Mumbai,132000,51,34.5,Gold Loan
4777,47,23,40,560032,2,2.1,3,156,0,0,0,1,0,Mass,13,Indiranagar Branch,Bengaluru,206800,53,46.1,Credit Card
4778,32,8,30,400012,4,0.4,2,78,0,0,0,1,0,Mass,4,Bandra West Branch,Mumbai,96600,41,23.1,Credit Card
4779,52,27,22,110017,4,0.8,1,0,0,0,0,1,1,Mass,28,Karol Bagh Branch,Delhi,134300,53,42.5,Life Insurance
4780,39,14,20,411090,1,0.6,3,0,0,0,0,1,0,Mass,14,Kothrud Branch,Pune,38000,52,24.5,Credit Card
4781,47,20,49,560027,3,2.5,2,0,0,0,0,1,0,Mass,19,Indiranagar Branch,Bengaluru,153700,55,46.2,Life Insurance
4782,35,9,25,395028,3,0.1,2,0,0,1,0,1,0,Mass,9,Ring Road Branch,Surat,86800,63,29.9,Credit Card
4783,26,0,150,682005,2,7.2,1,0,0,0,0,0,1,HNI,1,Kakkanad Branch,Kochi,608300,73,69.1,Fixed Deposit
4784,43,19,32,600050,4,0.3,1,0,0,0,0,0,0,Mass,10,Anna Nagar Branch,Chennai,52600,51,25.0,Life Insurance
4785,52,28,9,440091,2,0.2,1,0,0,0,0,0,0,Mass,15,Sitabuldi Branch,Nagpur,18300,44,20.6,Life Insurance
4786,30,5,23,226059,2,0.9,3,0,0,1,0,1,0,Mass,5,Aliganj Branch,Lucknow,80600,59,25.4,Credit Card
4787,36,12,18,560070,4,1.0,1,0,0,0,0,1,1,Mass,3,Koramangala Branch,Bengaluru,53300,37,15.2,Gold Loan
4788,48,22,42,700044,3,0.6,2,121,0,0,0,1,0,Mass,17,Salt Lake Branch,Kolkata,201100,55,48.7,Credit Card
4789,36,10,39,400089,1,2.0,1,153,0,0,0,0,0,Mass,9,Andheri East Branch,Mumbai,150500,46,35.2,Credit Card
4790,58,34,84,411071,4,1.6,2,0,0,0,0,1,0,Mass Affluent,6,Hinjewadi Branch,Pune,220600,81,57.3,Credit Card
4791,35,11,101,500047,3,3.8,3,150,1,0,0,1,0,Affluent,11,Hitech City Branch,Hyderabad,521500,57,65.2,Fixed Deposit
4792,59,35,43,400089,4,0.4,1,0,0,0,0,0,1,Mass,13,Fort Branch,Mumbai,141400,65,41.9,Life Insurance
4793,36,10,28,110055,4,1.0,1,130,0,0,0,1,0,Mass,9,Dwarka Branch,Delhi,114500,38,27.3,Gold Loan
4794,45,21,59,641094,2,2.5,1,155,0,0,0,1,0,Mass Affluent,17,RS Puram Branch,Coimbatore,302100,55,59.0,Credit Card
4795,56,30,29,560064,4,1.5,3,146,0,0,0,0,0,Mass,4,Whitefield Branch,Bengaluru,106400,44,25.0,Life Insurance
4796,46,21,39,110032,2,1.3,1,101,0,0,0,1,0,Mass,19,Karol Bagh Branch,Delhi,219300,57,51.8,Credit Card
4797,26,0,42,110002,4,1.3,3,0,0,1,0,0,0,Mass,3,Dwarka Branch,Delhi,107800,56,29.4,Credit Card
4798,37,11,24,500071,4,1.0,1,0,0,0,0,0,0,Mass,8,Banjara Hills Branch,Hyderabad,37100,43,19.3,Life Insurance
4799,44,20,62,302080,3,0.3,3,0,0,0,0,0,1,Mass,21,Vaishali Nagar Branch,Jaipur,240800,69,60.5,Home Loan
4800,44,20,33,380036,4,0.3,1,142,0,0,0,0,1,Mass,20,Navrangpura Branch,Ahmedabad,214200,51,49.1,Life Insurance
4801,33,7,73,560080,1,2.5,1,135,0,0,0,0,0,Mass Affluent,11,Whitefield Branch,Bengaluru,314300,69,61.1,Credit Card
4802,34,10,88,110083,2,0.0,1,121,0,0,0,1,0,Mass Affluent,5,Karol Bagh Branch,Delhi,244700,74,55.0,Credit Card
4803,35,11,58,400027,3,2.8,1,0,0,0,0,1,0,Mass Affluent,9,Andheri East Branch,Mumbai,148800,56,41.0,Credit Card
4804,48,24,48,500037,2,2.1,3,0,0,0,0,1,0,Mass,21,Hitech City Branch,Hyderabad,160600,59,49.1,Credit Card
4805,58,32,40,302026,1,2.8,2,0,0,0,0,0,0,Mass,13,Malviya Nagar Branch,Jaipur,96200,52,33.3,Life Insurance
4806,30,6,160,700053,1,4.3,1,249,0,0,0,1,0,HNI,4,Salt Lake Branch,Kolkata,650700,72,71.7,Fixed Deposit
4807,62,37,39,560046,3,1.5,1,0,0,0,0,1,0,Mass,28,Whitefield Branch,Bengaluru,140400,58,47.2,Life Insurance
4808,40,14,53,600025,1,2.0,1,0,0,0,0,1,1,Mass,8,OMR Branch,Chennai,184600,63,44.9,Home Loan
4809,42,16,32,560030,3,0.5,2,0,0,0,0,0,1,Mass,9,Whitefield Branch,Bengaluru,90500,54,29.0,Gold Loan
4810,43,19,32,600082,3,0.6,2,0,0,0,0,0,0,Mass,10,OMR Branch,Chennai,52900,54,25.8,Life Insurance
4811,58,34,11,500033,2,0.3,1,96,0,0,0,1,0,Mass,13,Banjara Hills Branch,Hyderabad,87300,43,26.1,Life Insurance
4812,36,12,123,411077,2,3.0,3,0,1,0,0,0,0,Affluent,5,Viman Nagar Branch,Pune,381000,67,63.4,Fixed Deposit
4813,29,4,184,500047,4,2.2,3,612,1,0,0,1,0,HNI,3,Secunderabad Branch,Hyderabad,614300,68,67.0,Fixed Deposit
4814,49,23,60,452012,3,0.7,2,142,0,0,0,1,1,Mass,15,Vijay Nagar Branch,Indore,322700,66,60.6,Life Insurance
4815,60,34,41,560058,3,2.2,3,0,0,0,0,0,1,Mass,10,Whitefield Branch,Bengaluru,146000,57,38.2,Life Insurance
4816,58,32,99,400062,2,1.4,1,0,0,0,0,0,1,Mass Affluent,11,Andheri East Branch,Mumbai,346900,82,68.2,Life Insurance
4817,50,24,83,110098,3,3.0,2,0,0,0,0,0,1,Mass Affluent,16,Connaught Place Branch,Delhi,396000,75,70.4,Home Loan
4818,46,22,134,500045,2,3.3,1,0,0,0,0,0,0,Affluent,13,Banjara Hills Branch,Hyderabad,550100,83,79.8,Fixed Deposit
4819,45,19,85,600081,2,1.7,2,0,0,0,0,1,0,Mass Affluent,4,OMR Branch,Chennai,198600,76,52.7,Credit Card
4820,32,6,41,600003,3,0.9,1,179,0,0,0,0,0,Mass,9,Anna Nagar Branch,Chennai,140200,44,33.7,Gold Loan
4821,42,17,44,700042,1,0.3,3,0,0,1,1,1,1,Mass Affluent,10,Salt Lake Branch,Kolkata,279200,84,57.0,Home Loan
4822,30,6,62,110018,1,0.1,1,0,0,0,0,1,1,Mass,6,Connaught Place Branch,Delhi,167500,67,43.4,Mutual Funds
4823,60,36,149,411035,1,4.7,1,0,0,0,0,1,0,Affluent,16,Hinjewadi Branch,Pune,808800,85,86.5,Fixed Deposit
4824,46,21,115,700046,2,4.2,3,0,1,1,1,1,1,Affluent,17,Howrah Branch,Kolkata,964000,78,75.5,Home Loan
4825,32,6,25,560087,3,1.0,1,0,0,0,0,1,0,Mass,6,Whitefield Branch,Bengaluru,38400,51,20.4,Credit Card
4826,56,32,84,560075,2,1.6,1,0,0,0,0,1,0,Mass Affluent,8,Indiranagar Branch,Bengaluru,223400,70,55.9,Credit Card
4827,56,31,81,110009,2,0.0,3,225,0,0,0,0,0,Mass Affluent,18,Dwarka Branch,Delhi,325300,80,69.5,Credit Card
4828,30,6,181,560091,1,4.3,1,230,0,0,0,1,0,HNI,1,Indiranagar Branch,Bengaluru,690000,81,73.2,Fixed Deposit
4829,52,28,62,380074,1,1.8,3,0,0,0,0,1,0,Mass,23,Satellite Branch,Ahmedabad,224200,63,60.4,Credit Card
4830,31,7,11,682013,1,0.5,3,80,0,0,0,1,1,Mass,7,MG Road Kochi Branch,Kochi,127300,44,27.6,Gold Loan
4831,37,12,60,600032,4,2.1,3,217,0,0,0,1,0,Mass Affluent,9,T Nagar Branch,Chennai,238900,56,49.7,Life Insurance
4832,30,6,42,110048,1,2.1,3,144,0,0,0,0,1,Mass,7,Connaught Place Branch,Delhi,195900,42,38.1,Personal Loan
4833,29,4,83,411034,4,2.2,2,0,0,0,0,1,1,Mass Affluent,5,Viman Nagar Branch,Pune,261300,66,54.1,Home Loan
4834,49,24,109,700017,1,0.6,1,0,0,0,0,0,0,Mass Affluent,27,Park Street Branch,Kolkata,439700,84,83.4,Fixed Deposit
4835,49,23,70,560077,1,0.3,1,217,0,0,0,0,0,Mass Affluent,17,Whitefield Branch,Bengaluru,281500,75,63.7,Credit Card
4836,65,39,25,302011,2,0.4,1,113,0,0,0,1,0,Mass,28,Vaishali Nagar Branch,Jaipur,190200,53,49.9,Life Insurance
4837,54,24,72,400071,3,1.4,3,218,0,0,0,0,1,Mass Affluent,15,Andheri East Branch,Mumbai,346100,58,60.6,Life Insurance
4838,36,10,183,400087,2,0.0,1,0,0,0,0,0,0,Affluent,3,Fort Branch,Mumbai,389800,91,73.0,Home Loan
4839,56,30,44,400031,4,2.5,1,0,0,0,0,0,1,Mass,22,Andheri East Branch,Mumbai,219100,56,54.3,Life Insurance
4840,34,8,52,110025,4,0.2,1,0,0,0,0,1,0,Mass,2,Connaught Place Branch,Delhi,84600,54,27.6,Life Insurance
4841,33,9,18,160095,4,0.4,2,0,0,0,0,1,0,Mass,7,Sector 17 Branch,Chandigarh,23100,44,16.7,Credit Card
4842,59,35,40,560068,4,0.4,1,135,0,0,0,1,0,Mass,26,Indiranagar Branch,Bengaluru,236800,59,57.5,Life Insurance
4843,49,23,174,110095,3,4.6,2,590,1,0,0,0,0,HNI,5,Karol Bagh Branch,Delhi,745100,68,69.9,Fixed Deposit
4844,61,34,41,560079,4,2.5,2,0,0,0,0,1,0,Mass,21,Koramangala Branch,Bengaluru,126400,50,41.5,Life Insurance
4845,31,6,81,560074,2,2.5,1,313,0,0,0,0,0,Mass Affluent,3,Whitefield Branch,Bengaluru,246500,61,50.0,Credit Card
4846,45,21,128,560096,1,4.7,1,0,0,0,0,0,0,Affluent,2,Koramangala Branch,Bengaluru,386200,77,66.9,Fixed Deposit
4847,35,10,135,400093,3,4.8,2,0,1,0,0,1,0,Affluent,10,Andheri East Branch,Mumbai,612500,66,72.4,Fixed Deposit
4848,37,11,65,411085,2,2.4,2,260,0,0,0,1,0,Mass Affluent,10,Viman Nagar Branch,Pune,280700,61,55.6,Credit Card
4849,58,32,145,400089,2,0.5,1,119,0,0,0,1,0,Affluent,7,Andheri East Branch,Mumbai,477700,81,71.8,Fixed Deposit
4850,49,25,65,380036,2,1.0,3,0,0,0,0,1,1,Mass,27,Navrangpura Branch,Ahmedabad,340300,71,70.8,Life Insurance
4851,63,39,119,110010,1,2.9,1,0,0,1,0,1,0,Affluent,24,Connaught Place Branch,Delhi,799900,94,89.7,Fixed Deposit
4852,55,31,124,700039,2,0.3,1,0,0,0,0,1,0,Affluent,14,Park Street Branch,Kolkata,404100,87,77.1,Fixed Deposit
4853,38,12,33,380036,4,1.5,3,0,0,1,0,0,1,Mass,6,Satellite Branch,Ahmedabad,138900,53,32.4,Home Loan
4854,45,19,41,400054,1,0.2,1,0,0,0,0,1,0,Mass,11,Andheri East Branch,Mumbai,93300,68,36.0,Credit Card
4855,44,20,105,400034,1,4.7,1,0,0,0,0,0,1,Affluent,4,Bandra West Branch,Mumbai,399600,78,65.4,Fixed Deposit
4856,58,32,130,641065,2,2.7,1,0,0,0,0,1,0,Affluent,10,Peelamedu Branch,Coimbatore,487000,83,76.3,Fixed Deposit
4857,56,31,80,500097,4,1.3,3,0,0,0,0,1,0,Mass Affluent,6,Hitech City Branch,Hyderabad,199100,74,52.4,Credit Card
4858,37,13,115,411070,1,0.8,2,0,0,0,0,1,1,Affluent,2,Viman Nagar Branch,Pune,299300,83,61.1,Fixed Deposit
4859,50,24,62,400017,2,0.8,3,0,0,0,0,1,0,Mass,8,Bandra West Branch,Mumbai,141700,73,44.4,Credit Card
4860,34,8,165,110064,1,7.0,3,541,1,0,0,0,0,HNI,7,Connaught Place Branch,Delhi,869600,60,70.3,Fixed Deposit
4861,51,25,34,500083,3,0.6,2,128,0,0,0,1,0,Mass,7,Secunderabad Branch,Hyderabad,127800,49,31.3,Life Insurance
4862,49,24,18,160046,1,0.4,3,121,0,0,0,1,0,Mass,3,Sector 17 Branch,Chandigarh,76700,49,20.6,Credit Card
4863,33,7,44,110025,1,0.3,1,0,0,0,0,0,0,Mass,4,Connaught Place Branch,Delhi,63900,59,26.6,Credit Card
4864,61,35,25,380042,1,0.8,2,142,0,0,0,1,0,Mass,5,Satellite Branch,Ahmedabad,99700,46,25.0,Life Insurance
4865,41,16,52,411066,2,2.2,3,0,0,0,0,1,0,Mass,10,Kothrud Branch,Pune,124300,56,37.8,Home Loan
4866,50,24,133,400011,4,1.4,2,342,1,0,0,0,1,Affluent,20,Andheri East Branch,Mumbai,733800,71,76.2,Fixed Deposit
4867,41,17,71,110083,2,3.2,1,0,0,0,0,1,1,Mass Affluent,10,Karol Bagh Branch,Delhi,300400,69,59.4,Home Loan
4868,38,12,61,110010,4,0.2,3,0,0,0,0,1,0,Mass,9,Karol Bagh Branch,Delhi,125900,63,40.3,Credit Card
4869,51,27,62,560079,2,3.2,3,118,0,0,0,0,1,Mass Affluent,13,Indiranagar Branch,Bengaluru,369000,61,60.5,Life Insurance
4870,63,39,33,411044,3,0.1,3,0,0,0,0,0,1,Mass,27,Kothrud Branch,Pune,155900,63,48.9,Life Insurance
4871,55,30,28,560052,2,2.0,2,0,0,0,0,1,1,Mass,16,Koramangala Branch,Bengaluru,129300,46,35.3,Life Insurance
4872,46,22,53,110076,4,1.9,1,187,0,0,0,0,0,Mass,11,Dwarka Branch,Delhi,212700,53,47.1,Life Insurance
4873,27,3,69,411006,3,0.7,2,0,0,0,0,1,1,Mass Affluent,2,Viman Nagar Branch,Pune,163700,66,40.9,Auto Loan
4874,59,35,165,600015,2,6.0,1,0,0,0,0,1,0,HNI,14,OMR Branch,Chennai,952900,82,86.3,Home Loan
4875,26,0,75,500061,3,0.3,3,0,0,0,0,0,0,Mass Affluent,3,Secunderabad Branch,Hyderabad,115500,66,38.0,Credit Card
4876,61,36,54,600089,3,1.5,1,0,0,0,0,1,0,Mass,12,T Nagar Branch,Chennai,143000,65,43.9,Life Insurance
4877,44,19,142,110065,1,1.5,3,0,1,0,0,0,0,Affluent,10,Dwarka Branch,Delhi,460600,74,71.4,Fixed Deposit
4878,53,29,53,411068,4,0.1,3,0,0,0,0,0,0,Mass,12,Viman Nagar Branch,Pune,103400,62,38.3,Life Insurance
4879,34,9,41,560055,1,1.0,1,0,0,0,0,1,0,Mass,5,Koramangala Branch,Bengaluru,70300,57,26.7,Credit Card
4880,40,15,43,560076,4,1.7,1,98,0,0,0,0,0,Mass,11,Indiranagar Branch,Bengaluru,166800,46,39.1,Life Insurance
4881,56,32,79,400007,3,2.67,1,0,0,0,0,1,0,Mass Affluent,13,Bandra West Branch,Mumbai,269100,69,61.4,Credit Card
4882,57,32,24,600096,2,0.2,3,140,0,0,0,1,0,Mass,21,Anna Nagar Branch,Chennai,152000,55,43.1,Life Insurance
4883,43,19,73,600002,3,2.33,1,0,0,1,1,1,1,Affluent,19,Anna Nagar Branch,Chennai,589000,83,74.5,Life Insurance
4884,38,13,129,560074,3,4.1,3,0,1,0,1,1,1,Affluent,10,Indiranagar Branch,Bengaluru,772300,79,72.5,Mutual Funds
4885,60,34,50,226086,3,2.2,3,0,0,0,0,1,1,Mass,4,Aliganj Branch,Lucknow,154300,61,37.8,Life Insurance
4886,54,30,28,226054,2,0.8,1,0,0,0,0,1,0,Mass,9,Gomti Nagar Branch,Lucknow,51200,58,25.3,Life Insurance
4887,51,26,64,400003,4,1.8,3,0,0,0,0,0,0,Mass Affluent,7,Andheri East Branch,Mumbai,145000,68,43.2,Credit Card
4888,41,15,49,411055,3,0.9,3,0,0,0,1,1,1,Mass,10,Viman Nagar Branch,Pune,234600,68,50.7,Life Insurance
4889,25,1,121,560029,1,5.4,1,158,0,0,0,1,0,Affluent,2,Indiranagar Branch,Bengaluru,483900,66,64.3,Fixed Deposit
4890,58,28,58,395087,3,2.0,3,0,0,0,0,1,0,Mass,15,Vesu Branch,Surat,170900,63,49.1,Life Insurance
4891,61,35,51,110061,3,1.4,3,0,0,0,0,1,0,Mass,18,Karol Bagh Branch,Delhi,150000,63,47.5,Life Insurance
4892,56,31,61,110048,4,0.9,1,0,0,1,1,1,1,Mass Affluent,6,Connaught Place Branch,Delhi,301900,82,56.5,Life Insurance
4893,43,19,35,560085,1,0.3,3,120,0,1,0,1,0,Mass,12,Whitefield Branch,Bengaluru,209600,65,47.5,Credit Card
4894,42,12,39,110071,3,2.0,3,0,0,1,1,1,1,Mass Affluent,14,Dwarka Branch,Delhi,308800,61,55.2,Personal Loan
4895,48,22,74,411088,1,1.4,3,0,0,1,0,0,0,Mass Affluent,7,Kothrud Branch,Pune,230100,78,54.6,Credit Card
4896,45,20,201,500007,2,2.8,1,0,0,0,0,1,1,HNI,3,Hitech City Branch,Hyderabad,708200,84,75.7,Home Loan
4897,40,15,81,110009,2,0.4,1,0,0,0,0,1,0,Mass Affluent,3,Connaught Place Branch,Delhi,159900,73,45.8,Credit Card
4898,43,18,44,500083,1,2.4,1,0,0,0,0,0,0,Mass,7,Hitech City Branch,Hyderabad,85200,54,29.7,Credit Card
4899,52,26,19,160096,1,1.4,3,96,0,0,0,1,0,Mass,26,Sector 17 Branch,Chandigarh,157000,37,40.9,Life Insurance
4900,54,29,85,380063,4,1.3,3,299,0,0,0,1,0,Mass Affluent,11,Navrangpura Branch,Ahmedabad,341700,73,65.0,Credit Card
4901,26,1,74,500011,4,2.2,1,0,0,0,0,1,0,Mass Affluent,2,Secunderabad Branch,Hyderabad,142200,61,39.2,Credit Card
4902,26,0,54,110008,3,1.1,2,0,0,0,0,1,0,Mass,1,Connaught Place Branch,Delhi,86500,58,28.5,Credit Card
4903,33,8,58,110074,2,2.5,1,0,0,0,0,1,0,Mass Affluent,9,Dwarka Branch,Delhi,148600,55,40.7,Credit Card
4904,40,15,18,160061,2,0.1,2,119,0,0,0,1,1,Mass,14,Sector 35 Branch,Chandigarh,154300,44,35.4,Life Insurance
4905,64,40,88,700088,1,3.8,1,243,0,0,0,1,1,Affluent,27,Park Street Branch,Kolkata,829500,79,83.3,Life Insurance
4906,62,37,19,600014,3,0.5,1,89,0,0,0,0,0,Mass,16,Anna Nagar Branch,Chennai,108200,45,31.6,Life Insurance
4907,54,28,49,160070,1,2.2,3,128,0,0,0,0,0,Mass,14,Sector 35 Branch,Chandigarh,219100,52,48.9,Life Insurance
4908,34,9,101,400007,3,0.6,2,0,0,0,0,0,0,Mass Affluent,3,Bandra West Branch,Mumbai,199600,78,53.8,Fixed Deposit
4909,40,16,138,411001,2,6.1,1,0,0,0,0,1,0,Affluent,16,Kothrud Branch,Pune,774300,74,83.0,Fixed Deposit
4910,41,16,25,110071,2,0.1,2,0,0,0,0,0,1,Mass,3,Dwarka Branch,Delhi,66500,56,22.1,Home Loan
4911,48,22,120,400030,1,0.0,1,0,0,0,0,1,0,Affluent,21,Bandra West Branch,Mumbai,432600,84,81.5,Fixed Deposit
4912,46,22,153,500078,2,7.5,1,0,0,0,0,0,0,HNI,8,Hitech City Branch,Hyderabad,760300,80,80.1,Home Loan
4913,51,26,28,560067,1,1.3,2,94,0,1,0,1,0,Mass,16,Koramangala Branch,Bengaluru,234700,57,49.5,Life Insurance
4914,30,4,110,452088,1,2.9,3,0,0,0,0,1,0,Affluent,4,Palasia Branch,Indore,305100,73,62.2,Fixed Deposit
4915,65,39,94,560017,1,2.0,1,0,0,0,0,0,1,Mass Affluent,14,Whitefield Branch,Bengaluru,394400,85,72.5,Life Insurance
4916,49,24,48,302031,1,1.3,2,0,0,0,0,0,1,Mass,21,Vaishali Nagar Branch,Jaipur,203600,57,52.6,Personal Loan
4917,29,5,123,700042,2,0.6,1,0,0,0,0,1,0,Affluent,0,Howrah Branch,Kolkata,232700,75,55.5,Fixed Deposit
4918,36,10,33,411059,4,1.2,2,82,0,1,0,1,0,Mass,5,Viman Nagar Branch,Pune,154100,50,32.8,Credit Card
4919,50,25,42,682096,2,0.7,2,110,0,0,0,0,1,Mass,5,Edappally Branch,Kochi,168000,54,36.6,Gold Loan
4920,41,16,68,560031,3,3.0,1,0,0,0,0,1,1,Mass Affluent,3,Koramangala Branch,Bengaluru,213300,61,45.8,Home Loan
4921,42,16,28,560043,4,1.5,3,91,0,0,0,1,1,Mass,12,Koramangala Branch,Bengaluru,183700,38,37.4,Life Insurance
4922,37,11,42,110066,3,0.5,3,0,0,0,0,1,1,Mass,6,Connaught Place Branch,Delhi,122200,61,34.1,Life Insurance
4923,31,5,28,110075,1,0.3,1,0,0,0,0,1,1,Mass,1,Connaught Place Branch,Delhi,69000,54,20.8,Gold Loan
4924,40,15,73,160095,3,3.0,1,0,0,0,0,1,1,Mass Affluent,4,IT Park Branch,Chandigarh,228500,64,49.1,Home Loan
4925,36,12,89,500013,2,2.7,1,0,0,0,0,0,0,Mass Affluent,7,Hitech City Branch,Hyderabad,247400,70,57.7,Credit Card
4926,64,39,82,560085,4,3.4,2,0,0,0,0,1,0,Mass Affluent,3,Indiranagar Branch,Bengaluru,212900,69,51.2,Credit Card
4927,37,13,83,110057,2,1.7,2,0,0,0,0,0,1,Mass Affluent,11,Dwarka Branch,Delhi,295700,75,62.5,Home Loan
4928,43,19,121,500099,1,0.7,2,0,1,0,1,1,1,Affluent,21,Secunderabad Branch,Hyderabad,705700,83,79.2,Mutual Funds
4929,57,33,28,700039,1,1.2,3,98,0,0,0,1,0,Mass,8,Park Street Branch,Kolkata,124500,48,30.4,Life Insurance
4930,62,36,39,110096,2,0.3,1,0,0,0,0,1,0,Mass,7,Connaught Place Branch,Delhi,74400,70,31.1,Life Insurance
4931,63,38,110,380025,3,1.8,2,109,0,0,0,1,0,Affluent,10,Maninagar Branch,Ahmedabad,459800,80,71.5,Fixed Deposit
4932,57,27,55,411070,1,1.4,3,0,0,0,0,1,0,Mass,7,Hinjewadi Branch,Pune,129000,65,39.3,Life Insurance
4933,59,35,111,380025,1,4.3,1,0,0,0,0,1,0,Affluent,6,Satellite Branch,Ahmedabad,404700,81,70.1,Fixed Deposit
4934,47,23,94,110057,1,4.7,1,0,0,0,0,1,1,Affluent,4,Connaught Place Branch,Delhi,375900,74,63.1,Personal Loan
4935,26,0,85,411078,2,1.6,3,0,0,0,0,1,1,Mass Affluent,1,Hinjewadi Branch,Pune,216900,70,49.2,Home Loan
4936,59,33,81,400043,2,1.4,1,0,0,0,0,1,0,Mass Affluent,24,Andheri East Branch,Mumbai,324100,75,73.7,Credit Card
4937,45,20,94,560031,3,0.5,3,0,0,0,0,0,0,Mass Affluent,11,Whitefield Branch,Bengaluru,244800,82,63.3,Credit Card
4938,33,8,162,700032,1,8.6,1,0,0,0,1,1,1,HNI,8,Salt Lake Branch,Kolkata,1149100,81,77.7,Home Loan
4939,61,35,80,411009,4,1.7,3,0,0,0,0,1,0,Mass Affluent,12,Viman Nagar Branch,Pune,243600,74,60.1,Credit Card
4940,54,29,70,110082,3,2.0,2,116,0,0,0,1,1,Mass Affluent,14,Connaught Place Branch,Delhi,417000,72,66.2,Life Insurance
4941,46,22,19,226004,3,0.5,1,0,0,0,0,1,0,Mass,9,Gomti Nagar Branch,Lucknow,22300,45,18.3,Credit Card
4942,28,4,112,400057,2,1.6,2,0,1,0,0,1,0,Affluent,3,Fort Branch,Mumbai,284000,63,55.5,Fixed Deposit
4943,52,26,109,600055,1,2.4,1,308,0,0,1,1,1,Affluent,14,OMR Branch,Chennai,752500,88,76.5,Life Insurance
4944,26,0,12,395006,1,0.1,2,0,0,0,0,1,0,Mass,4,Ring Road Branch,Surat,18700,51,16.0,Credit Card
4945,49,24,33,500059,3,1.7,2,0,0,0,0,1,0,Mass,11,Secunderabad Branch,Hyderabad,75900,53,28.7,Life Insurance
4946,42,18,49,380012,2,1.7,1,106,0,0,0,0,1,Mass,9,Maninagar Branch,Ahmedabad,231400,53,46.1,Life Insurance
4947,51,26,42,600038,1,1.3,2,0,0,0,0,1,0,Mass,13,T Nagar Branch,Chennai,103400,62,37.3,Life Insurance
4948,39,13,41,380033,2,0.3,1,108,0,0,0,1,1,Mass,12,Satellite Branch,Ahmedabad,212700,56,46.1,Life Insurance
4949,44,20,43,411008,1,0.7,1,0,0,0,0,0,1,Mass,18,Hinjewadi Branch,Pune,179200,70,50.9,Mutual Funds
4950,29,5,64,411054,4,0.0,1,249,0,0,0,0,1,Mass Affluent,4,Hinjewadi Branch,Pune,193300,63,43.0,Auto Loan
4951,47,23,19,110030,1,1.0,1,0,0,0,0,0,1,Mass,19,Dwarka Branch,Delhi,99100,48,33.0,Gold Loan
4952,53,27,65,700098,1,2.2,3,0,0,0,0,1,1,Mass Affluent,16,Howrah Branch,Kolkata,304800,70,63.1,Life Insurance
4953,29,3,53,110044,4,1.8,3,0,0,0,0,1,0,Mass,2,Dwarka Branch,Delhi,91900,55,29.0,Credit Card
4954,47,21,32,395040,3,1.5,1,75,0,0,0,1,0,Mass,11,Vesu Branch,Surat,150400,49,36.3,Credit Card
4955,45,19,22,110051,3,1.5,1,0,0,0,0,1,1,Mass,15,Karol Bagh Branch,Delhi,110000,39,30.1,Life Insurance
4956,63,37,39,110005,2,0.7,3,0,0,0,0,1,1,Mass,7,Dwarka Branch,Delhi,128800,67,36.4,Life Insurance
4957,39,13,59,226071,4,0.2,3,0,0,1,0,0,1,Mass Affluent,11,Hazratganj Branch,Lucknow,220300,69,51.2,Life Insurance
4958,29,-1,50,110027,2,1.75,3,0,0,0,0,0,1,Mass,4,Dwarka Branch,Delhi,137100,56,34.4,Home Loan
4959,50,26,19,560052,1,0.9,3,0,0,0,0,0,0,Mass,22,Koramangala Branch,Bengaluru,38900,48,28.2,Credit Card
4960,51,27,55,700030,1,1.6,2,197,0,1,0,1,0,Mass Affluent,5,Howrah Branch,Kolkata,260600,70,50.9,Life Insurance
4961,58,28,81,110020,1,3.0,3,0,0,0,0,1,0,Mass Affluent,7,Connaught Place Branch,Delhi,242400,75,57.4,Credit Card
4962,39,14,108,110043,3,1.2,3,0,0,0,0,1,1,Mass Affluent,10,Dwarka Branch,Delhi,370200,73,66.7,Fixed Deposit
4963,46,20,122,500099,3,3.0,3,0,1,0,1,1,1,Affluent,17,Hitech City Branch,Hyderabad,788800,75,75.8,Mutual Funds
4964,32,6,98,110021,2,4.5,3,306,0,0,0,0,0,Affluent,8,Dwarka Branch,Delhi,418500,61,64.1,Credit Card
4965,53,27,110,110011,1,4.9,1,0,0,0,0,1,0,Affluent,22,Connaught Place Branch,Delhi,630000,75,83.5,Fixed Deposit
4966,29,5,33,400017,1,1.8,2,78,0,0,0,1,0,Mass,6,Bandra West Branch,Mumbai,125800,41,28.3,Credit Card
4967,41,17,34,560007,1,0.7,1,143,0,0,0,0,0,Mass,17,Koramangala Branch,Bengaluru,163500,53,42.7,Credit Card
4968,41,16,69,560055,1,0.1,2,0,0,0,0,1,0,Mass,5,Indiranagar Branch,Bengaluru,130900,71,41.4,Credit Card
4969,58,32,41,400033,4,2.5,1,0,0,0,0,1,1,Mass,24,Andheri East Branch,Mumbai,223600,54,54.9,Life Insurance
4970,45,19,60,600009,2,0.4,3,250,0,0,0,1,0,Mass,14,OMR Branch,Chennai,249500,67,56.3,Credit Card
4971,37,13,95,411032,2,1.7,2,0,0,0,0,0,1,Mass Affluent,9,Kothrud Branch,Pune,317300,75,63.7,Home Loan
4972,58,28,73,400023,1,1.4,3,0,0,1,0,0,0,Mass Affluent,8,Bandra West Branch,Mumbai,252900,84,58.5,Credit Card
4973,58,32,41,560002,3,2.2,3,148,0,0,0,1,1,Mass,24,Koramangala Branch,Bengaluru,363900,55,63.6,Life Insurance
4974,31,1,68,226024,4,4.0,3,0,0,0,0,1,0,Mass Affluent,3,Gomti Nagar Branch,Lucknow,160300,52,39.0,Credit Card
4975,59,33,64,600095,4,1.7,2,0,0,0,0,0,1,Mass Affluent,19,Anna Nagar Branch,Chennai,286000,72,64.0,Life Insurance
4976,38,11,29,560048,4,1.0,2,0,0,0,0,1,0,Mass,4,Whitefield Branch,Bengaluru,46600,46,19.2,Life Insurance
4977,29,5,31,500056,1,1.8,2,0,0,0,0,1,1,Mass,2,Secunderabad Branch,Hyderabad,89400,44,22.0,Gold Loan
4978,40,15,54,110048,3,0.8,3,0,0,0,0,1,0,Mass,8,Karol Bagh Branch,Delhi,115700,64,37.9,Credit Card
4979,57,27,63,302048,4,2.0,3,0,0,0,0,1,0,Mass Affluent,22,Malviya Nagar Branch,Jaipur,231900,65,61.0,Credit Card
4980,50,26,92,682011,1,2.6,2,213,0,0,0,0,1,Mass Affluent,20,Kakkanad Branch,Kochi,582600,70,74.8,Fixed Deposit
4981,29,5,135,682055,3,5.3,1,0,1,0,1,1,1,Affluent,1,MG Road Kochi Branch,Kochi,591400,68,61.8,Mutual Funds
4982,34,9,195,110092,2,3.0,1,122,0,0,0,1,0,HNI,9,Dwarka Branch,Delhi,923200,88,82.4,Fixed Deposit
4983,36,10,45,560063,4,0.2,1,0,0,0,0,0,1,Mass,10,Koramangala Branch,Bengaluru,119800,60,36.5,Life Insurance
4984,51,26,72,110023,1,2.9,1,0,0,0,0,0,0,Mass Affluent,11,Karol Bagh Branch,Delhi,220000,73,56.5,Credit Card
4985,27,1,98,560073,4,2.3,3,0,0,0,0,0,1,Mass Affluent,3,Koramangala Branch,Bengaluru,270000,69,55.3,Home Loan
4986,48,23,30,560093,3,1.7,2,162,0,0,0,1,0,Mass,8,Whitefield Branch,Bengaluru,137300,39,30.0,Life Insurance
4987,32,6,78,411090,1,2.9,3,0,0,0,0,0,0,Mass Affluent,8,Kothrud Branch,Pune,202700,61,50.3,Credit Card
4988,48,23,43,110059,3,1.7,2,159,0,0,0,1,0,Mass,7,Karol Bagh Branch,Delhi,171000,55,39.5,Life Insurance
4989,34,8,85,682040,1,2.5,1,136,0,0,0,0,1,Mass Affluent,8,Kakkanad Branch,Kochi,386000,70,62.2,Mutual Funds
4990,24,0,38,400088,1,1.0,3,0,0,0,0,1,0,Mass,2,Andheri East Branch,Mumbai,59200,52,21.8,Credit Card
4991,55,25,58,400067,4,2.0,3,219,0,0,0,0,1,Mass Affluent,20,Andheri East Branch,Mumbai,361400,55,62.5,Life Insurance
4992,51,25,92,226084,1,1.9,2,100,0,0,0,0,1,Mass Affluent,20,Hazratganj Branch,Lucknow,569800,80,77.1,Life Insurance
4993,30,5,13,700066,4,0.5,3,0,0,0,0,0,0,Mass,8,Howrah Branch,Kolkata,12000,38,14.8,Credit Card
4994,45,21,218,560032,2,6.67,1,0,0,0,0,1,0,HNI,14,Indiranagar Branch,Bengaluru,1399800,84,89.2,Home Loan
4995,64,40,75,600044,3,2.0,3,0,0,0,0,1,0,Mass Affluent,13,T Nagar Branch,Chennai,235000,72,59.0,Credit Card
4996,29,3,40,110072,1,1.9,3,0,0,0,0,1,0,Mass,3,Connaught Place Branch,Delhi,67500,50,23.2,Credit Card
4997,30,4,15,110015,4,0.4,1,85,0,0,0,1,0,Mass,4,Connaught Place Branch,Delhi,72300,37,17.5,Gold Loan
4998,63,39,24,500082,2,0.3,3,0,0,0,0,0,0,Mass,22,Banjara Hills Branch,Hyderabad,49500,55,31.9,Life Insurance
4999,65,40,49,560088,3,0.5,2,0,0,0,0,1,0,Mass,6,Indiranagar Branch,Bengaluru,100200,68,35.2,Life Insurance
5000,28,4,83,600036,3,0.8,1,0,0,0,0,1,1,Mass Affluent,2,T Nagar Branch,Chennai,212200,74,49.9,Home Loan
